complaint_id,date_received,product,issue,company,state,narrative
8734576,2024-04-09,Checking or savings account,Managing an account,WELLS FARGO & COMPANY,ID,"on XX/XX/XXXX two ( 2 ) checks from XXXX with the same amount of {$92.00} were deposited via a mobile deposit. Check # XXXX & check # XXXX were deposited. On XX/XX/XXXX Wells Fargo debited the account, stating that the check was posted twice. On XX/XX/XXXX the back then posted a debit return to the account in the amount of {$180.00} ( {$92.00} x 2 ) because of a 3rd party deposit that was not acceptable. Therefore, a total of {$180.00} was deposited by {$270.00} was debited back against the account. We have contacted the bank personally to no avail. We issued a complaint with the bank, which they informed us that the check was a duplicate deposit, which it is not give the two different check numbers that were originally issued. We went back to the bank again and are still unable to get them to see the error and that they owe us back {$92.00}."
8839760,2024-04-23,Checking or savings account,Managing an account,JPMORGAN CHASE & CO.,CA,"On XX/XX/2023, A rep from Chase bank called me to alert me about potential fraud. I spent about 30-45 minutes on the phone. After I kept being put on hold, I immediately hung up and waited for my local branch to open. I went o Chase Bank in XXXX XXXX Ca and spoke to XXXX XXXX. I have had over 10 visits since then trying to revolve the {$500.00} electronic wire fruad that occurred. I believe this was an inside job within Chase. I have never received any true letter of an investigation. Chase has the nameof the bank that received the wire ( XXXX XXXX  XXXX XXXX ) and person who did this wire. I have Never initiated a wire with Chase in the entire time I have banked with them. They told me no one would respond from XXXX XXXX. Then name of the person who received the funds is listed. There was NO action to assist me from Chase Bank. I sent letters, copies of my call logs where the number says JO MORGAN CHASE."
9069883,2024-05-22,Checking or savings account,Managing an account,WELLS FARGO & COMPANY,NC,"On XXXX XX/XX/XXXX I was notified by text of suspicious activity on my Wells Fargo checking account that asked if I authorized a {$2400.00} payment on XXXX payment. Please respond yes or no, so I, of course, replied no. In response, the next text said that someone would be contacting me shortly. ( Texts included as attachment ) I then received a call from a professional individual posing as a Wells Fargo agent who proceeded to help with the charge. The number was a fake - ( XXXX XXXX ). They then requested user name and password to the online banking app so they can temporarily secure the account for 24 hours. I did provide the information with the impression that this individual was a legitimate representative of Wells Fargo. They also provided a temporary passcode and requested the debit card number. In the next few minutes they moved what was in my savings account into the checking account and someone at an atm in XXXX, NC made three withdrawals of {$200.00} each. The location of this atm showed up on my banking app under the transactions. This happened to be about an hour south of where I live. 

The following day on XX/XX/XXXX I called the fraud division of Wells Fargo to follow up on the incident and discovered they had no record of any contact with me regarding the previous day. I gave the agent all of the info I had about what had happened and they issued a new debit card for me. I then filed a fraud claim with Wells Fargo through the proper channels and then waited several days for a reply. The decision they reached was that there was no fraud and either myself or someone I know was allowed to use my card to make the withdrawals. I received that news by letter. ( see attachment ) I am XXXX XXXX XXXX, live alone, no children, grandchildren, and the nearest family is XXXX miles away. No one ever uses my card ever. 

On Sunday the XXXX of XXXX I notified the XXXX, NC police department since that was the location of the withdrawal. I spoke with XXXX XXXX XXXX and relayed all of the information to him. Phone XXXX XXXX XXXX. He turned the information over to investigations. Case # XXXX XXXX XXXX called back on XX/XX/XXXX, ( XXXX ) XXXX XXXX ), to get my debit card number used in the fraud, which he then relayed to the local Wells Fargo office security there so they could review video at the atm on that day. It is still ongoing."
9188709,2024-06-05,Checking or savings account,Managing an account,"GOLDEN 1 CREDIT UNION, THE",CA,"Hi, so my XXXX XXXX was used to purchase various XXXX  and XXXX  instore purchases. I Do NOT buy this so much. They are ripping me off."
9251639,2024-06-14,Checking or savings account,Managing an account,TD BANK US HOLDING COMPANY,MA,"Ive used my debit card ( TD Bank ) to put gas on my car. 
XX/XX/XXXXXXXX  approx XXXX from XXXX XXXX XXXX XXXX. The machine prompted me to put my PIN the in the transaction. My total purchase was {$11.00} on regular gas for XXXX XXXX. 
Surprised to see {$150.00} posted on my account on debit card plus another transaction {$11.00} both from XXXX XXXX XXXX XXXX  XXXX. 
I called on TD Bank to help me dispute the transaction. Temporarily credited me for {$150.00}. 
Yesterday XXXXReceived a letter from TD bank stating they have reviewed the claim and it was authorized by me. They will reverse the previously credited {$150.00} to me. 
XX/XX/XXXX, I went to TD Bank XXXX and spoke to XXXX ( he did not introduced himself, so I dont know his last name ) I explained that it was a fuel gas transaction and explained that I did not get any receipt from transaction. He spoke to someone on the phone and mentioned that the XXXX transaction was XX/XX/XXXX {$150.00} was at XXXX and XX/XX/XXXX {$11.00} was at XXXX. Which does not make any sense if you are buying gas and it was on their records that it was XXXX mins apart. Asked me to go to XXXX XXXX XXXX  and get a receipt. 
XXXX mentioned that someone tried to contact me as well on XX/XX/XXXX, to get more evidence of my claim. I showed him my phone, no message left for XXXX. 
I went to XXXX XXXX XXXX and was told they would find someone to check on the transaction. Still waiting for answer on that. 
My vehicle is XXXX, it wont fit a {$150.00} amount of fuel/gas. I was trying to explain that to TD Bank. 
Please help me with my claim. 
Thank you"
9417480,2024-07-03,Checking or savings account,Managing an account,"CITIBANK, N.A.",FL,"My husband opened a joint checking account for us. The bank had blocked this account with our money on it and dont let us deposit them or do any other actions. Weve contacted their customer service, they only promise us that they will send us a verification code by the regular mail but we never receive any response back. Since them we moved to other place and dont have access to mail from that location."
9483371,2024-07-11,Checking or savings account,Problem caused by your funds being low,WELLS FARGO & COMPANY,NE,"I was scammed by someone who wrote bad checks and I got gift cards, not knowing they were fraudulent. They totaled XXXX XXXX. Filed a complaint with Wells Fargo on XXXX  XX/XX/XXXX. Called Wells Fargo today and they said since I particular in the scam I'm stuck paying."
9562368,2024-07-19,Checking or savings account,Problem caused by your funds being low,"BANK OF AMERICA, NATIONAL ASSOCIATION",MO,"Bank of America stole {$300.00} from my checking account on XX/XX/year> and then lied about it. A manager told me a transaction was paid for around {$160.00} worth, even though there was supposedly insufficient funds in our account. They've NEVER done this before. Furthermore, last night around XXXX I checked our account and it was in the black by XXXX XXXXXXXXThis was yesterday XX/XX/year>. Today, XX/XX/year> I've got an account so messed up. My XXXX had to take {$300.00} out of savings to cover this error. A {$50.00} transfer from one account to another, all of a sudden had to be verified. This has never happened before. So. basically, I check my account last night, everythings fine. This morning, I'm {$300.00} short because of their negligence. XXXX XXXX, president of private banking, I want my {$300.00} back!!"
9605148,2024-07-24,Checking or savings account,Managing an account,REGIONS FINANCIAL CORPORATION,AL,"There was an unauthorized transaction made on my account ending in XXXX on XXXX  to a place named XXXX in XXXX, AL. I informed the bank that this was not me. I reported my card as stolen as soon as I found out. 

My claim was denied by the bank, and their reason for denying the claim is my card was physically present at the location. Ive never been to this establishment. I have not given my card or card information to anyone."
9799858,2024-08-14,Checking or savings account,Opening an account,"Early Warning Services, LLC",FL,"Al information is in my docs that im sending, I can't open an account at all"
10001309,2024-09-03,Checking or savings account,Managing an account,WELLS FARGO & COMPANY,PA,"Appeal I need my claim dispute to be reopen because when I did send yall the documents to XXXX on XX/XX/year> at XXXX XXXX yall never received them or upload them to my case and please dont take the provisional credit out on the account on XXXX until the investigation is final and done over and completed etc. 

My name is XXXX XXXX XXXX please upload these documents to my case reference # : XXXX And claim number XXXX use these new documents don't use the other one I sent please etc claim number is XXXX My name is XXXX XXXX XXXX and contact me at XXXX and account number is XXXX etc"
10055838,2024-09-09,Checking or savings account,Managing an account,GOLDMAN SACHS BANK USA,CA,"On XX/XX/year>, I created a savings account with Marcus by Goldman Sachs after being referred by my sister and using her referral link. I have been wanting to open a savings account since I wanted to save some of my funds and pay for tuition. 
I scheduled a disbursement and transfer of {$5000.00} from a separate checking account into the Marcus savings account to occur on XX/XX/year>. I received a confirmation email of my transfer request on XX/XX/year> and was able to access my account through login and see that the {$5000.00} was shown in the account. On XX/XX/year>, I received an email stating that my statement preferences had changed without my request. I attempted to log into my savings account on the mobile Marcus app and saw that my account was temporarily locked. I confirmed with my checking account that the {$5000.00} was transferred successfully ; however, when I checked my account on the Marcus desktop website, it still showed that my Marcus savings account was temporarily locked. 

On XX/XX/year>, I called the savings account customer service number they provided ( XXXX ) and stated my information that they asked for : my first and last name, date of birth, last four digits of my social security number, and my secret word for the account. After being transferred to another department, I was told by a representative that they could not verify me since they were unable to send a one-time verification code to my phone number or from my drivers license due to my state ( California ) not authorizing it. They also stated that they do not have the ability to send a verification code to my email and do not have any other verification methods besides the phone number and the drivers license. 

I was told that a case would be made and I would receive a callback between XXXX days from XXXX. I called again on XX/XX/year> for an update and was told that the case was still under review and it could now take either XXXX or XXXX days to be reviewed and acted upon. I called several more times between XXXX and was told that I was unable to contact the department that was handling the case, which was later confirmed to be the verification department, due to privacy reasons or lack of access on the Marcus representatives end. Throughout my numerous phone calls, I was not given any reasons as to why my account was locked. I asked them if they could alter any information, such as the email address or phone number associated with the account and they said they were unable to change anything in the account nor close the account. The most confusing statement was that the process could take XXXX days, XXXX days, or even XXXX days from either the day the case was filed or from the day I called. It did not help that I was always transferred to a different person and told I could not be directly connected to a representative I talked to previously. 

Even amongst all the confusion, I was able to contact a supervisor who told me that they expedited the case and that I should receive a response between an additional XXXX business days. To note, by this point I have not received a callback or response for 10 days. 

I called again on XX/XX/year> and was still unable to be verified from my phone number or drivers license and no new verification methods were provided to me. A specialist told me that they contacted the other team and told me that a new case and complaint would be filed. However, on the same day, a supervisor, XXXX, told me that their team has no way of contacting the verification department and that I have to wait for a callback or update for an undetermined amount of time. The reason she gave for the undetermined waiting time was that the estimated XXXX days and the additional expedited XXXX business days had already passed. The only thing that their team was able to do was have my complaint notarized. I called one last time on XX/XX/year> and a specialist named XXXX told me that there was nothing they could do since they were unable to bypass the lockout without the verification. She also confirmed that the time to wait for a callback or response was undetermined. 

XXXX  days later, and I am upset that I am still unable to access my funds and do not know the reason for the lockout. I now only want to have my {$5000.00} transferred back to the original checking account so I am able to pay for my tuition."
10083051,2024-09-11,Checking or savings account,Problem with a lender or other company charging your account,NAVY FEDERAL CREDIT UNION,IL,My card had unauthorized charges. Im in the military my phone was also compromised. Navy federal gave credits and took them. They are so unfair they never fight for me fdic insured and small amounts. They always charge me back. I want my money back asap.
10358730,2024-10-05,Checking or savings account,Managing an account,"HUNTINGTON NATIONAL BANK, THE",WI,"This is XXXX XXXX, Huntington had debited my account for {$2200.00}, my account was closed and the balance or these funds was not returned to me, I am writing to request that the {$2200.00} be returned to the rightful owner ( Me ), so that I may have access to the funds.

I have tried calling, emailing, and chatting, and no one will tell me why huntington had debited these funds or would not return them. 

I would like these returned or steps to take to get these back"
10381542,2024-10-08,Checking or savings account,Managing an account,GOLDMAN SACHS BANK USA,OH,"Complaint : The major complaint is that we opened a joint account and it is not treated as a joint account -- -it has restrictions and, as a result, we dont have access to our money. Other complaints are that this issue has not been resolved in a clear and timely manner ( As of XX/XX/XXXX its still not resolved ). And finally, their treatment of a XXXX XXXX XXXX woman is appalling. 

Details : In 2020 we opened a joint account with my mom, XXXX, and myself, XXXX, as joint holders. And since 2020 my sister, XXXX assisted my mom with electronic banking using her own cell phone and email since XXXX has neither making changes to the date of direct deposit, increasing the amount, and adding extra direct deposits with no problem. At the end of XXXX, After making a recent change to the direct deposit electronically, XXXX received a call from the bank on XX/XX/XXXX saying the account was restricted. XXXX XXXX was told we needed XXXX on the phone to approve someone else making changes. When my XXXX XXXX XXXX mother was on the phone she gave her SS #, date of birth, etc. but, after XXXX minutes of interrogation, she broke down crying, After this didnt work and more conversation my sister was told on XX/XX/XXXX that they needed a XXXX  -- -Power of Attorney as well as my XXXX  -- -Affidavit of Identity that they would mail. XXXX sent the XXXX and waited for the XXXX. On XX/XX/XXXX she called Marcus and found out they hadnt even sent the XXXX yet and had not done anything with the XXXX  that they had already received. They then processed the XXXX  only to tell her they needed the original. They should have told her that at the beginning. Over a period of XXXX  days, XXXX phone calls and XXXX hours on the phone the problem was still not resolved. 

On XXXX I called Marcus since it is my joint account. I told them I wanted to make a change in the direct deposit. After giving all required ID info, he took down all the changes, verified it and when it was submitted he stated the account was frozen. He could not tell me why. I was then connected to XXXX, a supervisor. all she would tell me was there were restrictions and mom needed to get on the phone. I explained that wasnt possible since that had already failed. I was not getting mom on the phone again and she would not give any other solution. Finally she turned me over to document XXXX XXXX. I asked about how to send an acceptable XXXX. he said it needed to be certified ( or notarized ). I told him I couldnt send the original because i needed it. I asked him if it would be acceptable if I copied the original and had XXXX sign it again and have it notarized again. He said that is acceptable. I asked again and he confirmed it was good. At this point I still had not received the XXXX. When I asked why a joint account needed a XXXX  when I was a joint holder who has equal access to the account, he said I might think thats how a bank was run but it isnt. After XXXX minutes on the phone nothing was resolved. All XXXX people I talked to confirmed it was a joint account. 

When i received the XXXX on XXXX XXXX I filled out both the XXXX and XXXX had them notarized and sent certified mail on XXXX XXXX. Marcus received it on XX/XX/XXXX. I hadnt heard anything so I called Marcus on XX/XX/XXXX. They hadnt uploaded it until XXXX XXXX and it will take XXXX business days to process. he next day I called Marcus because they had called me and I thought they had some news about the joint .account only to find out nothing was new Later I read Marcuss response to an earlier complaint my sister, XXXX XXXX had filed on behalf of my mother and it said Marcus was waiting for my XXXX XXXX. when was XXXX going to tell me that. We were told at the beginning we needed my Affidavit of Identity not XXXX 's. We only received XXXX XXXX on XXXX XXXX. After XXXX hours on the phone I also was told the XXXX probably wouldn't work after being told XXXX  that it would and I sent it in. Now they say we need another one! So it has been over a month, over XXXX phone calls and at least XXXX hours on the phone and we have no solution other than either get my XXXX XXXX XXXX mom on the phone which did not work or continue to fill out forms only to find out the form is not acceptable or a new form is required. I will send in an Affidavit of Identity for my Mom but I dont know what to do about the Power of Attorney. But, after all of this there will probably still be another new requirement in order to access the joint account In conclusion, I can not access my joint account even though I have supplied all the necessary identity requirements. We would never have opened the account if we knew a XXXX, now XXXX XXXX XXXX woman would have to give permission to handle a joint account. As a result my mom now has several overdue"
10594355,2024-10-27,Checking or savings account,Managing an account,JPMORGAN CHASE & CO.,CO,"I had a mortgage with Chase. I sold my condo on XXXX. I was told on XXXX "" We'll mail you a refund You'll receive a check for an estimated {$4100.00} by XX/XX/XXXX, for the extra funds we received on your account. '' On XX/XX/XXXX I called chase, found they sent my check to the place I sold. I asked on XX/XX/XXXX if they could deposit the money into my Chase savings account. I was told YES and it would take 2-3 business days. 

On XX/XX/XXXX I called and asked where my money was since it had been 3 business days. I was told it 'was in progress ' and that it would be in the account by XX/XX/XXXX. 

On XX/XX/XXXX I called in, spoke to a 'supervisor ' who said it would be there by the end of the day ( a friday ). I asked what I should do if it doesn't arrive, he said "" call us Saturday we work then too ''. 

On XX/XX/XXXX ( Saturday ) I called back. I spoke to yet another supervisor who told me he had no clue where my money was and that it wasn't his problem to help me. He kept talked about "" us '' and "" them '' ( meaning mortgage and checking depts ). He told me he'd email someone but told me no one works weekends. 

It seems unfair that they can keep my money from me without having to pay some kind of penalty. we are talking about them stealing over XXXX $ from me, money they agree is mine, but money they won't give me. 

If I missed a payment to Chase, I would get heavily penalized from them. Is there any way to have Chase penalized for stealing my money?"
10637558,2024-10-31,Checking or savings account,Managing an account,JPMORGAN CHASE & CO.,CA,"On XX/XX/XXXX through the XXXX i was at a XXXX XXXXl. On XX/XX/XXXX I had my phone stolen, along with my ID, personal information, and all of my debit/credit cards. Whoever stole it went and made purchases with vendors who were working at the same festival I was at. I know this because on XXXX of my bank transactions it shows a website, and when i looked up that website XXXX it looks like XXXX XXXX merchandise from similar vendors who were there. So I assumed when they paid with the merchant that they just charged my debit card as a credit to bypass the pin. I was unable to get into my bank app to freeze my cards the evening it happened because i had my phone stolen, and couldnt login with another phone because it needed my phone number to send a verification code. By the time I left the festival, all of the Chase banks were closed. I couldnt contact Chase banks customer service due to the hurricanes happening so there was no one I could talk to. I went to the bank the next morning ( XX/XX/XXXX ) and they were unable to do anything in person because I didnt have my ID, but gave me a number to call. They provided me with temporary funds to make up for what the thief spent when I called the number they provided, but on XX/XX/XXXX I was seeing those same fraudulent charges made in my account again. I called Chase again and they were able to reverse it once again. But because I was at a music festival for 4 days, of course I would be spending money at the same places the person who stole my card had made, and when I spoke with the fraud department they asked if I made purchases with the merchants in the past. I did end up using my new debit card number to make some purchases at the festival on XX/XX/XXXX and XXXX, but nothing through the XXXX. The event happening was outside, so there werent any cameras to prove it was someone else using my card, and these vendors dont have a physical store where I could just go in and contact them. Chase bank had told me this morning ( XX/XX/XXXX ) there was lack of evidence proving that it was fraud and to get in contact with the merchant. They said if I provide any documentation i can appeal my case, but there is no way of doing so. I have no idea how to contact any of these vendors because they were just at booths, there was no company name or contact information set up. Its not like I can go back to the festival to get any proof. This has been a nonstop nightmare dealing with this for the past few weeks."
10683404,2024-11-04,Checking or savings account,Managing an account,"WEBSTER BANK, NATIONAL ASSOCIATION",CT,"I have attached proof of assignment as Executor and a list of bank accounts. The account have been frozen and I was assured from Webster Bank employees that if I submitted the proof from the court that the restrictions on the bank accounts would be lifted. 

I submitted the proper documents to the XXXX Ct branch manager XXXX. Was told I would receive a phone call and have not. 

I left a message for XXXX on Wed, XX/XX/XXXX. I called the customer service line and they would not transfer me to the legal department. This is a simple straight forward matter and should be processed immediately. I have to respond to the probate court with exact balances and can not review them accurately due to the fact I am restricted from signing into the account. I am looking to have Webster Bank remove the restriction so I can sign in and review the accounts that they have hidden from me, including my checking ending in XXXX"
10715749,2024-11-07,Checking or savings account,Problem caused by your funds being low,ROBINHOOD MARKETS INC.,NY,"Robinhood lured me into opening a robinhood gold account without telling me there will be a monthly charge of XXXX dollars. They started charging my account without me realizing until it reached low funds and now they want to sell stocks to cover the XXXX dollars. I asked to refund me the XXXX dollars for, the past month charges as they did this without my consent and the refused"
10817437,2024-11-15,Checking or savings account,Problem with a lender or other company charging your account,"CITIBANK, N.A.",CA,"On XX/XX/year> I paid a payment of XXXX to a loan I had taken out through XXXX. On XX/XX/year> I paid off the loans taken out through XXXX in the amounts of {$500.00} and {$1000.00}. However, a couple of days later, my account had duplicate charges for the {$100.00} dated XX/XX/year> and for {$500.00} and XXXX, which pulled my account into the negative. I called Citibank to only dispute the duplicate charges and not the original charges. They assured me they wouldnt reverse the original charges. Weeks later they reversed the original charges. I then repaid XXXX on XX/XX/year> in the amounts of {$650.00} and XXXX due to now having accrued more interest because Citibank reversed the original charges that they blatantly told me they wouldnt. Then on XX/XX/year> the charge for {$100.00} was taken out of my account, on XX/XX/year> XXXX was taken out of my account and on XX/XX/year> {$500.00} was taken out of my account causing it to go negative. I called Citibank and they said the dispute was reversed and closed saying the charges were valid. I told them I already paid XXXX off and they need to refund that money to my account. They said I can only appeal the decision which will take 90 days. I called XXXX and they claim there is no overpayment and it could take 45 days for them to receive the overpayments. In the meanwhile Im out {$1600.00}. I have accrued late charges from my auto payments on other bills due to having insufficient funds. Citibank told me they wouldnt reverse the original charges and they did and because of that I had to pay more interest and now another overpayment that no one seems to want to claim they have."
10886277,2024-11-21,Checking or savings account,Managing an account,TD BANK US HOLDING COMPANY,MA,"On XXXX XX/XX/year>, TD Bank NA decided to end its relationship with me and close all my accounts due to suspected fraud. After TD Bank closed its investigation, I was told that the funds would be released to me ( no later than XXXX XX/XX/year> ) as a certified check. On XXXX XX/XX/year>, I contacted TD Bank NA to check on the status of my funds. I was told the accounts were compiled, but after XXXX XXXX, the bank lost track of my {$6900.00}. from XXXX XXXX, I contacted TD Bank Fraud , Demarketing, and Customer Service Departments and received various conflicting responses regarding the status of my funds. Finally, I went to my local branch again on XXXX XXXX. I was told that the funds would not be released to me as they were determined to be obtained fraudulently ( the funds were direct deposits of military pay, VA payments, unemployment payments, and Department of Education payments, as well as my husband 's income from the Town of XXXX, MA ). I was told that the funds were returned to "" the creditor. '' However, the above institutions have not received returned funds from TD Bank, NA."
11066487,2024-12-07,Checking or savings account,Managing an account,WELLS FARGO & COMPANY,CO,"I received a credit line for home projects from the supplier. When I went to pay the first payment I could not access the account to make a payment. When I called for assistance, they told me the account had an issue with my name and the only way to correct this was to go the branch in-person. I went to the branch and they were unable to correct the issue or give me online access to pay. The only way I can pay this bill is to go to the branch each month. I drive a tractor trailer and am not able to go to a bank during the week so I have to go on Saturdays and Wells Fargo only has XXXX branch open near me and it is a long wait and I prefer to pay online. This is a major inconvenience every month."
11174704,2024-12-16,Checking or savings account,Closing an account,JPMORGAN CHASE & CO.,CA,"Chase closed my checking account without explanation and refuses to return my {$2000.00} deposit. I opened a Chase Total Checking account on XX/XX/year> and deposited {$2000.00} from my other bank account. My husband transferred {$1.00} thru XXXX to my chase account as well. After receiving my debit card, I was unable to activate it and my account was closed. Chase customer service ( XXXX ) told me to visit a branch to retrieve my funds. 

On XX/XX/year>, I went to the Chase branch at XXXX XXXX XXXX, XXXX, XXXX  XXXX. They verified my identity but did not provide my funds. Instead, they said a check would be mailed to me within a week. I have not received the check. 

I have called Chase repeatedly, but each time I receive a different answer. I requested escalation, but no one has contacted me. 

I demand the immediate return of my {$2000.00} deposit. ''"
11202286,2024-12-18,Checking or savings account,Managing an account,ROBINHOOD MARKETS INC.,FL,"On XX/XX/XXXX, XXXX logged me out of my account and required me to change my password, as if my account had been compromised. From that point forward, they restricted my account saying Your account is under review due to unusual activity and demanded me to upload identity documents, such as my drivers license, what I did the same day. However, after uploaded it and confirmation of receipt, they stated We have received your documents. We will review your documents and notify you about your account restriction by XX/XX/XXXX ( next day ), but when you logged into the app the "" next day, '' the response date changes again, and again, and again since over then. 

Its impossible to contact them directly by phone or by email. While I can request a callback through the app, it takes around XXXX hours, and when they do call, the agents merely read from scripts and refuse to address any substantive issues or answer meaningful questions. The only action an agent did was to send a link by email to upload again the identity documents and the process started over again. I feel I am trapped in a loop with any kind of reliable information or time frame. 

Since XX/XX/XXXX, my account has been completely restricted. Ive only been allowed to close positions but can not open new ones or transfer funds to my bank account. With over {$120000.00} in cash and over {$230000.00} in stocks for a total amount of {$350000.00}, I essentially have all my funds locked in XXXX. This situation is causing me great stress as it is becoming almost impossible for me to cover my personal expenses. As I mentioned earlier, all my cash is in that account XXXX support agent who called me was disrespectful, dismissive, and abusive, treating me as if I were acting in bad faith or had done something wrong. 
I turn to the CFPB with the hope that you can assist me in this traumatic process. Thank you very much."
11213091,2024-12-19,Checking or savings account,Managing an account,"BANK OF AMERICA, NATIONAL ASSOCIATION",TX,"On XX/XX/year>, I went into the Bank of America branch to deposit a certified bank draft check. They told me upon deposit my funds would be available the following day XX/XX/year>. On XX/XX/year>XXXX  I then receive an email stating they are holding the entirety of the check until XX/XX/year>XXXX  due to information it may be returned. First off, IT IS A CERTIFIED BANK DRAFT CHECK FROM A NATIONAL CAR DEALERSHIP. Second off when I called Bank Of America on XXXX XXXX, XXXX  to get this resolved they told me that I had a new bank account which is false. My bank account has been open for over a year and their deposit disclosure that I received when I opened said bank account states that certified checks will be available next business day and they are not honoring their own disclosures. They would offer me no help whatsoever and after two hours on the phone, they hung up on me."
11260307,2024-12-25,Checking or savings account,Opening an account,JPMORGAN CHASE & CO.,FL,"XXXX XXXX XXXX XXXX XXXX XXXX XXXX XXXXL branch of Chase Bank to open a new account. Every one was professional and courteous. I opened a three month CD and a savings/ checking account via checks drawn from my XXXX XXXX  account. 
A requirement for the Total Checking account at Chase is either direct deposits by an employer or government agency. I commented that it would not be a problem because I receive social security benefits and I would transfer the direct deposits from XXXX XXXX to Chase. 
What occurred is the basis of my complaint. 
That following Monday, I contacted Social Security to change my benefits from being deposited to XXXX XXXX Chase. I was alarmed to learn that it had been done already - by the bank. I sent an email to the branch manager and the gentleman who opened my accounts inquiring as to who did this transfer. The day passed with no response. That gave me concern. The following day I called Chases fraud department inquiring who had done the transfer. They could not give me that information, but it apparently is a service the bank provides. 
Now maybe this was mentioned to me when I was at the bank, but without signing a document giving the bank explicit authority to do the transfer, I did not think it would be possible, but apparently it is. I believe this practice is a red flag for possible fraudulent transfers. 
For example, I could not change my dividend deposits, which involve a much smaller amount than my monthly social security deposits, without putting the request in writing and returned to XXXX. 
As a consumer and an XXXX, I believe this practice at Chase needs to cease. I believe a risk management procedure, something akin to having an express written approval form for authorizing any such transfers be used for the future. If such a form was included in the disclosures I signed at the bank, I did not receive a copy, nor was I aware that this would be done without my calling social security first to authorize. Any paper work following the phone call, if needed, could be provided by the bank. 
Please note that in a few days, I did receive a polite and professional phone call from the banker to discuss and I learned this is a practice provided by the bank as a courtesy. I believe this should be reconsidered. 
Thank you."
11264351,2024-12-25,Checking or savings account,Managing an account,"CITIBANK, N.A.",NY,"To Whom It May Concern : My name is XXXX XXXX XXXX XXXX card ending in XXXX. 

As of XXXX my last transaction was with XXXX which left the available balance on my account in the amount of {$560.00}. 

Please note that there were NOT any other transactions after the XXXX payment made with my card ending in XXXX from XX/XX/year> into XXXX. 

Please note that I went into my bank account on XXXX and I noticed that I was missing {$62.00} from my bank account account. 

The mathematical error I do not believe to have been incurred by me. I write all my transactions and can confirm that on the night of XXXX the remaining available balance was that of {$560.00}. 

Therefore, the {$62.00} is missing or a transaction was omitted from my account. 

I spoke to the Dispute department and she was able to confirm that on XXXX the remaining balance was that of {$560.00}. 

Please locate the missing {$62.00} as I did not make another transaction with my card ending in XXXX. 

I did make a current CITI transfer of {$300.00} to an XXXX XXXX on XXXX. 

Thank you for your time, XXXX XXXX XXXX XXXX"
11357934,2025-01-02,Checking or savings account,Managing an account,SOUTHSTATE BANK CORPORATION,FL,"my account with XXXX Bank was closed I was expecting a prompt return of my funds. However, it's been several months and the bank continues to hold my money. Despite numerous attempts to contact the bank 's customer service via phone and email, I've received inconsistent and unclear explanations for the delay. The bank 's lack of transparency and accountability has caused me significant distress and financial hardship. I've requested updates and a clear timeline for the release of my funds, but the bank has failed to provide a satisfactory response. I believe the bank 's actions are unfair and deceptive, and I'm requesting the CFPB 's assistance in resolving this matter and securing the return of my funds."
11464304,2025-01-10,Checking or savings account,Managing an account,JPMORGAN CHASE & CO.,TX,"I ordered merchandise from XXXX, and it was never delivered. I received email after email and text after text stating that the items were returned to the sender. I asked XXXX for a refund and it was never provided so I disputed the charge with my bank XXXXHASE. When I started the dispute, I asked the Chase Rep If I could send paperwork proving my point and I was told No need. I continued to try to get XXXX to provide refund and they stop speaking to me and told me i needed to talk to my bank. I received a letter on Saturday from Chase telling me the temp credit I received would be recouped. Since then, I've been on the phone with Chase every single day speaking to representatives trying to get the issue resolved meanwhile my checking account is overdrawn by - {$210.00}."
11541725,2025-01-16,Checking or savings account,Problem caused by your funds being low,NAVY FEDERAL CREDIT UNION,MD,"I am writing to file a complaint against Navy Federal Credit Union regarding multiple overdraft fee I have incurred. Despite having sufficient funds when transactions were authorized, I was charged fees due to lagged posting of charges and credits. This issue aligns with recent CFPB findings against Navy Federal for similar practices, where transactions settled with insufficient balance despite initially available funds. I believe these practices are unfair and request an investigation into my account transactions."
11542325,2025-01-16,Checking or savings account,Problem caused by your funds being low,NAVY FEDERAL CREDIT UNION,LA,Funds going through with no money in .excessive overdraft fees
11572160,2025-01-17,Checking or savings account,Problem caused by your funds being low,NAVY FEDERAL CREDIT UNION,VA,"I am writing to file a complaint against Navy Federal Credit Union regarding multiple overdraft fees I have incurred. Despite having sufficient funds when transactions were authorized, I was charged fees due to lagging posting of charges and credits. This issue aligns with the recent CFPB findings against Navy Federal for similar practices, where transactions settled with insufficient balances despite initial available funds. I believe these practices are unfair and request an investigation into my account transactions."
11582159,2025-01-16,Checking or savings account,Problem caused by your funds being low,NAVY FEDERAL CREDIT UNION,GA,Several times I was charged for overdraft fees even though I corrected the issue of my balance. I also had outsider where they let debit cards transactions go through when I had an affirmative draft then would charge for each transaction {$29.00}.
11586677,2025-01-20,Checking or savings account,Managing an account,IDAHO CENTRAL CREDIT UNION,ID,"I am filing this complaint regarding a serious issue with Idaho Central Credit Union ( ICCU ). On or a few weeks after XX/XX/XXXX, I visited an ICCU branch to request that my bank accounts be fully transferred under my sole ownership, removing my parents ' access as I had reached legal adulthood. The bank staff assured me that the accounts were successfully transitioned to my name only. 

However, I recently discoverednearly a year laterthat my parents still had access to my accounts without my knowledge or consent. They were able to view my financial transactions and have questioned me about my purchases. This unauthorized access constitutes a significant breach of my privacy and financial autonomy. 

I have made multiple attempts to contact the bank to address this issue, but I have been unable to get in touch with them for a resolution. Despite my efforts to reach out through phone calls and other means, I have not received any assistance or clarification regarding why my request was not properly fulfilled. 

I am seeking the following resolutions : Immediate confirmation in writing that my parents access has been fully revoked and no further unauthorized parties can access my accounts.

A full investigation into how and why my request was not properly executed.

Potential compensation for the distress and privacy violation caused by this oversight.

I request that the CFPB intervene to ensure ICCU complies with banking regulations regarding account privacy and customer requests.

Bank Information : Bank Name : Idaho Central Credit Union Branch Location : XXXX XXXX XXXX XXXX, XXXX XXXX XXXX Account Type ( XXXX ) : [ Savings, etc. ] Date of Issue : XX/XX/XXXX Personal Information : Name : XXXX XXXX XXXX Contact Information : XXXX XXXX Thank you for your assistance in resolving this matter. 

Sincerely, [ Your Full Name ]"
11620125,2025-01-20,Checking or savings account,Problem caused by your funds being low,NAVY FEDERAL CREDIT UNION,TX,"I am writing to file a compliant against Navy federal credit union regarding multiple overdraft fees i have incurred. Despite having sufficient funds when transactions were authorized, i was charged fees due to lagged posting of charges and credits. This issue aligns with the CFPB finding against Navy Federal for similar practices, where transactions settled with insufficient balances despite initially available funds. I believe these practices are unfair and request an investigation into my account transactions."
11630527,2025-01-19,Checking or savings account,Problem caused by your funds being low,NAVY FEDERAL CREDIT UNION,KY,"I am writing to file a complaint against Navy Federal Credit Union regarding multiple overdraft fees I have incurred. Despite having sufficient funds when transactions were authorized, I was charged fees due to lagged posting of changes and credits. This issues aligns with the recent CFPB findings against Navy Federal for similar practices, where transactions settled with insufficient balances despite initially available funds. I believe these practices are unfair and request an investigation into my account transactions."
11632980,2025-01-18,Checking or savings account,Managing an account,CAPITAL ONE FINANCIAL CORPORATION,MI,"I am filing a complaint with the CFPB regarding Capital Ones failure to deposit my direct deposit from my employer and any other incoming deposits. Capital one has cited technical issues, which may violate the Electronic Funds Transfer Act ( EFTA ) as it required timely access to my funds. This situation raises concerns about my consumer protection laws, and I request your assistance in investigating this matter to ensure my rights are upheld. Thank you."
11655447,2025-01-17,Checking or savings account,Managing an account,CAPITAL ONE FINANCIAL CORPORATION,TX,"I am filing a complaint with CFPB Regarding Capital One failure to Deposit my direct deposit from employer and any other incoming deposits. Capital one has cited technical issues, which may violate the Electronic Funds Transfer Act ( EFTA ) as it requires timely access to funds. This situation raises concerns about customer. Protection laws. And I request Your assistance in investigating this matter to ensure my rights are upheld. Thank you!"
11657900,2025-01-17,Checking or savings account,Managing an account,CAPITAL ONE FINANCIAL CORPORATION,NJ,I was supposed to get paid on XX/XX/2025 however Capital One still has not made my funds available and there are no updates or ETA of when funds will be made available.
11667176,2025-01-17,Checking or savings account,Managing an account,CAPITAL ONE FINANCIAL CORPORATION,IN,Capital One Bank has known about their banking issues since XX/XX/XXXX and have failed to let their customers know they have been hacked. I did not receive an email with an explanation until XX/XX/XXXX XXXXpm. I do not have access to my direct deposit. I have bills to pay. Capital one has no interest in their customers.
12513484,2025-03-17,Checking or savings account,Managing an account,"WEBSTER BANK, NATIONAL ASSOCIATION",OK,"XX/XX/XXXX Notified ( 2 weeks notice ) by HSA Bank a change in investments going from XXXX to their internal investment : HSA Invest. 
XX/XX/XXXX a transfer request to move my HSA funds from HSA bank to Lively HSA bank. Cash and XXXX XX/XX/XXXX XXXX transfer completed XX/XX/XXXX called HSA Bank to verify reciept of transfer request for cash account and XXXX account for inkind transer. Verified stock transferred XX/XX/XXXX called HSA Bank to discuss why the cash transfer has not been completed. I was told by HSA bank that there was a block on my account, which after an extremely long hold time was told by HSA Bank that all the paperwork is in place to move cash account to Lively HSA Bank. 
XX/XX/XXXX call HSA Bank to discuss why the cash fund had not been transferred to Lively. Was told that no holds exist on my account. Now told by HSA bank that i need to send an new request for cash transfer. Spoke with supervisor : He stated he would resubmit the fund transfer request and I should expect 48 hours for the funds to transfer"
13194687,2025-04-26,Checking or savings account,Opening an account,"Fidelity National Information Services, Inc. (FNIS)",FL,I am in check system and not able to open no bank accounts my identity been stolen and use to fraudulent open a back account at XXXX XXXX XXXX XXXXXXXX i have no knowledge of that account and didnt open up the account ftc report number XXXX i like this fixed and removed from check system and all the bank inquiries and attempts to open up bank account that i didnt do
13218644,2025-04-28,Checking or savings account,Problem with a company's investigation into an existing problem,"Checkr, Inc",AZ,"Explain to them that I was a victim of identity theft and that I had some issues on my credit report that the lawyers were still fixing through the state.It 's interstate court mess, Directly resulted in my XXXX.Failure for employment, not acknowledging my reach.Or Is or my intent for employment to Prevent Further issues with XXXX  on financial Responsibility negatively affecting my mental state and my family 's necessities and or, Something has to be changed or done about this to prevent this from happening to anyone"
13310763,2025-05-02,Checking or savings account,Managing an account,"BANK OF AMERICA, NATIONAL ASSOCIATION",CA,"I have a XXXX account. Monday XX/XX/XXXX, Sunday, is the renewal of the XXXX account. I called customer service, XX/XX/XXXX to renew, and was advised to go to their office, because the account was blocked, they couldn't do it via phone. 

XX/XX/XXXX visited the B of A bank in XXXX, XXXX XXXX, XXXX, for assistance. 
Spent XXXX hour and reassured everything was fine and the XXXX was renewed for XXXX months with interest rate of 4.0 %. Next day checked my account, but there was no changes in my account. 

Called the bank again XX/XX/XXXX, talk to 3 different people for an hour and no results. Today XX/XX/XXXX, called to follow up. The account still the same. Spent another hour on the phone and was transferred to 3 different people and eventually the last person hang up on me. 

I went to the branch office at XXXX. I was approach by XXXX, XXXX, and ask what do I need. I told her I wanted to renew my cd and it has been 4 days without results and unblock my account, so I can manage it. She replied "" It's XX/XX/XXXX they are all busy and to make an appointment. "" I explained that I have only XXXX week to renew it and there's no opening in their appointment. 

I ask what should I do, the problem has been almost 7 years, trying to renew to get a better rate than 0.111 %. Then I ask if she could check my account, she said she has a customer, although she's been talking to me for XXXX minutes. XXXX  was rude and XXXX said I can seek for legal advise or hire a lawyer if I want to. Another employee who help me on XX/XX/XXXX, approach me to assist me. I was told it's still in progress and wait XXXX days again. Still the account has not changed. 

In conclusion, B of A block me out of my account, but they won't or can't unblock it. What can I do next?"
14131238,2025-06-17,Checking or savings account,Closing an account,ALLY FINANCIAL INC.,AZ,"I am going to continue to file complaints until I get my IRA statments from both accounts. What in the XXXX is wrong with you people??????? How do you sleep at night knowing you are wasting taxpayer funds by NOT doing your jobs??????? 
Are you in bed with Ally??????? 
Prior complaints : I couldn't close and transfer my IRA accounts to another bank bc Ally would not honor the transfer forms. I had to close out my IRA accounts bc your agency would not require Allly to transfer my IRA accountsa. NOW Ally willl not provide me with IRA statements for both my IRA accounts from XXXX to close in XX/XX/XXXX. Below is my prior Complaint which your agency did nothing to resolve. I hope XXXX closes your agency bc it is a waste of taxpayer funds. I am sending a copy of these emails to my Reps in Congress. Get off your rear end and do something to get me my statements!!!!!!! Because your agency is a worthless paper shuffler I had to close my IRA accounts and have the money sent directly to me. Then I had to send the IRA checks to the other bank. This caused a taxable event for me and I will have to go after Ally Bank for that. In addition I still do not have Bank statements for both IRA accounts for XXXX thru XX/XX/XXXX. I will keep filing these complaints until you do your job and force Ally to comply. Below is the history of my Complaints against Ally on these issues. Ally is not providing me my XXXX, XXXX and XXXX monthly statements!!!!! Also Ally has still not transferred my IRA accounts to XXXXXXXX XXXX.. Are you just paper shufflers???? Why are we paying taxes for a dept. thats does nothing????? If you are not going to do anything about this just tell me flat out and I will make it my life 's work to abolish your dept. Below is my previous Complaint which you did not resolve!!!! Here we go again. Until you do something about closing and transferring my account I will keep filing complaints ... Fine Ally that will get their attention.... Still no closing my account and transferring the funds to XXXXXXXX XXXX.. This is the Complaint I filed again in XX/XX/XXXX. NO statements were mailed to me bc I can not access my statements on line bc of Ally 's system. You closed my Complaint BEFORE I received a statement on a closed account and I still have not received a statement on my IRA account which has over {$500000.00} in it. What is wrong with this government agency?????? Do you do anything to protect consumers????? Hit ally with a XXXX XXXX dollar fine and then maybe they will respond. Ally is laughing at you. In addition I want my IRA account transferred to XXXXXXXX XXXX. which have provided written authority to Ally on THEIR forms over year ago!!!!! Is your agency just paper shufflers????? Here is my last Complaint text : I have attempted to close my IRA accounts with Ally Bank for a year and half. filled out all their forms, faxed it, emailed it, even sent the forms to XXXX XXXX and XXXX  who I want to transfer my IRA accounts to AND ALLY WILL NOT RESPOND TO XXXX. Since your dept is close to worthless and merely paper shufflers I am sending this complaint to you so you can snuggle it and NOT resolve the issues. In addition I requested that my IRA statements be sent to me as Ally will not allow me to view my statements on line. I requested my IRA statements be sent to me and my back statements for the last 2 years ( at not cost ) and Ally agreed to do it. I requested my statements on XXXX, XXXX and XXXX. I still have NO BANK statements of my IRA accounts. I need those statements so my attorney can file suit against Ally Bank. Based on your past no action I don't expect you will fine Ally Bank or resolve this but I want a Complaint on record"
8800286,2024-04-18,Credit card,Problem with a company's investigation into an existing problem,Experian Information Solutions Inc.,PA,"I have always made sure that payments on this account are made promptly, ensuring that they are never overdue. However, I am unsure about the reasons behind reports of late payment remarks on my accounts. According to 15 USC 1666b - Billing Error, corrections should be made."
8840915,2024-04-23,Credit card,Getting a credit card,NAVY FEDERAL CREDIT UNION,AL,"XX/XX/year> : contacted Navy Federal Credit Union ( NFCU ) via telephone to notify them of identity theft. I have never banked with NFCU and noticed the account of my credit report. I asked for applicable information ( addresses, telephone numbers, email, etc ) on the account and was denied this information. They did confirm that there was both a credit card and checking account in my name. They stated checking account had 3 checks deposited over the life of the account, but would not send me copies. They opened a fraud claim ( # XXXX ) and stated the investigation should take 10 days and they will contact me by phone. 
XX/XX/year> : I emailed the declaration of fraud document to NFCU at both XXXX XXXX navyfederalXXXX XXXX XXXXXXXXnavyfederalXXXX I received an automatic email stating that my message was received. To obtain these email addresses, I had to call the company at which time they revealed the email on my fraudulent accounts. The email associated with the fraudulent accounts included the last 4 numbers of my social security number and NFCU never saw that as a red flag! 
XX/XX/year> : contacted NFCU via telephone for status update. They would not provide any information nor would they confirm if the investigation had even been started. They claimed that all contact with me would occur via mail, yet I don't know if they have my accurate mailing address. 
XX/XX/year> : contacted NFCU via telephone for status update and to ask why they reported a delinquency to the credit bureaus for the month of XXXX if the accounts are fraudulent to which they stated that they can not stop reporting until the investigation is complete. NFCU would not provide any information other than "" the account way closed '' but would not specify if checking, credit card, or both. They acknowledged that 10 days is the typical investigation time but that they are "" backed up ''. 
XX/XX/year> : filed claim with FTC. 
XX/XX/year> : retained legal counsel."
9071084,2024-05-22,Credit card,Incorrect information on your report,Experian Information Solutions Inc.,IL,"The contrast between my consistent on-time payments for this account and the distress caused by the inaccurate late payment entry is stark. Maintaining punctuality has been my unwavering commitment, and this inconsistency is weighing heavily on my XXXX XXXX, disrupting my sleep and peace of mind. With utmost respect, I urgently request the immediate correction of my account, stressing the urgency of this matter."
9306998,2024-06-20,Credit card,"Advertising and marketing, including promotional offers",GOLDMAN SACHS BANK USA,IN,I have been saving my GM Card points to purchase a new XXXX XXXX XXXX. I'm now finding out they only are offering the points on a XXXX model of the vehicle I wanted. Issue is there are XXXX new XXXX ' model left in the US. They will not allow me to use my points on a XXXX ' model.
9361486,2024-06-27,Credit card,Problem with a purchase shown on your statement,"Bread Financial Holdings, Inc.",KY,"I had XXXX XXXX XXXX credit card and when I originally made the purchase on the credit card but was declined. I then applied for a new credit card and was granted credit. I went to pay on the original balance of the card and somehow the payment went to the old account. I kept receiving statements, so I called to see what was going on with the card and they said I had not made a payment. I then paid the balance in full and the representative stated I should have received a refund of funds for {$160.00}. I let them know I did not receive funds for {$160.00}, so they requested a refund for me. 

I then received XXXX checks, XXXX that was cashable, the other is not cashable. I cashed check number XXXX. This check was due me and I cashed this check. 

I also received check XXXX which is not cashable and is over the 180 days in order to cash this check. This is what they are now charging me for on my credit card statement. I have spoken to them and they are stating it is too late to fix this and because I received funds, whether I cashed the check or not, I have to pay for this check plus late fees and it is going to collection ... and it is on my credit report. 

I do not know why they did not cancel the original refund or why I received both checks around the same time, however only XXXX check was cashed. The lady stated they do not have a way to check with their bank to verify if the other check was cashed or not, therefore, they assume I cashed it. 

I have attached copies of both checks and copies of statements including the one where it shows I am being charged for the refund. The check on the XXXX was the check that I cashed. The check dated XX/XX/year> was not cashed. I was originally due a refund for {$160.00} and I received a refund of {$160.00}. They never cancelled the original check. 

Can you please assist with getting this mix up resolved?"
9456193,2024-07-08,Credit card,Getting a credit card,CAPITAL ONE FINANCIAL CORPORATION,TX,"A card was opened through Capital One without my knowledge on XX/XX/year>. On XX/XX/year> I froze my credit, disputed the hard inquiry through XXXX, and reached out to Capital One to report the fraud. An investigation was opened, no further info given."
9593405,2024-07-23,Credit card,"Advertising and marketing, including promotional offers","CITIBANK, N.A.",IL,"I signed up for an XXXX XXXX XXXX credit card through the XXXX XXXX website. The offer I signed up for I attached a picture of my computer monitor of the offer that I clicked on to sign up. I triple checked the offer when signing up and I made sure it was the correct one I even read the terms and conditions while signing up and included the {$400.00} flight credit on Americanairlines.com purchases in the first 6 months after opening as well as free checked bags for up to four people with no time limit. This was also supposed to have a spend {$1500.00} get XXXX miles offer too. What I ended up getting was an offer of spend {$2500.00} get XXXX mi and none of the other perks and that is definitely not what I signed up for. The whole reason I got this card was because of the flight credit and free checked bags and I would have never chosen the XXXX XXXX flight because there were others that would have been cheaper. This is completely messing up my vacation. I called the first time about this and they told me would offer I had which was not the one I signed up for and they gave me an email to send my proof and concerns to. ( XXXX ) I emailed them with my concerns and the proof and never heard back so I called back today and went up the chain of higher and higher supervisors/managers three times and they still refuse to honor the deal even with my included proof. They were demanding an actual letter that was addressed to me or an email address to me which they do not do that for this offer and that's why they ask because they know it's impossible to prove. It's only on the website and for some reason they won't take that proof. 

If you read that email address included it tells me this happens way too often if they have a dedicated email for this. Also if you just search XXXX XXXX XXXX credit card offer issue you'll find endless XXXX posts of many many people with the same issue. This seems like a continual problem and like they do it all the time and to everyone. This was 100 % a bait and switch they bait you in with a good offer and then switch it up on you in the system so it's not the same as you signed up for."
9610060,2024-07-25,Credit card,Incorrect information on your report,M&T BANK CORPORATION,MD,The president has been removed for violations of the XXXX XXXX XXXX and XXXX and XXXX bank has to cancel this debt or loan any debt or loan by this has to XXXX annulled the staff at m and t bank gave me a XXXX XXXX recipient a loan they now he could not pay by XXXX XXXX XXXX XXXX a XXXX XXXX recipient gets all state assistance m and t bank is state government and they can not make a sssi ssa recipient pay a debt by XXXX XXXX rule XXXX XXXX XXXX section XXXX is a right for all XXXX XXXX recipients XXXX code a ssa ssa recipient can get a loan from any bank and not have to pay XXXX XXXX recipients are not suppsed to be given loan but only grants that they do not have to repay by giving XXXX XXXX recipients loans they are defrauding the government XXXX XXXX XXXX can not be taxed used to pay a debt as a doj XXXX this is fraud to close my account t to give XXXX my XXXX who has committed fraud by not giving XXXX XXXX recipients all state assistance when they signed the XXXX XXXX XXXX prerelease agreement which XXXX was convicted of and XXXX overpayments the are caused by no police reporting or social worker reporting in institutions a person in any institution can get full benefits but the m and t bank women who disouted this to this can not get any XXXX XXXX benefits or this theft of my filing m and t bank does want me to pay this debt because they do mot want me to have an account also tell m and t bank do not lay in my emails and calls or petition for me in nothing or boycott me in XXXX bank they are in defraud of the XXXX XXXX XXXX benefits can not be taxed now if m and XXXX bank wants me to pay this debt then send me a new card or if not waive the debt also I did not ask m and t bank for the XXXX credit limit that is entrapment also order m and t bank do not keep calling XXXX XXXX telling them do not increase my pay and give overpayment settlement in XXXX I have been working at from since XXXX as doj XXXX of lost benefits where I reported that XXXX would not give the XXXX XXXX prerelease agerment of section XXXX and All-State assistance to all XXXX XXXX recipients that were released in XXXX and were entrapped by them taking over a XXXX bank
9639891,2024-07-26,Credit card,"Other features, terms, or problems",AMERICAN EXPRESS COMPANY,NJ,"I received an email saying that the Priority Pass Benefit on my Hilton Honors American Express XXXX card would expires on one of two dates. I called American Express, and was told by a supervisor that it would go by the renewal date for priority pass, and that because of it, I would fall into the ccategory where the benefit would be dropped for my account on XX/XX/year> instead of the other category of XX/XX/year>. I asked if it was a system error and it was removed XX/XX/year>, would American Express immediately reinstate it, and he said they would. 

My membership was dropped on XX/XX/year>, and I called when I was home on XX/XX/XXXX, and was informed that the supervisor was incorrect in what he said and a case would be opened. The case was opened, and I called back multiple times, including one time where the representative from American Express called Priority Pass with me on the call, where it was cinformed it dropped early by a directive from American Express to drop everyone on that date. This is earlier than any of the dates American Express provided in the original email notice, which is a violation of what they promised. That representative that had me on the phone with XXXX XXXX opened another case, and when I called for an update, I was informed the case was closed and nothing is owed to me with no further details available. 

Fast forward to today, where it has been 12 weeks after I paid for my CLEAR membership, which is reimbursed by American Express in 8-12 weeks. I had to call American Express, which informed me that they will submit a case to look into it, because the representative informed me it looks correct and I should have been reimbursed already but there may be a system error. 

American Express ' incorrect information provided to me by a supervisor and termination of XXXX XXXX early is a violation. It is another violation today that the cardholder agreement says I would receive the CLEAR credit within XXXX weeks after the charge, and I did not and they aren't offering anything to me for their violation of the agreement."
9647585,2024-07-29,Credit card,"Advertising and marketing, including promotional offers","CITIBANK, N.A.",IL,"Citibank AAdvantage Card Overcharges Interest and Refuses to Correct it Summary I had 0 % on purchases that expired XXXX XXXX, XXXX. I also had a "" flex loan '' with a 7.99 % interest rate. In XXXX last year I wanted to pay off the purchases to avoid the interest rate jump. A Citibank agent told me on XXXX XXXX to make the payment on XXXX XXXX as they apply payments to the higher interest rate product first. I did that. However, they applied the payment ( of more than {$10000.00} ) to the flex loan instead of the purchases with the now higher interest rate. They have refused to correct this. 
Part XXXX In XXXX, XXXX I took advantage of XXXX offers on my Citibank AAdvantage credit card. XXXX was a {$12000.00} Flex Loan with an APR of 7.99 %. The other was a 0 % APR on purchases to expire on XXXX XXXX, XXXX, after which time the rate would jump to over 25 %. 
As the XXXX XXXX date was approaching, I decided to pay everything I owed on purchases to avoid the jump to the high interest rate. My purchases amounted to about {$10000.00}, and I wanted to pay the purchases specifically, but I didnt see how I could designate that payment to be applied specifically to the purchases, rather than the loan. 
Before XXXX XXXX I called Citibank AAdvantage to discuss how I could make sure my payment would be applied to the purchases that would be subject to the high interest rate, and not the loan. 
The agent I spoke with explained to me that I should not make that payment right now since XXXX policy is to apply payments to the product with the higher interest rate. The agent clearly explained to me that if I made the payment then, before XXXX XXXX, that payment would be applied to the loan, since at that point it had the higher interest rate of 7.99 %, as opposed to the purchases, which, at that moment, still was under the 0 % promotional offer. 
The Citibank agent specifically advised me to wait to make my payment on XXXX XXXX, after the 0 % XXXX expired the previous day so that the payment would be applied to the purchases and not the loan. 
This made sense and I was glad I called to ask about it before I mistakenly sent in my payment too soon. 
I did exactly what the Citibank agent told me to do and made my payment of {$10000.00} on XXXX XXXX. 
I didnt actively use that card and had it set to autopay. 
When I checked my account again a few months later I realized Citibank had misapplied my XXXX XXXX payment to my Flex Loan with the low 7.99 % interest rate, and the balance that remained on my account was for purchases with an XXXX of 26.24 %! 
I called Citibank on XX/XX/XXXX about the problem and spoke with an agent named XXXX. She said she saw that I'd called on XXXX XXXX and that I had been advised to make the payment on XXXX XXXX. XXXX told me she would put in a request and that Id hear back with a decision, either via email or a physical letter. I was relieved to know they had records of what the agent advised me of on XXXX XXXX and was thus confident this problem would be rectified. 
However, all I received was a one-page form letter that simply explained, Each month 's minimum payment due is applied in the following order : XXXX. Past due amounts ( if applicable ) XXXX. Current interest charges XXXX. Principal balances in Annual Percentage Rate ( APR ) order from lowest to highest Please note that payment amounts greater than the minimum due are applied to balances with higher APRs before balances with lower rates. 
Therefore, we are unable to apply your payment as requested. 
My {$10000.00} on XXXX XXXX, XXXX was way over the minimum payment due and thus should have been applied to the higher XXXX, which was, on XXXX XXXX, XXXX, the purchases. 
I called back on XX/XX/XXXX and spoke with XXXX XXXX sp? ) who explained how it works, which was what the agent told me on XXXX XXXX. She said they apply payments to higher interest rates so I would have needed to wait for the promo to end. I said that was exactly what I did. 
Then she put me on hold XXXX or XXXX times and came back with a completely different story. Now she told me that I needed to wait until it billed, but she was going to request another review because of what I had been previously told. 
I received another letter dated XX/XX/XXXX, which was the exact same letter they previously sent me on XX/XX/XXXX. 
It said nothing about needing to have waited until the statement closed. 
I called again on XX/XX/XXXX, this time asking to speak with a supervisor. I spoke with XXXX. He also told me the information the agent gave me in XXXX was incorrect because I would have needed for the statement to close, but not to worry, he would have it fixed in XXXX to XXXX business days. He said XXXX remove the payment I made on XXXX XXXX that was applied to the Flex XXXX and apply it to the purchases, and theyll reinstate the Flex XXXX. He said it would be reflected on my next statement to be issued on XX/XX/XXXX. He also said in the future, whenever an offer expires, wait until the next statement to pay it. 
However, I received another letter dated XX/XX/XXXX, which was again identical to the XXXX previous letters, and when I checked my XXXX statement dated XX/XX/XXXX, no adjustment had been made. 
Again, these letters state they apply payments above the minimum balance due to the higher interest-bearing product, but thats not what they did, and state nothing about needing to wait until the statement closes. 
I called back again on XX/XX/XXXX, again asking to speak with a supervisor whose name was I think XXXX. He told me this case was closed. It had already been escalated XXXX times and that was the end of it. I asked who decided that and he said it was the XXXX Department. I asked to speak with that department and he said they dont take calls. I said this is unacceptable and I needed to speak with someone. He said he would have his supervisor XXXX call me, but I never received a call. 
I also asked on different occasions asking about the terms of the Flex Loan but nobody had access to it but that I could find it online, but the only link I had to it didnt work. 
Whats more, there is an XXXX charge calculation on my statements that shows the interest charge for both the Flex Loan and purchases. 
Under that it states, We apply any amount you pay above your XXXX XXXX XXXX first to the balance with the highest XXXX, then to the balance with the next highest APR, and so on. As a result, if the XXXX for a Citi Flex Plan balance is higher than the XXXX of other balances on your Account, we will apply the amount above the Minimum Payment Due first to that Citi Flex Plan balance, and then, after that Citi Flex Plan balance has been paid in full, to the other balances. This will cause you to pay off that Citi Flex Plan balance before the end of its repayment period and XXXX result in an amount remaining due on your next billing statement for the other balance, increasing your XXXX XXXX XXXX on your next billing statement. 
This is consistent with what the agent told me on XXXX XXXX. It states nothing about needing to wait until the statement closed. 
What was also very clear was that my 0 % rate on purchases expired on XXXX XXXX, after which time the rate would jump. 
From XXXX written policy on its statements, what the Citibank agent told me on XXXX XXXX, and the XXXX subsequent denial letters Citibank sent me, my XXXX XXXX payment should have been applied to the high-interest purchases! 
Additionally, also regarding Citibank agents claims that I needed to wait until the statement closed, this contradicts their policy printed on my statements which read : How to Avoid Paying Interest on Purchases. Your due date is at least 23 days after the close of each billing cycle. We will not charge you interest on purchases if you pay your monthly Citi Flex Plan Payment Amount ( if any ) plus your New Balance, excluding any Citi Flex Plan balances, by the due date each month. 
It says by the due date. It doesnt say I have to wait until its billed or the statement closes. 

Part XXXX This wasnt the first time Citibank AAdvantage misapplied my payment, in contrast to their very own policies. 
When I took the 7.99 % Flex XXXX in XXXX XXXX, the terms of the loan were XXXX scheduled payments of {$240.00} per month. 
As I was informed, this payment amount would be included in the minimum payment due, which I scheduled. 
In XXXX, XXXX, when I accepted the 0 % on purchases offer, and took the 7.99 % Flex XXXX, I decided to pay off my existing purchases up to the moment the XXXX percent would take effect. 
My balance on my XX/XX/XXXX statement was {$590.00} with the payment due on XXXX Additionally, I had subsequent purchases I also wanted to cover before the 0 % XXXX took effect, that would be reflected on the XXXX statement amounting to {$210.00}, for a total of {$810.00}. I paid {$840.00}. 
Instead of applying that payment to the existing purchases, with the higher interest rate as they supposedly do, Citibank AAdvantage put that payment toward my Flex Loan with the lower interest rate and began charging me 25.49 % interest on purchases even though this payment was made exactly on the due date! 
I had to call and deal with the frustration of this mess then as well and it doesnt appear the problem was actually fixed. 

After that on my XX/XX/XXXX statement Citibank amended my agreement writing, If we incorrectly apply a payment or credit to your Account, make an incorrect payment or transfer of funds to you or an Authorized User or anyone else on your behalf or on behalf of an Authorized User, or make any other error regarding your Account, you agree that we XXXX correct the error. We XXXX correct the error by making adjustments to your Account, requiring you to repay us for any incorrect payments, credits or transfers, or taking other actions we determine are appropriate to correct the error. You agree to cooperate with us to correct any of these errors. 

I was careful to follow Citibanks policy, even taking care to call on XXXX XXXX last year to make sure I was doing the right thing and following the directives of the Citibank agent. 

On XX/XX/XXXX I mailed Citibank a letter explaining all of the above to give them a last chance to correct their mistake. 

I received a letter from Citibank dated XX/XX/XXXX, which stated the same information as the XXXX previous letters about how they apply payments, but this time added another additional text which read, If a promotion ends between statement cycles, payments will post as they are received according to the paragraph above. you will need to wait until after the next statement prints after the promotion has ended, before your excess payment will apply the way you want it to be. 

Your payment ( XXXX ) were applied correctly when they were received in XXXX. 
The Credit Card XXXX of XXXX requires that any payments made in excess of the minimum due must be applied to balances in the order of highest to lowest rate of interest. In order to ensure that Citi is in compliance with this law, we regret to inform you that we are unable to fulfill your request. 

This was the first time I saw this in writing and is the antithesis of what their agent told me on XXXX XXXX, XXXX, when I was specifically told to make my payment on XXXX XXXX, which Citibank knows and has acknowledged. 

I had previously asked a number of times where I can see the actual agreement for the loan but no agent I spoke with had access to it. I was told I could find it online but the link I was sent produced an error message. 

What is the point of having a date the 0 % promotion ends? I made my payment after that date, again, as specifically instructed by a Citibank agent. But Citibank did not apply that payment to the higher interest rate product. As they stated above, The Credit Card Act of 2009 requires that any payments made in excess of the minimum due must be applied to balances in the order of highest to lowest rate of interest."
10180413,2024-09-19,Credit card,Problem with a purchase shown on your statement,"Block, Inc.",IN,"I ordered food through XXXX XXXX  on XX/XX/year> in the amount of XXXX that I didn't receive. I got a text from XXXX XXXX  saying my food was delivered at XXXX I immediately called the driver 17 times he never answered. He was suppose suppose to hand me my food in my hand and I didn't get it. Then I called XXXX XXXX  5 times and sent emails, screen shots of when I called the driver. I also asked XXXX XXXX  to track the driver and it would show them that the driver never showed and they didn't at that point I did XXXX disputes with cashapp and they said they got proof from XXXX XXXX  and when I asked for the proof they sent me an email of my purchase through cashapp nothing from XXXX XXXX  and closed my claim multiple times."
10276914,2024-09-28,Credit card,"Advertising and marketing, including promotional offers",Mercury Financial Intermediate LLC,VA,COMPANY HAS FAILED TO ISSUE REDERSS PER TERMS AND CONDITIONS FOR XXXX DISPUTE.
10321812,2024-10-02,Credit card,Fees or interest,SYNCHRONY FINANCIAL,CA,I have several synchrony bank credit cards and they have started charging me XXXX fee for each statement. I explained that I was both retired and a XXXX  and shouldnt be required to be charged for a paper statement that they are legally required to provide
10328847,2024-10-04,Credit card,Closing your account,"Early Warning Services, LLC",CA,"I am a XXXX XXXX XXXX XXXX  holder. XXXX XXXX sent me an email message that they enrolled me in PAZE. I did not request this. I contacted XXXX XXXX and they said that their automated system enrolled me in PAZE. XXXX XXXX provided my personal information to PAZE. In talking with the XXXX XXXX customer service representative for 35 minutes, he indicated that he did not know what personal information was sent to PAZE. Although XXXX XXXX enrolled me in PAZE, the XXXX XXXX  customer service representative said that he could not unenroll me in PAZE and that I would have to talk to PAZE. He said that XXXX XXXX 's automated systems automatically enrolled people in PAZE without their permission. I attempted to contact PAZE ; they only have a web site. In order to unenroll in PAZE, they requested personal information. I am not willing to provide my personal information to PAZE. There is no PAZE phone number, but there is a PAZE email address listed. I sent an email to that PAZE email address and received an automated message a second later saying to go to the PAZE web page. I have not heard from PAZE again. There is no way for me to contact PAZE to unenroll in PAZE. 
Please help me. This seems like a huge scam."
10385009,2024-10-08,Credit card,Problem with a purchase shown on your statement,"Paypal Holdings, Inc",,"This is the email I sent to PayPal : I wish to report an unauthorized or fraudulent payment of USD XXXX from my credit card as per email forwarded below. 

This payment purports to be effected to XXXX XXXX. I have cancelled my subscription with XXXX XXXX as per screenshots attached. 
The PayPal transaction ID is XXXX dated XXXX XX/XX/year>. 

However, when I logged into my account with PayPal to report an unauthorized transaction, transaction ID XXXX does not exist. 

As I could not proceed further with reporting this issue, I am therefore writing this email to request a refund for USD XXXX. 

======================================================== I also contacted XXXX XXXX XXXX XXXX, to request a refund. However, to do this request is so convulsing. The XXXX case number is XXXX. They provided with a telephone number which I can't use as the call charge is exorbitant as I live in the XXXX. As I would prefer to have an email contact address instead, I made a second request and the case number is XXXX. 
I am attaching screen shots of the my account with Avast Software which show that I do not have an active subscription with them and I was billed for something I did not purchased."
10523374,2024-10-21,Credit card,Getting a credit card,GOLDMAN SACHS BANK USA,CA,"Help me please CFPB!!! 

This is my formal complaint against Goldman Sachs Bank for application denial, misappropriation of collateral, and breach of contract. 

I submitted an application for Federal Reserve XXXX in XXXX of this year. Despite providing the necessary security collateral as well as a tender of payment, my application was unjustly denied by the bank. 

According to Section XXXX of the Federal Reserve XXXX, only the Federal Reserve XXXX if Directors has the authority to approve or deny applications for Federal Reserve notes, ensuring that they are backed by adequate collateral. Goldman Sachs Bank 's actions in denying my application and retaining my collateral contravene this provision, resulting in financial loss and a breach of trust. When the were contacted and a request was made to rescind my application, they also denied the request. 

The Federal Reserve XXXX was designed to furnish an elastic currency to consumers and establish effective supervision of banking practices by member banks. XXXX XXXX 's conduct undermines these principles, highlighting a failure to adhere to their fiduciary obligations. 

I request the CFPB to investigate this matter thoroughly and ensure that Goldman Sachs Bank is held accountable for their actions. It is imperative that consumers like myself are protected from such unfair practices and I am quite positive they have been engaging with these illicit practices globally across their business. 

Thank you for your attention to this matter. I look forward to your prompt response and resolution."
10548346,2024-10-24,Credit card,Improper use of your report,CAPITAL ONE FINANCIAL CORPORATION,MI,"i have not supplied proof under the doctrine of estoppel by silence, XXXX XXXX XXXX XXXX XXXX XXXX  XXXX XXXX XXXX, i presume that no proof of the alleged debt, nor therefore any such debt, infact therefore exists"
10743230,2024-11-09,Credit card,Trouble using your card,TD BANK US HOLDING COMPANY,NV,"hello. I have been making continuous payments through XXXX XXXX TD BANK since XXXX. They potentially took more of my payment and did not resolve it, so I requested to call them several times, but they waited for over XXXX hours to respond to my call request. There is no connection. Not long ago, I paid the same amount, but they reduced my credit limit and took more of my money by mistake, so I tried to resolve the issue, but instead of resolving the issue, they treated me like a criminal and said I didn't pay.. I'm so angry that they arbitrarily reduced my credit limit. 

They continued to give the same explanation every time and did not acknowledge their mistakes, which interfered with their work. 

As you can see in XXXX, I got the date wrong and paid in installments, and in XXXX, they took over {$200.00} out of my account and called to resolve it, and they said they would correct it. It didn't work at all and they added a late payment to me for that and continued to harass me by calling me for several days in XXXX. And I tried to resolve the mistake they made, but they added another late payment after checking it in the system, and when I checked again today in XXXX, they said that the credit limit had changed in the early morning."
10833426,2024-11-17,Credit card,Problem when making payments,SYNCHRONY FINANCIAL,MS,I made a payment on my care credit card early like always got a text saying payment received with a reference number but get an email saying I have a past due amount and my card has been closed. The first call I made I was told that my payment made XXXX was received but I still had a payment due of XXXX so I paid it but I remembered the text so called back was told no payment received. Tried to tell the lady my payment was received then asked why my account was locked she said it was closed because of one late payment which I paid on the XXXX of XXXX. I was so madi just hung up. I can't even set an account up when I try it says invalid email they have tried sending me the link and it still won't let me. I'm so upset I do not want this to effect my credit scorei have other credit cards And never have a problem with them please help
10917836,2024-11-25,Credit card,Problem when making payments,NAVY FEDERAL CREDIT UNION,MS,Hello I have been making timely payments and the payments are not being updated properly after payment.. The last payments I made has yet to update and they skipped an entire payment of {$260.00} that was made which is not reflecting on my credit profile. I would like my account updated after my payments are made. I will attach proof of payments through law pay.
11138310,2024-12-12,Credit card,Getting a credit card,CAPITAL ONE FINANCIAL CORPORATION,VA,"An unknown person created and opened a Capital One  XXXX Credit Card without my consent or knowledge under my name and address, and was mailed to my address on XX/XX/XXXX. 

An unknown person created and opened a XXXX XXXX XXXX Account without my consent or knowledge under my name and address on XX/XX/year>. 

Last year when I went to file my taxes, they had already been filed. Someone filed my taxes without my consent or knowledge."
11211159,2024-12-19,Credit card,Getting a credit card,SYNCHRONY FINANCIAL,CA,PayPal Credit is reporting an account and balance that do not belong to me.
11246262,2024-12-22,Credit card,Struggling to pay your bill,"BANK OF AMERICA, NATIONAL ASSOCIATION",CA,"On XX/XX/XXXX, I contacted Bank of America 's financial assistance department to renew my financial hardship agreement, which is set to expire on XX/XX/XXXX. During the call, one of their phone agents informed me that my account was four months delinquent and that the financial hardship agreement I entered into on XX/XX/XXXX, had never been approved. This news shocked me, as my past due amount had grown to over {$1400.00}.

When I entered into the financial hardship agreement on XX/XX/XXXX I was in good standing. Under this agreement : I was to pay XXXX XXXX  monthly for six months on the XXXX  of each month at 0 % interest. 
The monthly payments were to be deducted automatically from my checking account. 
I agreed not to use my BofA Visa card for the duration of the agreement.

I also received a confirmation letter outlining the terms of the agreement.

I had followed all of these terms. However, the agent could not explain how my account became delinquent despite the automatic withdrawals I had authorized. He apologized for the inconvenience, stated he did not know why it was not approved after the agreement had already been issued, and offered me a new financial assessment instead of a resolution.

I pushed for answers, explaining that I had made all the required payments on time and had never been notified that there were any issues. I had even called Bank of America twice since entering into the agreement, and neither time did either of the phone agents mention any problems with my account. Specifically in XX/XX/XXXX, I called to ask if I could pay more than my monthly {$140.00}. I initially reached the outgoing BofA recording stating my balance and became alarmed upon hearing that my account was past due. I expressed concern when I was eventually connected to an agent and asked her if this was true, explaining that I had recently been put on a payment plan. She told me the recording was likely an error and confirmed my payments were current and my account was in good standing.

On my XX/XX/XXXX call, I told the first agent I spoke with that I had received a letter in XX/XX/XXXX outlining the agreements terms, as well as a letter received on XX/XX/XXXX, stating my final payment would be due on XX/XX/XXXX ( the latter being the catalyst for my phone call ). Yet, Bank of America failed to notify me that the hardship agreement had not been approved or inform me that my account had become past due ( despite my previous two calls to the bank ). Neither agent on XX/XX/XXXX asked me to verify my contact information to see why I had not received any notifications regarding the status of my account or the change in status of my financial hardship agreement. 

Additionally, I told the agent that I had lived up to my side of the agreement in terms of not using my BofA XXXX. In fact, I had even let my card expire because I was so adamant about not breaching my part of the agreement with BofA. The agent asked me if I received a notification about my credit card being canceled and I thought it was because my credit card was expiring so I disregarded it. I was determined to not use this card and use this opportunity to pay down my debt with a 0 % interest rate until XXXX, XXXX. 

During my call on XX/XX/XXXX, the first agent conducted a financial assessment, but the call was subsequently disconnected. I called back and was connected to a different agent, who explained that they could not identify the prior agent and did not keep records of who handled my call. 

The second agent reviewed my case and concluded that the agent who had set up my financial hardship agreement in XXXX acted in error. She explained that the agent did not have the authority to issue the agreement and should have offered financial counseling instead. At this point, I was in disbelief. I had lived up to my end of the agreement, only to discover that the agreement with BofA was never valid and my account had accumulated interest, finance charges, and late fees over the past XXXX months. Furthermore, my past due amount had ballooned to over {$1400.00}. 

This agent asked if I wanted to proceed with another new financial assessment. In tears, I agreed. After placing me on hold several times, she returned with XXXX options : Pay 80 % of my total balance ( approximately {$11000.00} ) by XXXX, XXXX ( XXXX months from now ). I explained that being on XXXX leave and not currently working, I could not afford to pay this much money in this timeframe while I was paying a mortgage and not earning an income. It seemed like lunacy to even suggest this as an option. 

Credit counseling I was given a phone number, and when I asked who the credit counseling service was, the agent only said that BofA worked with several different credit counseling services. It was ambiguous who I would be working with, and I was suspicious if they would have my best interest at XXXX or would try to exploit me again, as I was already feeling quite vulnerable from my financial hardship agreement not being honored. 

When I asked if there was anything Bank of America could do for me immediately, she suggested I call back in a few days or later in the month. This response was confusing : why would Bank XXXX XXXX hardship protocol change in a matter of days? What are the variables? What determined the threshold? 

In frustration and out of fear, I paid $ XXXX months worth of paymentsover the phone using money from my savings account which I use to pay my mortgage. Despite this, my account remains delinquent, and I owe a past-due amount that I can not afford at this time. If BofA had honored the agreement it made with me on XX/XX/XXXX, my account would be current, as all monthly payments we agreed upon have been withdrawn automatically from my account each month. 

I firmly believe Bank XXXX XXXX actions constitute a bait-and-switch tactic, a conflict of interest, or, at best, gross negligence and exploitation. Bank of America continued to charge interest, finance charges, and late fees while withdrawing the agreed-upon {$140.00} payments from my account. I was not notified, warned, or given any opportunity to rectify the situation until it was too late. I am requesting that BofA honor the original agreement set up on XX/XX/XXXX and refund me the late fees and finance charges incurred as a result of their error. I also request that my credit report be adjusted to reflect no delinquency on my part. Consumers deserve transparency, fair treatment, and good-faith agreements when seeking financial assistance"
11342992,2025-01-01,Credit card,Unable to get your credit report or credit score,CAPITAL ONE FINANCIAL CORPORATION,CA,"I called Capital One on XX/XX/XXXX and requested the yearly statement for XXXX, and I was told it will be emailed to me within XXXX business days, then I called Capital One on XX/XX/XXXX and told them that I still did not receive it yet and asked them when I will be receiving it that day on XX/XX/XXXX for being the last of the XXXX business days?, then XXXX, a XXXX XXXX XXXX  confirmed that day on XX/XX/XXXX that I will be receiving it the next day on XX/XX/XXXX, so I told her that I should be receiving it on XX/XX/XXXX as Capital One informed me on XX/XX/XXXX, and that XX/XX/XXXX is a XXXX, then XXXX confirmed again that Capital One will email it to me on XX/XX/XXXX and that they are open on XX/XX/XXXX. When I still did not receive it on XX/XX/XXXX, I called Capital One on XX/XX/XXXX and XXXX XXXX XXXX XXXX XXXXXXXX confirmed in that call that the XXXX  yearly statement was processed on XX/XX/XXXX and submitted and I should have it in my email, and when I told him that I hadn't received it yet via email, he said that he can not email it to me as now it had passed 7 years. Please note that both calls with XXXX and XXXX were on a recorded line. As such I am filing a complaint today requesting that Capital One email me the 2017 yearly statement as they confirmed and indicated to me on XX/XX/XXXX ; in that they will email it to me within XXXX business days, especially when XXXX on XX/XX/XXXX confirmed that it will be emailed to me on XX/XX/XXXX and in spite I told her that I need to receive it by end of business day on XX/XX/XXXX she confirmed again to me in that call on XX/XX/XXXX that I will receive it on XX/XX/XXXX, however, XXXX  indicated to me on XX/XX/XXXX that he can not email it to me. I want the CFPB to hold Capital One accountable to their false promises and for refusing to provide me with the 2017 yearly statement in a timely manner as they confirmed to me on XX/XX/XXXX"
11612043,2025-01-20,Credit card,Fees or interest,"SANTANDER HOLDINGS USA, INC.",NJ,"Approximately one year ago, I signed up for debt management program under the XXXX XXXX XXXX  the agreement that was with Santander Bank for my credit card was that it would be 5 % and I would pay XXXX a month. Ive been paying XXXX a month and my interest rate has been 24 % and now XXXX they have never adhered to the 5 % interest rate which means that I will never get this credit card paid off and its not in accordance with the agreement made by that XXXX, however they continuously tell XXXX XXXX that Im getting a 5 % interest rate but Im not I need this resolved. This is fraudulent banking. Theyre overcharging me interest rate that they know that thats inappropriate to be charging me. This is not in accordance with the agreement that was made with XXXX XXXX XXXX XXXX several times whenever I called the company they say they dont know anything about that management XXXX XXXX XXXX  call about that management. They tell him everything is resolved, but it hasnt been resolved and this has been over a year and Ive been overcharged interest rate for XXXX year. I believe this is a deliberate attempt on Santander to discredit me as a result. They have also reported in accurate information on my credit report, which is made my credit score decline"
11779013,2025-01-26,Credit card,Fees or interest,"Bread Financial Holdings, Inc.",NH,"I received a paper bill with a late fee of {$30.00} & a "" minimum interest charge '' of {$3.00}. My bill is {$41.00} without that late fee. With the late fee and Minimum interest charge, it is {$74.00}. In accordance with the law, it is illegal to charge the {$30.00} for a late fee per CFPB. Late fees are capped at {$8.00} per incident. I just got this card last month and made a one time purchase shortly before XXXX."
11905325,2025-02-04,Credit card,Problem with a purchase shown on your statement,"CITIBANK, N.A.",IL,"I am filing a formal complaint against Citi Credit Card for failing to properly handle my dispute regarding duplicate charges on my account. 

XX/XX/XXXX I purchased airline tickets for my family, and while making the payment, the airlines app ( XXXX ) malfunctioned. Their IT support instructed me to reissue the transaction, which resulted in duplicate charges for each ticket. I disputed all four charges with my credit card company on XX/XX/XXXX. Two were approved, while the other two required additional information. Since the credit card statement itself clearly shows the duplicate charges, I submitted a letter highlighting them. 

Despite multiple calls over the past few months ( since XXXX ), where agents repeatedly assured me that the dispute would be reopened, I recently discovered that it was never actually processed. Again today XX/XX/XXXX, I was told it would be reopened, yet I have seen no action. Meanwhile, I am being charged interest on these duplicate charges due to their inaction. 

I request an investigation into this matter and assistance in holding Citi Credit Card Company accountable for failing to properly handle my dispute. Please let me know what steps I need to take to escalate this complaint. 
Best regards, XXXX XXXX."
12009265,2025-02-09,Credit card,Problem with a purchase shown on your statement,"Affirm Holdings, Inc",FL,"I purchased a product from XXXX. I never received the product d/t to exceptions from the delivery company. The product was returned to the seller as a result. Seeing I have a payment due on the XXXX of XXXX for a product ordered XX/XX/XXXX and never received I reached out to seller and Loan Company Affirm. Affirm requested evidence and when I click on the link to submit evidence it says page not available. Customer service must be overseas because there is a language barrier, and they make it very difficult to request a dispute. The email correspondence has no contact information for an agent or representative that may be working on the case. The email itself is a "" no reply '' address.

Your Loan Breakdown With Affirm, you'll never have to pay compounding interest, hidden fees, or unexpected costs. 
{$760.00} Loan amount The amount of credit you borrowed {$760.00} Total of payments The amount you will have paid after making all scheduled payments {$0.00} Finance charge The amount this credit will cost you to date {$0.00} Remaining {$760.00} Processed : XX/XX/XXXX {$760.00} Due : XX/XX/XXXX {$120.00} Due : XX/XX/XXXX {$120.00} Due : XXXX XXXX {$120.00} Due : XX/XX/XXXX {$120.00} Due : XX/XX/XXXX {$120.00} Due : XX/XX/XXXX {$120.00}"
12051341,2025-02-13,Credit card,Trouble using your card,"Bread Financial Holdings, Inc.",TX,"1. Account Transfer and Initial Inquiry In XX/XX/XXXX, my account was transferred from Dell to Community Bank. 
In XX/XX/XXXX, I contacted Community Bank to inquire about the balance, as I was concerned that : The account was not yet paid off.

The balance had increased since the transfer.

I needed a breakdown of payments and transaction history.

2. Identity Verification Issues & Account Closure I attempted to verify my account online, but the verification failed.

I then called Community Bank, but phone verification also failed. 
I was instructed to send an email to their account verification department with : Drivers license Social Security card Proof of address I sent the required documents on XX/XX/XXXX. 
XX/XX/XXXX ( just two days later ), I received a letter stating that the account was closed.

Upon calling Community Bank for clarification, I was informed that the account was closed by their fraud department because they were unable to verify the account using the information I provided.

3. Request for Audit & Lack of Response Since Community Bank could not verify my account using my own personal information, I refused to make payments until they could prove that the account belonged to me. 
I asked how the account was transferred, whether it was merged with another account, and if there were errors in the transferbut I received no clear answers. 
On XX/XX/XXXX, I sent a certified letter to Community Bank formally requesting a full account audit, including : A full transaction history of the account.

Confirmation that the account actually belongs to me.

An explanation of the discrepancies in the balance from the transfer.

Community Bank never responded to my letter, yet they continued reporting the account to the credit bureaus. 
4. Credit Bureau Dispute & Continued Reporting In XX/XX/XXXX, I disputed the account with the credit bureaus based on Community Banks failure to verify the account and their lack of response to my audit request. 
In XX/XX/XXXX, Community Bank verified the account as valid with the credit bureaus, despite : Previously closing the account due to fraud because they could not verify my identity.

Failing to provide me with a full account audit or transaction history.

5. New Information from Community Bank ( XX/XX/XXXX ) On XX/XX/XXXX, I contacted Community Bank again. 
A representative told me that the account had been "" verified '' in XXXX XXXXyet I was never notified, nor do I know how or with whom they verified it. 
The representative also stated that it was not their responsibility to provide a full audit of the account."
12202449,2025-02-26,Credit card,Struggling to pay your bill,DISCOVER BANK,AL,"I received an Attorney Referral Pending letter mid XXXX and I contacted Discover on XX/XX/year> to work out a payment plan for my account. I was told then that since I had been trying to use a third party consolidation program I would have to remove my card from the program and they would unflag my account so that I could work with them on a payment plan, and to give them XXXX business days to have the account unflagged. I gave them XXXX business days and called them back to be told by someone else that I would have to send them a "" XXXX letter '' by mail or fax. I faxed the letter on XX/XX/year> at XXXX. I was told it would take XXXX business days to Set my account up to be able to work out a payment plan for it and to make it possible before the deadline they gave me of XX/XX/year>. I called back on XX/XX/year> just to be told that my account was sent to an attorneys office called XXXX and XXXX and they could no longer discuss my account with me. I had been in constant contact with them for over XXXX weeks working with them on good faith to help me in my situation. They went against their guidelines listed in the letter that they sent me."
12329275,2025-03-05,Credit card,Struggling to pay your bill,DISCOVER BANK,CA,I have been layed off I let them know I am not able to pay and they dont pause payment
12413952,2025-03-12,Credit card,Fees or interest,JPMORGAN CHASE & CO.,CA,I have told chase bank multiple times that I did not make certain charges so I continued to pay them. I work XXXX jobs so its not easy for me to get to the bank during their hours. I am missing work to handle the situation now. I have had fraudulent charges that Ive been paying for months now but I have to take time off work to get mad and force them to pay attention to my words. I dont think this will even help so Im completely closing everything at that bank.
12561254,2025-03-19,Credit card,Closing your account,SYNCHRONY FINANCIAL,WA,"Ok I had a PayPal credit card but never had a card and could only use it thru XXXX witch is run by Synchrony bank and when I called the company they where not welling to work with me and they didnt believe that I didnt have that amount of money so I had to call my bank and put a stop payment cause I knew I didnt have that sort of Income in my bank. Plus I neve had a true credit card number or things like that like you would a normal credit card so I have no sort of proof it was all done thru pay pals site but I should have done this. Few years ago but I never thought it would effect my credit score or my life and its doesnt matter how I keep the payments going and all this it wont change what they did and it is the truth have an amazing. Day. 

XXXX XXXX"
12653144,2025-03-23,Credit card,Incorrect information on your report,AMERICAN EXPRESS COMPANY,PA,"On XX/XX/year>, I contacted American Express ( AMEX ) via live chat to inquire about a PIN on my account that I did not set up or authorize. I explained that my personal information ( phone number, XXXX, and address ) had been compromised and provided police report details as evidence of the breach. 

Despite this, AMEX refused to provide any information about the unauthorized PIN or assist with securing my account. I requested an alternative way to verify my identity by mailing in identification documents, but they declined to offer an email or mailing address for this. After repeatedly refusing to help, the chat representative abruptly ended the conversation. 

I am concerned about the security of my account and the refusal of AMEX to assist in securing my personal data. I am filing this complaint because I feel American Express has failed in its responsibility to protect my information and provide adequate customer service after a security breach."
12706673,2025-03-28,Credit card,Closing your account,PENTAGON FEDERAL CREDIT UNION,PR,"Today XX/XX/scrub>/2025 I received a letter of the cancellation of my credit card with ( XX/XX/year>2025 ) date due inactive credit card account. 
I immediately called PenFed to request if there was a claim I could make or how could they help me because I wanted my line to be reopened. The representative told me that theres nothing they can do when the account is closed due inactive account. 
I told the representative that I didnt want to use my card and I would try anything to reopened the account. The person said he was sorry. I know is not his fault so I did not keep complaining, but I feel it was an unfair practice."
12863612,2025-04-07,Credit card,Fees or interest,JPMORGAN CHASE & CO.,GA,"As depicted in my statement with a due date of XX/XX/year> my "" interest saving balance '' is shown on the statement as "" {$3000.00} '', I paid {$3500.00} on XX/XX/year>, which was more than the "" interest saving balance '' shown on this statement. However, Chase charged me {$30.00} on XX/XX/year> anyway, When I spoke to "" XXXX '' on XX/XX/year> at ~ XXXXXXXX XXXX, a supervisor at Chase, she informed me that this interest charge was due to not paying in full a previous balance on the card. However, I feel this practice of depicting a "" interest saving balance '' is a violation of XXXX since it clearly does not describe the actual amount needed to be paid in order to actually avoid an interest charge. Chase states that they are not able to refund the interest charge. If this is a standard practice at Chase then countless other customers are being subjected to these fraudulent charges. 

This is a follow up to case XXXX. The payment in the amount of {$3500.00} was actually made on XX/XX/year>, not XX/XX/year> as previously stated. If this payment date is the reason why they charged me interest then it is a violation of XXXX. Also, Chase should have paid attention to when I made the payment. This is a complaint of a violation of XXXX."
12889630,2025-04-09,Credit card,Problem with a purchase shown on your statement,CAPITAL ONE FINANCIAL CORPORATION,TX,"Today on XXXX I contacted Capital One and XXXX due to my disputes being closed with the merchant XXXX XXXX. I initiated a chargeback due to non-receipt of services from the merchant who never responded until the XXXX claim was initiated. 

The merchant wanted me to sign a disclaimer rescinding all of my chargebacks, which I declined so that the bank could arbitrate on my behalf. 

Some of the claims have already been settled and the money returned to my account, all of the same supporting documentation has been sent to them on each case individually despite it being all from the same online casino. 

Now Capital One and XXXX are asking that I provide a copy of the cancelation policy, which I have as well as a "" gift voucher '' from the merchant stating that they're agreeing to return the funds. This is not possible for me to acquire, since they owe me {$4100.00} and locked my account from their platform as soon as the chargeback process was initiated. 

All I'm seeking is to have my purchases refunded from the merchant, for the merchant to provide the service, and for Capital One to work on my behalf to dispute the charges fairly. Under sweepstakes law the merchant should have some obligation to process those transactions, or at the very least it seems fraudulent and dishonest."
13083378,2025-04-20,Credit card,"Advertising and marketing, including promotional offers",CAPITAL ONE FINANCIAL CORPORATION,GA,"On XX/XX/XXXX, I received an email from Capital One inviting me to apply for their XXXX Credit Card and if approved, I would received a sign-up bonus of {$300.00} if I spent {$500.00} within 3 month. I then signed up for the credit card and got approved and eventually received my credit card before the offer expired on XX/XX/XXXX. Usually, when you sign up for this credit card, you would receive a sign-up bonus of {$200.00} if you spent {$500.00} within 3 month but I supposed they had a promotion of some sort. 

On XX/XX/XXXX, I called Capital One 's customer service because after reviewing my credit card statements, I qualified for the bonus. I called them to ask about my bonus and they proceeded to tell me that the XXXX Credit Card doesn't have that type of bonus. I then explained to them that the reason why I signed up for this credit card was because of the bonus that they not only advertise on their website but also in the email they sent me on XX/XX/XXXX. They acknowledged that they did send me an email on XX/XX/XXXX about the increased sign-up bonus for the XXXX Credit Card but XXXX proceeded to say that that bonus did not apply to the XXXX Credit Card XXXX 

The person also stated that the bonus ( specifically the sign up bonus that Capital One advertises with this card ) was not offered when I signed up for the XXXX Credit Card however, this was untrue. I received that email from Capital One about the increased sign up bonus on XX/XX/XXXX and opened an account on XX/XX/XXXX ( the date that is on my account opening disclosure ). The increased sign-up bonus offer expired on XX/XX/XXXX. I had already signed up for the account before the expiration date and spent {$500.00} with in 3 months of the open date so I should've received the sign-up bonus. 

In conclusion, Capital One states that if you open up a XXXX Credit Card and spend {$500.00} within the first 3 months of opening the account, you will receive {$200.00}. However, from the email they sent me on XX/XX/XXXX, I was supposed to receive {$300.00}. I did not receive the {$300.00}, {$200.00}, or any sign up bonus and was told that the XXXX Credit Card does not have a sign up bonus even though Capital One advertise that it does."
13294594,2025-05-02,Credit card,Problem with a purchase shown on your statement,Klarna AB,NC,"I have XXXX total charges from Klarna. XXXX from XX/XX/year> in amounts of {$84.00}, {$86.00}, and {$100.00}. I have XXXX charges totaling {$84.00} and XXXX from XXXX I reached out to the XXXX  support chat immediately ( within an XXXX of these charges ) and told them I didnt buy anything when my card was charged and have never used Klarna before for a purchase . I wanted to dispute the charges and block the account and klarna from charging them. They were unable to help and said the card will continue to get charged even though I locked it, set a new card number, and have asked them to block the vendor. I closed the card possibly having an impact on my credit score in the end because I did not trust they could protect my card number and identity from fraud as my card kept continuing to get charged for something I did not buy."
13378908,2025-05-07,Credit card,Problem with a purchase shown on your statement,WELLS FARGO & COMPANY,CA,"Complaint against : Wells Fargo Bank , N.A . 
Product : Credit Card Issue : Fraud or Scam / Billing dispute Unauthorized transaction On XX/XX/2025, I was the victim of a sophisticated phishing scam targeting new hires at my company. An individual impersonating a senior XXXX of my employer contacted me via text message and, under urgent pretenses, instructed me to purchase {$1000.00} worth of gift cards to allegedly support a company client initiative. 

Trusting that the request was legitimate and believing I was performing a job-related task, I completed the purchase and provided the gift card codes to the scammer. I realized shortly thereafter that I had been defrauded and immediately contacted Wells Fargo the same day to report the fraudulent activity. 

Wells Fargo initially denied my dispute on the grounds that I was in possession of my credit card during the transaction. However, the transaction was obtained through fraudulent misrepresentation and under false pretenses, and therefore it should be considered unauthorized under the Fair Credit Billing Act ( FCBA ). The use of my card was not the result of genuine consent but of deliberate deception, and my vulnerability as a new hire was preyed upon by the individual. 

I have provided Wells Fargo with substantial documentation, including a complete copy of the fraudulent communication. I have also reported the incident to the FBIs Internet Crime Complaint Center ( IC3 ) and my local law enforcement agency. In a recent conversation, they informed me that filing a complaint with the FCBA was my only other option. 

I am requesting that Wells Fargo reverse the {$1000.00} fraudulent charge in accordance with the consumer protections afforded by the FCBA."
13421908,2025-05-09,Credit card,"Other features, terms, or problems",AMERICAN EXPRESS COMPANY,CA,"I had repeatedly received AMEX 's promotional offer of opening a platinum card and getting a XXXX points reward for spending {$8000.00} ever since | got their gold card. At the end of XX/XX/XXXX, I used the AMEX promotional mail from my mailbox and opened the account with a promised XXXX reward points after spending {$8000.00}. I qualified the spending. I chatted with the live chat in the AMEX app, and they didn't mention that I didn't get the sign-on reward. Nor did I receive any information upon account opening online, through email, even though they still sent me the promotional card in the mail in the first place. In the chatbox, after account opening, AMEX 's underlying action was to let me spend as much as I could. Not until I called AMEX 's customer service in XX/XX/XXXX, AMEX had clarified my ineligibility for a welcome bonus. After I reported AMEX to the CFPB in another claim immediately after my phone call in XX/XX/XXXX, AMEX alleged that I got "" in the online application, you were advised 'You are not eligible to receive the welcome offer ' "" which never popped up on my end. AMEX wrote back with a letter stating that "" Although you were incorrectly advised about your eligibility for the welcome offer when you called, we are unable to issue the bonus points because you were provided the notice of ineligibility prior to opening the account. '' With the full communication and procedure recorded, I shall conclude that there was a violation of the prohibition against unfair, deceptive, and abusive acts or practices. 
According to the Consumer Financial Protection Circular, the described communication and action above fall under the 'Bait-and-Switch Credit Card Scheme '' and Rewards program operators AMEX were committing unfair or deceptive acts or practices when they revoke or cancel rewards, or prevent the award of rewards, based on buried or vague conditions. These are the hidden conditions and the Inability to redeem rewards that were not shown on my online application page."
13850041,2025-06-02,Credit card,Problem when making payments,"BANK OF AMERICA, NATIONAL ASSOCIATION",NY,"Bank of America charged me a renewal fee, and then attempted to pull the payment for it from an old closed bank account, it then locked me out of the account, not allowing me to provide a new bank account. 

I have been calling them everyday for now a week with no success in getting through, they will ultimately begin charging me late fees, and more importantly adversely report me to the credit bureau ( they did exactly the same thing with my wife )."
13972358,2025-06-09,Credit card,Fees or interest,"CITIBANK, N.A.",NY,"I received a monthly bill from CITICARDS for the billing period XX/XX/year> - XX/XX/year>. 
The bill was due on XX/XX/year> On XX/XX/year> I wrote a check for the full amount due and mailed it. 
The full payment was sent 19 DAYS BEFORE IT WAS DUE. 
( Payment was sent on the very same day I received the bill. ) CITICARDS did not process my payment until after its due date. 
CITCARDS charged me {$45.00} interest '' on my subsequent bill for late payment. 
I called to have the erroneous charge removed and they refused to do so insisting that payment was received late. Nothing I cited or reasoned would sway them. 
I submit that they are in error : I mailed the payment the day I received the bill- a full 19 days before payment was due. CITICARDS and I are both party to a pay-by-check agreement the payment was sent the very day billing was received : a more timely payment is impossible. 
I paid the erroneous interest and I want it paid back to me. 
I am seeking return of the {$45.00} which I never owed them. 
Incidentally, they subjected me to another specious and false interest charge on my newest paper bill : {$24.00} in interest was charged. I called them and cited the fact that via email they acknowledged receipt of my payment for that bill 8 DAYS BEFORE IT WAS DUE. Yet on my paper bill they were charging interest. They removed that {$24.00} charge. 
I am convinced CITICARDS acting criminally ( and intentionally so ) in its billing practices. 
I want my {$45.00} paid back to me."
14182367,2025-06-19,Credit card,"Other features, terms, or problems","BANK OF AMERICA, NATIONAL ASSOCIATION",MD,They are trying to make me pay a debt. I own an estate account and the want me to pay them but its fraud and its in probate court!
14365564,2025-06-30,Credit card,Problem with a purchase shown on your statement,"UPGRADE, INC.",LA,"On XX/XX/year> I gave prior notice via email to Uplift about canceling reservation # XXXX due to slow payments from XXXX XXXX, a XXXX party. After several phone calls to the XXXX XXXX & Uplift, the company representative of Uplift was dismissive about my concerns.

I was told by the travel agent that the cancellation was official on XX/XX/year>. 

Uplift has kept {$810.00} of what I have paid towards reservation # XXXX. And they have reported my account as delinquent instead of cancelling it per my request. A local police was filed against Uplift for theft of my {$810.00}. 

Uplift and XXXX XXXX have not replied to my certified mail. 

Uplift had violated my consumer rights, according to Consumer Financial Protection Bureau ( CFPB ). Uplift did not offer me any protection regarding my request to cancel. 

Uplift had also turned my account into collections with XXXX XXXX. XXXX XXXX no longer appear on my recent credit reports. 

Uplift is a buy now, pay later service. They have wrongfully reported my account to the credit bureaus after I have decided to send them a written notification to cancel reservation # XXXX."
8793171,2024-04-17,Credit reporting or other personal consumer reports,Incorrect information on your report,Experian Information Solutions Inc.,FL,"The banking system is dependent upon fair and accurate credit reporting. Inaccurate credit reports directly impair the efficiency of the banking system, and unfair credit reporting methods undermine the public confidence which is essential to the continued functioning of the banking system. Experian is reporting inaccurate information to my consumer report which is a violation of the Fair Credit Reporting Act. I only have one address and any other would be inaccurate and non-mailable. Any account that is being shown on my credit report that is not associated with my actual address should be deleted from my consumer report immediately."
8879956,2024-04-28,Credit reporting or other personal consumer reports,Incorrect information on your report,"EQUIFAX, INC.",TX,"I recently reviewed a copy of my credit report and noticed I had fraudulent accounts on my report. Please remove these account from my report, they are hurting my ability to obtain credit."
8903964,2024-05-01,Credit reporting or other personal consumer reports,Problem with a company's investigation into an existing problem,"EQUIFAX, INC.",AZ,"NOTICE TO AGENT IS NOTICE TO PRINCIPLE NOTICE PRINCIPLE IS NOTICE TO AGENT I am writing to inform you of my dispute regarding the account listed on my credit report maintained by your company I assert that your company is subject to the arbitration agreement as stated on your company 's website, as well as the arbitration procedures provided by XXXX. 
I am fully aware of the financial implications associated with initiating arbitration proceedings, and I am extending you one opportunity to resolve this matter amicably. My settlement demand is as follows : I want to emphasize that the costs associated with initiating arbitration proceedings, including filing fees, arbitration initiation fees, arbitration deposits, and any legal costs incurred throughout the arbitration process, will be significant. As per the arbitration procedures outlined on the XXXX  website, you will be responsible for covering these costs, which could amount to tens of thousands of dollars. 
Failure to comply with my demands will result in the initiation of arbitration proceedings. I want to remind you that your continued collection activities may constitute a violation of the Fair Debt Collection Practices Act ( 15 USC 1692c ( c ) ), which prohibits communication through mediums other than mail upon request. 
I expect a prompt response within 15 DAYS, confirming your acceptance of my settlement terms and detailing the steps you will take to comply. If I do not receive a satisfactory response within this timeframe, I will proceed with arbitration without further notice. 
Please send all correspondence related to this matter to the address listed above."
8911054,2024-05-03,Credit reporting or other personal consumer reports,Incorrect information on your report,"TRANSUNION INTERMEDIATE HOLDINGS, INC.",MN,"For several months I have been waiting for Transunion to process my XXXX XXXX XXXX, which was mailed on XX/XX/2024, XX/XX/2024, and XX/XX/2024, and included in my CFPB Complaint Submitted on XX/XX/2024. Since this dispute is a trafficking related dispute and by law, they only had XXXX business days to block the information on my credit file. I was already planning to just redispute the information online because Transunion did block some of the trafficking related information due to receiving my disputes on the above dates, BUT THEY DID NOT BLOCK ALL OF IT, and then to add insult to my injury TransUnion UNBLOCKED the insufficient partial information they had blocked TODAY, THURSDAY, XX/XX/2024. This is just XXXX of several times that TransUnion has done this! 

Each time I have disputed my trafficking related information with TransUnion they have discriminated against me and violated my rights by delaying blocking trafficking related information beyond what is allowed by law, and/or failing to block the trafficking related information at all or choosing to block only some of the trafficking related information or blocking it and then unblocking it. 

TransUnion Has Received A XXXX Page Dispute From Me On Multiple Occasions. 

Which Included : o Proof Of Identity : I Am Enclosing A Copy Of My MN Drivers License. 
o A Self-Attestation That You Are A Victim. 
o Trafficking Documentation : o XXXX ( XXXX ) XXXX Trafficking Victim Determination Letter From XXXX XXXX ( XXXX )/ Victim Service Provider ( VSP ). 
o XXXX Notice. 
o XXXX Reasonable Accommodation Request. 
o XXXX XXXX XXXX XXXX. 

For a dispute to take months is a direct violation of my rights and protections. I have talked to them countless times, texted them several times, and tried to email them numerous times about this. I even registered for their secure email account to communicate with them, but they have prevented me from responding, so I can see their messages and attachments and that is all. 

This has all been done in bad faith and maliciously to cause me to not be able to get trafficking related information blocked from my credit report so they can continue to report the trafficking related information falsely and maliciously. 

Id also like to point out that I just made a complaint about Transunion blocking my online access to my credit report and score, and my ability to process disputes online. They responded saying they did that because I am a fraud victim, and they want fraud victims to send and request their information via mail. So, because I am a victim they want to revictimize me. I NEVER REQUSTED A FRAUD ALERT A SECURITY FREEZE OR ANYTHING ELSE that would prevent me from requesting my credit report, score, and processing my disputes online. Again, This has all been done in bad faith and maliciously to cause me to not be able to get trafficking related information blocked from my credit report so they can continue to report the trafficking related information falsely and maliciously. 

This is further proven by their refusal to process my trafficking related dispute sent by postal mail on XX/XX/2024, XX/XX/2024, and XX/XX/2024. They keep making it seem like I am insufficiently doing something, and they keep trying to transfer the blame to me by making me to do this do that and I do, and THEY STILL WONT block the information they are required to by law! 

They simply DONT WANT TO DO IT and are doing everything they can to delay and prevent from blocking the inaccurate trafficking related information from my credit report. 

Its Hard To Predict What Their Excuse For Violating Me Like This Will Be. 

Maybe they will say because the dispute is mailed, they legally have a year to process it. This is factually untrue. 

Maybe XXXX produce a bogus excuse for not processing the dispute like the documentation sent to them via mail was insufficient but that is also FACTUALLY UNTRUE TransUnion has removed trafficking related items from my credit file USING THE SAME EXACT DOCUMENTATION IN THE PAST, actually they have done it with less information. 

DESPITE ALL OF THIS TransUnion continues to report trafficking related information on my credit report and make extraneous and erroneous requests to send things via mail and when I do, they just continue to report the trafficking related information. 

The trafficking - related information remains on my file in violation of my rights and is causing me substantial harm. 

I Have Already Been Harmed Because : XXXX. I was unable to obtain an auto and personal loan due to this inaccurate and false credit reporting. 
XXXX. I have suffered homelessness and can not secure stable housing because of this inaccurate and false information in my credit report. 
XXXX. I was charged an inflated rate of interest for the credit I was able to obtain because of the inaccurate and false credit report. 
XXXX. I was unable to open new lines of credit as a result of inaccurate and false credit reporting. 
XXXX. I was denied an apartment due to this inaccurate and false credit reporting. 
XXXX. I was denied credit MULTIPLE TIMES due to this inaccurate and false credit reporting. 
XXXX. Due to my XXXX I had to pay someone to help me to call to resolve this matter since because of my XXXX I am unable to communicate with a representative of Transunion via phone. 
XXXX. Due to my XXXX I had to pay more for postage, and I also had to pay someone to mail the disputes to Transunion on XXXX separate occasions, since because of my XXXX I am unable to mail the disputes. 



XXXX. I had to take time off from work to find and coordinate to have someone do the above with Transunion which has taken a lot of time and cost me a lot of money! 

They Have Also Ignored My Medically Necessary XXXX Reasonable Accommodation Requests Of : XXXX. Being able to exchange two-way communication with a representative of your office via email, or an online messaging portal I can be given access to, so that I XXXX communicate with a representative of your office effectively and receive notices from your office successfully. 

XXXX. Having my online access and ability to request my credit report, score, and process disputes online restored. 

XXXX. To have a dedicated employee of your office permanently available to me that I can communicate with directly via email and have my concerns and requests reviewed. 

These Requests Have Been Ignored By Transunion For An Unreasonable Amount Of Time! 

On XX/XX/2024 I Read The Notification That CFPB Finds Violations of Credit Report Accuracy Requirements, Including for Survivors of Human Trafficking, and that consumer reporting companies and furnishers do not follow their dispute resolution obligations relating to human trafficking, and Consumer reporting companies failed to block or remove information relating to human trafficking, and CFPB examiners directed consumer reporting companies to revise their compliance processes to ensure that they process all human trafficking block requests per the law. I was OVERJOYED SAYING FINALLY SOME COMPLIANCE ENFORCEMENT AND RELIEF FOR SURVIVORS! I then had faith that things would change and because of this TransUnion would immediately resolve the errors. So, this is what encouraged me to remail my dispute on XX/XX/2024. Sadly, Devastatingly, I was wrong, and not a little wrong, very wrong, because as I said before TODAY TRANSUNION UNBLOCKED THE LITTLE BIT OF TRAFFICKING RELATED ACCOUNTS IT HAD BLOCKED AS A RESULT OF MY HUMAN TRAFFICKING DISPUTES! XXXX XXXX! 

This is discrimination, prejudicial, and I view it as a violent criminal hate incident against me. If I can not get this matter resolved immediately, I will file a discrimination complaint with the MN XXXX XXXX XXXX XXXX, the XXXX XXXX XXXX XXXX, and I will be consulting with a consumer rights attorney that specializes in FCRA and Debt Bondage Act litigation to sue TransUnion."
9120808,2024-05-28,Credit reporting or other personal consumer reports,Improper use of your report,WELLS FARGO & COMPANY,PA,"According to the Fair Credit Reporting Act ( FCRA ), 15 U.S.C. 1681, section 602 ( a ), it is essential that consumer reporting agencies manage their responsibilities with fairness and respect for the privacy of individuals. As a consumer, I have the right to ensure my personal information is protected. This is further supported by 15 U.S.C. 6801, which mandates financial institutions to safeguard the privacy and confidentiality of their customers ' nonpublic personal information.

XXXX, as consumer reporting agencies, and [ Furnisher of Information to Credit Agencies ], as a financial institution, are subject to these regulations. 15 U.S.C. 1681, section 604 ( a ) ( 2 ) specifies that a consumer report can only be furnished with the consumer 's written instructions, which I have not provided. Consequently, any prior consent, whether implied or explicit, is hereby revoked.

Furthermore, 15 U.S.C. 6802 ( b ) ( c ) states that a financial institution can not disclose nonpublic personal information to a nonaffiliated third party unless the consumer is informed about how to opt-out of such disclosures. I was never informed of my right to opt-out by [ Furnisher of Information to Credit Agencies ] . Additionally, 15 U.S.C. 1681c ( a ) ( 5 ) prohibits consumer reporting agencies from including adverse information in a report if it is older than seven years, except for criminal convictions. The inclusion of such information without my permission violates this statute. 

Moreover, under 15 U.S.C. 1681s-2 ( a ) ( 1 ) ( A ), no entity should furnish information to a consumer reporting agency if they know or have reasonable grounds to believe it is inaccurate. It appears that XXXX are not adhering to the requirement to maintain reasonable procedures to prevent such violations, as stipulated in 15 U.S.C. 1681e. 

I am also exercising my right to opt-out of the reporting services of XXXX as per 12 CFR 1016.7, which allows consumers to opt-out at any time."
9189133,2024-06-05,Credit reporting or other personal consumer reports,Improper use of your report,Experian Information Solutions Inc.,SC,"APPEARING ON CONSUMER CREDIT REPORT FOR CHILD SUPPORT DEBT WHICH I HAVE LETTER FROM AGENCY THAT THIS IS NOT A DEBT AND THEREBY THE UNDERSIGNED IS REQUIRING THIS INFORMATION BE REMOVED FROM HIS CREDIT REPORT UNLESS THIS CREDIT REPORTING AGENCY CAN PROVIDE PROOF THAT THE UNDERSIGNED OWES A DEBT FOR CHILD SUPPORT LAWS REQUIRING ACCURATE INFORMATION 1. FCRA 623 ( a ) ( 3 ). Responsibilities of furnishers of information to consumer reporting agencies [ 15 U.S.C. 1681s-2 ] ( a ) Duty of Furnishers of Information to Provide Accurate Information ( 3 ) Duty to provide notice of the dispute. If the completeness or accuracy of any information furnished by any person to any consumer reporting agency is disputed to such person by a consumer, the person may not furnish the information to any consumer reporting agency without notice that such information is disputed by the consumer. 2. 15 U.S. Code 1692e - False or misleading representations ( 8 ) Communicating or threatening to communicate to any person credit information which is known or which should be known to be false, including the failure to communicate that a disputed debt is disputed. 3. 28 U.S. Code 1691- Seal and Teste of process All writs and process issuing from a court of the United States shall be under the seal of the court and signed by the clerk thereof. THIS LAW IS REQUIRING THIS CREDIT REPORTING AGENCY TO PROVIDE A COURT ORDERED DEBT COMPLETE WITH SEAL OF THE COURT AND SIGNED BY CLERK, AND DEPUTY CLERKS SIGNATURE IS NOT A JUDICIAL SIGNATURE PURSUANT XXXX XXXX XXXX XXXX XXXX XXXXXXXX XXXX XXXX XXXX XXXX XXXX XXXXXXXX XXXX XXXX ] [ hn. XXXX ( XXXX Cir. XXXX ), emphases added ] XXXX as all writs and processes issuing from a court of the United States are required, by statute, to be under seal of court and signed by clerk thereof, an injunction signed only by deputy clerk of district court is not void for want of a judicial signature. According to the Fair Credit Reporting Act 15 USC 1681 section 602a states "" There is a need to insure that consumer reporting agencies exercise their grave responsibilities with fairness, impartiality, and a respect for the consumers right to privacy. '' XXXX, Experian, and XXXX are consumer reporting agencies and I am the ( Consumer ). I have the right to make sure my private information isn't shared which is backed by 15 USC 6801 which states It is the policy of the Congress that each financial institution has an affirmative and continuing obligation to respect the privacy of its customers and to protect the security and confidentiality of those customers nonpublic personal information. '' ( Furnisher of information to credit agencies ) is a financial institution by definition under that title. 15 USC 1681 section 604 a section 2 states that "" In general Subject to subsection ( c ), any consumer reporting agency may furnish a consumer report under the following circumstances and no other : in accordance with the written instructions of the consumer to whom it relates. '' ( Furnisher of information to credit agencies ) the financial institution and the Consumer reporting agencies XXXX, Experian, and XXXX do not have my consent to furnish this information and they surely do not have my written consent. Any and all consent to XXXX, Experian, and XXXX ( Furnisher of information to credit agencies ) whether it be verbal, non-verbal, written, implied or otherwise is revoked. 15 USC 6802 ( b ) ( c ) states that "" A financial institution may not disclose nonpublic personal information to a nonaffiliated third party unless the consumer ( Me ) is given an explanation of how the consumer can exercise that nondisclosure option. '' ( Furnisher of information to credit agencies ) Never informed me of my right to exercise my nondisclosure option. Not only that 15 USC 1681C ( a ) ( 5 ) states '' Except as authorized under subsection ( b ), no consumer reporting agency may make any consumer report containing any of the following items of information. Any other adverse item of information, other than records of convictions of crimes which antedates the report by more than seven years. '' This account is an adverse item they are reporting again without my permission, which is against the law. 15 U.S. Code 1681s2 ( A ) ( 1 ) A states "" A person shall not furnish any information relating to a consumer to any consumer reporting agency if the person knows or has reasonable cause to believe that the information is inaccurate. 15 U.S. Code 1681e states '' Every consumer reporting agency shall maintain reasonable procedures designed to avoid violations of section 1681c of this title and to limit the furnishing of consumer reports to the purposes listed under section 1681b of this title. XXXX, Experian, and XXXX are not maintaining reasonable procedures. Also 12 CFR 1016.7 states that "" A consumer may exercise the right to opt out at any time. '' I am opting out of your reporting services forever. I am requesting for a proper investigation according to the law. Investigate every piece of information on the accounts I have listed below. According to the FRCA 15 USC 1681 everything MUST be 100 % accurate. Not 99.9 %, 80 %, 60.2 % but a 100 % accurate. According to the FRCA The term investigative consumer report means a consumer report portion thereof in which information on a consumers character, general reputation, personal characteristics, or mode of living is obtained through personal interviews with neighbors, friends, or associates of the consumer reported on or with others with whom he is acquainted or who may have knowledge concerning any such items of information. I know and believe its not accurate and I have some stuff already circled of inaccuracy. Plus, I know and believe a proper investigation will not be done how the law says it should be done to find out if it was accurate. Plus, I also stated I was opting out, and I have that right to do so. I do not consent, and I am reserving my rights. I am requesting immediate deletion of the account listed below, { {$1000.00} } per violation of the FCRA, and for my credit score to be reflected and updated. I believe that's fair enough. I also believe the courts would award me more, what I'm asking for is ( me ) willing to settle. The laws I provided are to protect the consumer ( me ) and for you to follow respectfully. Remove Child Support account."
9216018,2024-06-10,Credit reporting or other personal consumer reports,Problem with a company's investigation into an existing issue,"Rowland Avenue Management, Inc. A/KA Columbia Debt Recovery, LLC d/b/a Genesis",VA,"On XX/XX/year>, I seen on my credit report that Columbia Debt Recovery LLC DBA Genesis has my account in collection for {$10000.00} for non-payment of rent. I have disputed this with debt collector, but they insisted that this was my debt."
9274624,2024-06-16,Credit reporting or other personal consumer reports,Incorrect information on your report,"TRANSUNION INTERMEDIATE HOLDINGS, INC.",GA,"XXXX ( XXXX XXXX XXXX ) Account has been closed since XX/XX/year>, and is still reporting on all the credit profile. They're also reporting XXXX missed payments which is totally inaccurate. This company continues to patronize me with sending "" validation letters '' that do not account for XXXX missed payments. DO NOT CHOOSE XXXXXXXX XXXX XXXX"
9337880,2024-06-25,Credit reporting or other personal consumer reports,Problem with a company's investigation into an existing problem,Experian Information Solutions Inc.,PA,"When I reviewed my credit report, I discovered that some of the information was erroneous. The XXXX credit bureaus must validate these accounts in line with Sections 609 ( a ) ( 1 ) ( A ) and 611 ( a ) ( 1 ) ( A ). It is not authorized to fail to validate these reporting accounts as unverified information without providing any proof within the period allowed by law. The following accounts need to investigate and correct from erroneous reporting in my file are listed on my credit report : XXXX XXXX XXXX XXXX XXXX XXXX XXXX XXXX XXXX XXXX XXXX XXXX XXXX"
9339727,2024-06-25,Credit reporting or other personal consumer reports,Incorrect information on your report,"EQUIFAX, INC.",PA,"My account with XXXX - XXXX was never late! I have had exceptional payment history with XXXX XXXX  and all payments were placed on Autopay. This late payment that is reporting is a result on a systematic error on their end processing my payment.

This was clearly a billing error made me the company and is not a reflection of my payment experience which violates USC Code 1681eb. This error has caused severe hard to my reputation, my character, my mode of living and to my family!

I demand the late payment reported to be removed.

They are not in compliance with the following law. 15 USC 1666b and its requirements set the standards and the guidance for a creditor to treat a payment as late, yet they are reporting a payment as late and they did not comply with the law!

15 USC 1666b ( a ) Time to make payments A creditor may not treat a payment on a credit card account under an open-end consumer credit plan as late for any purpose, unless the creditor has adopted reasonable procedures designed to ensure that each periodic statement including the information required by section 1637 ( b ) of this title is mailed or delivered to the consumer not later than 21 days before the payment due date. 


XXXX XXXX XXXX Never Sent the periodic statement along with the disclosures from section 1637 ( b ).

I have requested proof that this information was mailed or delivered 21 days before the payment due date and this information was requested in good faith pursuant rule 1002 and It was never provided.

This is unfair, illegal, fraudulent, and not equitable to me as a consumer!

Delete the late payments from my consumer reports"
9468682,2024-07-10,Credit reporting or other personal consumer reports,Incorrect information on your report,Experian Information Solutions Inc.,FL,"According to my research about FCRA 605, Credit Bureaus are required by law to remove any items which are found to be opened due to identity theft. Again, it appears that my credit with you has been compromised, these items being reported are creating a ton of emotional & financial stress which is impacting my ability to sleep, causing problems at my job & creating unwanted stress in my home life. The following items that you must remove are listed below : XXXX XXXX XXXX XXXX XXXX XXXX XXXX XXXX XXXX XXXX XXXX XXXX XXXX XXXX XXXX XXXX XXXX XXXX XXXX XXXX XXXX XXXX XXXX XXXX XXXX XXXX EXPERIAN XXXX XXXX XXXX EXPERIAN XXXX XXXX XXXX XXXX XXXX XXXX XXXX XXXX XXXX XXXX XXXX XXXX XXXX XXXX XXXX XXXX XXXX XXXX XXXX XXXX XXXX XXXX XXXX XXXX XXXX XXXX XXXX XXXX XXXX XXXX XXXX XXXX XXXX XXXX XXXX XXXX XXXX XXXX XXXX XXXX XXXX XXXX XXXX XXXXXX/XX/XXXX"
9705627,2024-08-04,Credit reporting or other personal consumer reports,Problem with a company's investigation into an existing problem,"Westlake Services, LLC",CA,"XXXX XXXX XXXX XXXX XXXXXXXX XXXX XXXX XXXX XXXXXXXX XXXX, California XXXX XXXX XXXX XX/XX/XXXX To : XXXX, XXXX, XXXX Subject : Final Request for Verification and Documentation of Account name : WESTLAKE FINANCIAL SERVICES, Account # : XXXX This Dispute serves as my final attempt to resolve this matter, of the original high credit balance amount owed {$20000.00}, before pursuing legal action. I am writing to formally request the following DOCUMENTS related to my account : XXXX Verification and proof of the bill of sale for the auction price of the vehicle that was repossessed. 

XXXX A detailed statement showing proof of total actual amount of payments made by me from the opening date of the account in XX/XX/XXXX through the present date, XX/XX/XXXX. 

XXXX Proof of the GAP insurance payment amount you received. 


*Please send all requested documentation by mail to the address provided above within 30 days of receipt of this letter. If you fail to provide proof of the requested documentations to me within this timeframe, I will have no choice but to seek legal action and demand that this account be deleted and removed from my credit report. 

Thank you for your immediate attention to this matter. I look forward to your prompt response. 

Sincerely, XXXX XXXX XXXX"
9719136,2024-08-06,Credit reporting or other personal consumer reports,Problem with a company's investigation into an existing problem,"TRANSUNION INTERMEDIATE HOLDINGS, INC.",PA,"my son didn't return equipment to XXXX. I was billed for equipment at a house that I never lived in. XXXX never notified me of an unpaid balance or unreturned equipment because the address was not part of my account. a collections service sent the bill to me so I went and picked up the equipment and returned it and paid the balance because it was hurting my credit rating. this should never have been on my credit report to begin with. I have tried disputing this with XXXX and TransUnion. 
it was placed in collections on XX/XX/XXXX for {$180.00} and paid on XX/XX/XXXX"
9726161,2024-08-07,Credit reporting or other personal consumer reports,Incorrect information on your report,Experian Information Solutions Inc.,MI,"I have found several inaccuracies and unauthorized inquiries on my consumer report. I would like each of these inaccurate accounts and inaccurate information to be removed effective immediately, which is my right as a Federally protected consumer under the FCRA. Personal information. Names. Only the name XXXX XXXX XXXX should be present all my consumer report any variation or misspelling of his name must be removed. The names XXXX, XXXX, XXXX Addresses. Only the address XXXX XXXX XXXX XXXX, MI XXXX Should be present on my consumer report. Any other addresses are in accurate and does not accurately represent me as a consumer I can not be reached nor contacted at any of these addresses.. the following addresses must be removed XXXX XXXX XXXX XXXX XXXX, MI XXXX XXXX XXXX XXXX XXXX XXXX XXXX XXXX, MI XXXX XXXX the birthdate/year of birth field YEAR OF BIRTH XXXX this is incorrect and incomplete. I would like this in accurate information removed from all forms of my consumer report. Which is my right under 15 USC 6802. XXXX XXXX XXXX XXXX XXXX XXXX XXXX this information must be removed from my credit report because it is incorrect. I have never worked at these institutions. I do not know where this information came from. Please remove it from my consumer report. XXXX XXXX XXXX Balance {$120.00} This account was opened XXXX XXXX, XXXX ( XXXX yrs, XXXX mon ) this account was created on mistaken identity, this account is not mine. per XXXX XXXX XXXX this company does not have my permissible purpose to reflect or furnace. Any information onto my consumer report. Per 15 USC 6802. I am now opting out of XXXX XXXX XXXX company reporting or furnishing any data on my behalf. Per 15 USC 1666B it is illegal for a company to furnish information on my consumer report as far as my transactions and interactions involving my credit. This company has been reporting several missed and late payments on my behalf without my permission. The this account must be removed from consumer report. according to the FCRA, Section 623, It is not lawful for a collection account to be reported in the status of Open if this account is being reported as a collection this account should be is closed. This account must be removed based on the false and misleading reporting stats of reported as an open account. As a consumer based on 29 CFR 500.6 - Accuracy of information, statements and data & 28 CFR 20.37 - Responsibility for accuracy, completeness, currency, And integrity"
9767695,2024-08-12,Credit reporting or other personal consumer reports,Problem with a company's investigation into an existing problem,"EQUIFAX, INC.",PA,"Dear [ Agency 's Name or Representative ], Subject : Dispute Regarding Fraudulent Accounts and FCRA Compliance I am writing to formally dispute the inclusion of several accounts on my credit report, which I believe to be fraudulent. Despite my previous attempts to resolve this matter, the accounts listed below have not been appropriately addressed, in violation of the Fair Credit Reporting Act ( FCRA ) XXXX XXXX XXXX XXXX XXXX XXXX XXXX According to the FCRA, credit reporting agencies are required to verify accounts by obtaining a valid signature and multiple forms of identification. To date, these accounts have failed to present the necessary documentation to substantiate their legitimacy. 

As a consumer, I have the right to expect that the information on my credit report is accurate and verifiable. The automatic validation of these accounts without proper verification is a clear violation of FCRA guidelines. 

I kindly request that you thoroughly investigate these accounts and remove them from my credit report if they can not be verified according to the standards set forth by the FCRA. Please provide me with a written confirmation of the actions taken regarding this matter. 

Thank you for your prompt attention to this issue. I look forward to your swift resolution. 

Sincerely, XXXX XXXX"
9959065,2024-08-30,Credit reporting or other personal consumer reports,Problem with a company's investigation into an existing problem,Experian Information Solutions Inc.,CA,"By Law, they need to provide proof that they either sent me an email or mailed out a letter 21 days prior to said due dates of missed payment. They also need to provide me the proof that they either sent or emailed me the option to opt out before they released this on my consumer report. The only thing they sent proof of were said dates of payments that were late.

Due to Laws, 15 U.S. Code 1666B, without that proof they are violating that law to put this on my consumer report.

with - 15 U.S. Code 1681a ( 2 ) ( I ) they may not report transactions or experiences between consumer and person making the report. - 15 U.S. Code 6802 - Obligations with respects to disclosures of personal information.

18 USC 1028A aggregated identity theft.

This company is breaking multiple consumer laws and if this is not reported and fixed on my consumer report I am asking they delete all the above late payments from my consumer report, and change them from late to PAANL ( Paid As Agreed, Never Late ). Failure to respond with correction of the account, and send out a free copy of my report after the changes have been made will result in legal actions being taken against your company, for which I will also be seeking {$1000.00} per violation for each law stated above."
9977872,2024-08-30,Credit reporting or other personal consumer reports,Improper use of your report,"TRANSUNION INTERMEDIATE HOLDINGS, INC.",FL,"I am writing to dispute this item on my credit report that have infringed upon my federally protected consumer rights to privacy and confidentiality, as guaranteed by 15 USC 1681 of the Fair Credit Reporting Act ( FCRA ). 

The following account listed on my credit report have violated my rights XXXX XXXX XXXX XXXX XXXX XXXX XXXX XXXX XXXX XXXX XXXX XXXX XXXX XXXX XXXX XXXX XXXX XXXX XXXX XXXX XXXX XXXX 

According to 15 USC 1681b, consumer reporting agencies may only furnish consumer reports under certain circumstances. The unauthorized disclosure of my personal information to these entities constitutes a breach of confidentiality and an infringement upon my right to privacy.

15 U.S.C 1681 section 602 A. States I have the right to privacy.

15 U.S.C 1681 Section 604 A Section 2 : It also states a consumer reporting agency can not furnish a account without my written instructions.

15 U.S.C 1681c. ( a ) ( 5 ) Section States : no consumer reporting agency may make any consumer report containing any of the following items of information. Any other adverse item of information, other than records of convictions of crimes which antedates the report by more than seven years.

15 U.S.C. 1681s-2 ( A ) ( 1 ) A person shall not furnish any information relating to a consumer to any consumer reporting agency if the person knows or has reasonable cause to believe that the information is inaccurate."
10060830,2024-09-09,Credit reporting or other personal consumer reports,Incorrect information on your report,Experian Information Solutions Inc.,FL,"First I need to state my right to privacy is paramount. Im enforcing this right with this dispute letter. Per 15 U.S. Code 1681 ( a ) ( 4 ) you have full responsibility to exercise their grave responsibilities with fairness, impartiality, and a respect for the consumers right to privacy. Im exercising this right under the code. Please see the following information is handled with the utmost fairness, impartiality and respect for my right to privacy. 

Under 15 U.S. Code 1681b ( permissible purpose ) I have never granted the following companies any permissible purpose. They are in strict violation of this code. I need the following account ( s ) removed from my report as they are damaging my reputation, character, credit worthiness, credit standing, credit capacity, etc. Since you are required to protect my privacy I need this matter handled with the utmost urgency. 


XXXX XXXX XXXX XXXX XXXX XXXX XXXX XXXX XXXX XXXX XXXX XXXX XXXX XXXX XXXX XXXX XXXX XXXX XXXX XXXX XXXX XXXX XXXX XXXX XXXX XXXX XXXX XXXX XXXX XXXX XXXX XXXX XXXX XXXX XXXX XXXX XXXX XXXX XXXX XXXX XXXX XXXX XXXX XXXX XXXX"
10067235,2024-09-09,Credit reporting or other personal consumer reports,Incorrect information on your report,"TRANSUNION INTERMEDIATE HOLDINGS, INC.",DC,I HAVE NOT GIVEN PERMISSION FOR MY PERSONAL INFORMATION TO BE REPORTED BY ANY CREDIT COMPANY OR BUREAU. THESE ADDRESSES CAN BE FOUND ON ALL 3 OF MY CREDIT REPORTS AND ARE ADDRESSES THAT I NEVER LIVED AT OR I CURRENTLY DO NOT LIVE AT THE ADDRESSES ANYMORE. SEE ATTACHMENTS FOR ADDRESSES LISTED OTHER THAN THE ADDRESS BELOW CURRENT ADDRESS XXXX XXXX XXXX XXXX XXXX XXXX XXXX XXXX XXXX XXXX
10360659,2024-10-04,Credit reporting or other personal consumer reports,Credit monitoring or identity theft protection services,Experian Information Solutions Inc.,IL,"Experian has a fraudulent name ( XXXX XXXX XXXX ) listed for a membership with them under my credit report. I never signed up for any membership plan with Experian. This is not my name nor can they provide a wet signature with my name on it that I signed up for this. I don't know who this person is they have listed under my report. Please see below and attached. 

Personal information Name XXXX XXXX XXXX Address XXXX XXXX XXXX XXXX XXXX, IL XXXX Phone number ( XXXX ) XXXX VERIFIED Email XXXX Annual income"
10669873,2024-11-03,Credit reporting or other personal consumer reports,Incorrect information on your report,"EQUIFAX, INC.",IL,"I am formally requesting to dispute the unauthorized and inaccurate information currently appearing on my credit report. After a thorough review of the report, I have identified several significant discrepancies that are not reflective of my actions or financial history. Specifically, these inaccuracies involve accounts I never opened, personal information that is incorrect, and inquiries made without my consent. I kindly request your investigation and removal of the following items : LATE PAYMENT XXXX XXXX XXXX XXXX XXXX XXXX XXXX XXXX XXXX XXXX XXXX XXXX XXXX XXXX XXXX XXXX XXXX XXXX XXXX XXXX XXXX XXXX XXXX XXXX XXXX XXXX XXXX XXXX XXXX XXXX XXXX XXXX XXXX XXXX XXXX XXXX XXXX XXXX XXXX XXXX XXXX XXXX XXXX XXXX XXXX XXXX XXXX XXXX XXXX XXXX XXXX XXXX XXXX XXXX XXXX XXXX XXXX XXXX"
10873205,2024-11-20,Credit reporting or other personal consumer reports,Improper use of your report,NCB Management Services Inc.,NJ,No knowledge of this company. They have sent threatening letters to my home and call and refuse to ID themselves.
10960713,2024-11-28,Credit reporting or other personal consumer reports,Incorrect information on your report,Experian Information Solutions Inc.,KY,"This letter serves as my formal demand under the Fair Debt Collection Practices Act ( FDCPA ), 15 U.S.C. 1692g ( b ) for a complete validation of the debts you claim I owe, associated with the accounts listed above. Despite my prior requests, you have failed to provide sufficient evidence that these debts are mine, which violates my rights as a consumer. You are also violating my rights under 73 P.S. 201-1 et seq. ( XXXX XXXX XXXX XXXX XXXX XXXX XXXX XXXX ) by failing to provide transparency and accountability in your collection practices. XXXX XXXX XXXX XXXX I am also attaching the reposne from XXXX XXXX where they found no accounts that were mentioned on the ftc repoprt AND ALSO THE FOLLOWING INQUIRIRES XXXX XXXX XXXX XXXX XXXX XXXX XXXX XXXX XXXX XXXX XXXX XXXX XXXX XXXX XXXX XXXX XXXX XXXX XXXX XXXX XXXX XXXX XXXX XXXX XXXX XXXX XXXX XXXX XXXX XXXX XXXX XXXX XXXX XXXX XXXX XXXX XXXX XXXX XXXX XXXX XXXX XXXX XXXX XXXX XXXX XXXX XXXX XXXX XXXX XXXX XXXX XXXX XXXX XXXX XXXX XXXX XXXX XXXX XXXX XXXX"
11079673,2024-12-09,Credit reporting or other personal consumer reports,Improper use of your report,"EQUIFAX, INC.",GA,"I would Like to file a complaint regarding an account reporting to my credit report without my knowledge or authorization. Specifically the account in question is XXXXXXXX XXXX XXXX XXXX account number XXXX which has been reported as an Authorized User on my credit report with a duplicate account number as my actual Georgias Own account. I did not consent to this Authorized User account. This inaccurate reporting violates my rights under the Fair credit Act particularly the following laws 15 U.S.C.1681e ( b ) and 15 U.S.C 1681i ( a ) I have also attached below a copy of my credit report showing both accounts with the same account number, One showing the responsibility ( Individual ) which this account would be accurate However the account showing the responsibility of ( Authorized User ) is not mine and I would like to have this account removed immediately. Thank you"
11108280,2024-12-11,Credit reporting or other personal consumer reports,Problem with a company's investigation into an existing problem,Experian Information Solutions Inc.,AL,"Experian responded stating they verified certain information listed on my credit report. I requested the method of verification they stated they contacted the creditor but offered no other information. Who exactly did you talk to? What documents do you have? I have received no such documents. I will give you 14 days to turn over this information or I will have to sue and you will have to pay litigation costs. 

The accounts in question are : XXXX XXXX XXXX XXXX XXXX XXXX XXXX XXXX XXXX XXXX XXXX XXXX XXXX XXXX XXXX XXXX XXXX XXXX XXXX XXXX XXXX XXXX XXXX XXXX XXXX"
11209663,2024-12-18,Credit reporting or other personal consumer reports,Incorrect information on your report,"TRANSUNION INTERMEDIATE HOLDINGS, INC.",TX,"I have already demanded to have these accounts removed immediately. I also requested proof that it was mine with my signature on it and address. They only send me a letter that says verified but no proof as to how and what was used to be verified as I have already filed a police report and sent it to them. All docs requested has been been sent to and received by Transunion, XXXX, XXXX, and XXXX."
11213241,2024-12-19,Credit reporting or other personal consumer reports,Incorrect information on your report,"EQUIFAX, INC.",MS,Need your help on removing all credit report that is not mine please can you can you help me? XXXX XXXX XXXX XXXX XXXX XXXX XXXX XXXX XXXX XXXX XXXX XXXX XXXX XXXX XXXX XXXX XXXX XXXX XXXX XXXX XXXX XXXX XXXX XXXXXX/XX/XXXX
11317360,2024-12-29,Credit reporting or other personal consumer reports,Improper use of your report,Experian Information Solutions Inc.,VA,"In violation of Fair Credit Reporting Act ( FCRA ), codified at 15 U.S.C. 1681"
11364715,2025-01-04,Credit reporting or other personal consumer reports,Incorrect information on your report,"EQUIFAX, INC.",PA,"This morning, I discovered inaccurate accounts on my credit report, and Im completely baffled as to why this is happening. Ive been regularly checking my credit report, and everything was fine until now. I even refreshed my browser multiple times, hoping it was just some kind of glitch, but the discrepancies remained. Im begging for the documents Ive provided to be reviewed thoroughly so I can stop living in constant fear of this happening again."
11385513,2025-01-05,Credit reporting or other personal consumer reports,Improper use of your report,"TRANSUNION INTERMEDIATE HOLDINGS, INC.",MI,"These are the credit items that are on my report. 
XXXX XXXX XXXX XXXX XXXX XXXX XXXX XXXX XXXX XXXX XXXX XXXX XXXX XXXX XXXX XXXX XXXX XXXX XXXX XXXX XXXX XXXX XXXX XXXX XXXX XXXX XXXX XXXX XXXX XXXX XXXX XXXX XXXX XXXX This is in collections and its not authorized on my credit. I never applied for this. This is due to a credit breach. I would like it to be removed under the fair credit act law.

The 15 U.S.C. 1681 laws are part of the Fair Credit Reporting Act ( FCRA ), which governs the collection, dissemination, and use of consumer information, including credit reports. While the law doesnt directly provide a script for removing negative items, it lays out the rules that govern credit bureaus responsibilities and your rights. 

When disputing negative items or unknown accounts, you can reference specific sections of the law in your letters to the credit bureaus to ensure they comply with the legal requirements. Below are the relevant sections that you should mention when requesting the removal of incorrect or negative items from your credit report : Key Provisions of 15 U.S.C. 1681 ( Fair Credit Reporting Act ) 1. 15 U.S.C. 1681a - Definitions Defines consumer report, consumer, credit report, and other key terms used in the FCRA.

2. 15 U.S.C. 1681c - Information Excluded from Consumer Reports Outlines what can not appear on a credit report, such as bankruptcies older than 10 years, and other outdated information. 
If the negative item is more than XXXX XXXX XXXX ( excluding bankruptcies ), you can request that it be removed. 
XXXX. 15 U.S.C. 1681e ( b ) - Accuracy of Information Requires that credit reporting agencies follow reasonable procedures to ensure the accuracy and fairness of the information in your credit report. 
If an item is inaccurate or outdated, this is a key section to cite when disputing it.

4. 15 U.S.C. 1681i - Procedure in Case of Disputed Information Specifies that if you dispute an item on your credit report, the credit bureau must investigate the dispute within 30 days, notify the provider of the information, and update your report if the dispute is resol
ved in your favor.

This section is essential when filing a formal dispute.

5. 15 U.S.C. 1681s-2 - Responsibilities of Furnishers of Information Outlines the obligations of companies that report information to credit bureaus, including the need to report accurate information.

If a company is reporting an unknown or incorrect account, you can ask them to correct or delete the information under this section.

6. 15 U.S.C. 1681b - Permissible Purpose of Consumer Reports Credit bureaus can not release your report without a permissible purpose, and you can challenge the inclusion of items from unauthorized inquiries.

7. 15 U.S.C. 1681g - Disclosure of Consumer Report You are entitled to a free copy of your credit report from each credit bureau once every 12 months. If items are unknown or incorrect, this law strengthens your right to get those addressed.

8. 15 U.S.C. 1681h - Notice of Negative Information Creditors must notify you if they report negative information to the credit bureaus. If no such notification was received for the negative items, you can dispute them under this section. 

Please confirm in writing that the disputed item has been removed or corrected as required by law. If you do not respond within the 30-day timeframe, I will be forced to escalate this matter"
11410964,2025-01-07,Credit reporting or other personal consumer reports,Problem with a company's investigation into an existing problem,Experian Information Solutions Inc.,TX,"XX/XX/year> Subject : Complaint Regarding Inaccurate Late Payment Reporting on Account with XXXX XXXX Dear CFPB, I am filing a formal complaint against the credit bureaus XXXX, Experian, and XXXX for their failure to correct inaccurate information regarding late payments reported on my credit report for the XXXX XXXX account. Despite multiple requests for correction, including dispute letters sent on XX/XX/year> and XX/XX/year>, the erroneous late payment information has not been corrected. This ongoing inaccuracy violates provisions of the Fair Credit Reporting Act ( FCRA ), the Truth in Lending Act ( TILA ), and the Protection Against Non-Payment of Obligations Act ( PAANL ). 
Discrepancies : Last Verified : Only XXXX has a last verified date ( XX/XX/year> ) ; Experian and XXXX do not list one. 
Date of Last Activity : Only XXXX lists a date ( XX/XX/year> ) ; Experian and XXXX do not list one. 
Date Reported : All bureaus list differing dates ( XXXX : XX/XX/year> ; Experian : XX/XX/year> ; XXXX : XX/XX/year> ). 
Closed Date : Only XXXX lists a closed date ( XX/XX/year> ) ; Experian and XXXX do not. 
Account Rating : All bureaus list the account as closed, but only XXXX provides a specific closed date. 
Two-Year Payment History : XXXX : 30-day late payment reported for XX/XX/year>. 
Experian : XXXX late payment reported for XX/XX/year>. 
XXXX : XXXX late payment reported for XX/XX/year>. 
Violations : Fair Credit Reporting Act ( FCRA ) : Under 15 U.S.C. 1681i, credit reporting agencies are required to ensure the accuracy of the information they report. The continued presence of inaccurate late payment entries on my credit report demonstrates non-compliance with this mandate. 
Truth in Lending Act ( TILA ) : According to 15 U.S.C. 1666b, creditors must provide periodic statements at least 21 days before the payment due date. The inaccurate reporting of late payments suggests a failure to comply with this requirement. 
Protection Against Non-Payment of Obligations Act ( PAANL ) : Creditors are obligated to ensure timely and accurate statements to avoid unfair penalties to consumers. The erroneous late payment information violates this responsibility. 
Evidence of Error : Payment History : Documentation from XXXX XXXX confirms no late payments were made on this account for the periods in question. 
Prior Disputes : Attached copies of my previous dispute letters dated XX/XX/year> and XX/XX/year>, along with proof of submission. 
Account Statements : Monthly statements from XXXX XXXX confirming on-time payments for XXXX and XX/XX/year>. 
Discrepancies : Last Verified : Only XXXX has a last verified date ( XX/XX/year> ) ; Experian and XXXX do not list one. 
Date of Last Activity : Only XXXX lists a date ( XX/XX/year> ) ; Experian and XXXX do not list one. 
Date Reported : All bureaus list differing dates ( XXXX : XX/XX/year> ; Experian : XX/XX/year> ; XXXX : XX/XX/year> ). 
Closed Date : Only XXXX lists a closed date ( XX/XX/year> ) ; Experian and XXXX do not. 
Account Rating : All bureaus list the account as closed, but only XXXX provides a specific closed date. 
Desired Resolution : Immediate removal of all inaccurate late payment notations from my credit report across XXXX, Experian, and XXXX. 
Written confirmation of the corrections made to my credit file. 
Failure to resolve this issue promptly will result in further escalation, including additional complaints and potential legal action. 
Thank you for your attention to this matter. 
Sincerely, XXXX XXXX XXXX"
11524238,2025-01-14,Credit reporting or other personal consumer reports,Problem with a company's investigation into an existing problem,"EQUIFAX, INC.",TX,"XX/XX/XXXX Subject : Formal Complaint Regarding Inaccurate Late Payment Reporting for XXXX XXXX  Account Dear CFPB, I am filing a formal complaint against Equifax, XXXX and XXXX for failing to correct inaccurate information regarding late payments reported on my credit report for the XXXX XXXX account ( Account # XXXX ). Despite multiple disputes ( letters dated XX/XX/XXXX and XX/XX/XXXX ), these inaccuracies remain unaddressed, violating my rights under the Fair Credit Reporting Act ( FCRA ) and other applicable laws. 
Account Details : Account Number : XXXX High Balance : {$1100.00} ( XXXX and XXXX ), {$600.00} ( Equifax XXXX Date of Last Activity : XX/XX/XXXX ( XXXX ), XX/XX/XXXX ( XXXX ), XX/XX/XXXX ( Equifax XXXX Date Reported : XX/XX/XXXX ( XXXX ), XX/XX/XXXX ( XXXX ), XX/XX/XXXX ( Equifax XXXX Date Opened : XX/XX/XXXX ( XXXX ), XX/XX/XXXX ( XXXX and Equifax XXXX Balance Owed : {$0.00} Closed Date : XX/XX/XXXX ( XXXX XXXX Payment Status : Current Credit Limit : {$600.00} Last Payment : XX/XX/XXXX ( XXXX ), XX/XX/XXXX ( XXXX ), XX/XX/XXXX ( Equifax XXXX Errors and Discrepancies : Inconsistent Reporting of High Balance : XXXX and XXXX report a high balance of {$1100.00}, whereas Equifax reports {$600.00}. This inconsistency violates FCRAs requirement for accurate and consistent information. 
Inaccurate Late Payment Notations : XXXX and XXXX report a 30-day late payment for XX/XX/XXXX, while Equifax reports it for XX/XX/XXXX. These discrepancies conflict with the true payment history and breach 15 USC 1681e ( b ), which mandates maximum possible accuracy in reporting. 
Date of Last Activity Discrepancies : XXXX reports XX/XX/XXXX, XXXX reports XX/XX/XXXX, and Equifax reports XX/XX/XXXX. 
Date Opened Variance : XXXX lists the opening date as XX/XX/XXXX, while XXXX and Equifax report XX/XX/XXXX. 
Credit Limit Reporting Disparity : XXXX and XXXX correctly report a {$600.00} credit limit, while Equifax fails to provide consistent information. 
Legal Violations : Fair Credit Reporting Act ( FCRA ) : 15 USC 1681e ( b ) : Credit reporting agencies are required to ensure the maximum possible accuracy of consumer information. 
15 USC 1681i : Mandates reinvestigation of disputed information, which has not been adequately performed.

Truth in Lending Act ( TILA ) : 15 USC 1666b : Creditors must send periodic statements at least 21 days before the payment due date. The inaccurate reporting suggests non-compliance with this requirement.

Protection Against Non-Payment of Obligations Act ( PAANL ) : Creditors are required to prevent unfair penalties by providing timely and accurate statements. The late payment notations contradict this obligation.

Requested Resolution : I formally request the following actions : Immediate removal of all inaccurate late payment notations for XXXX and XX/XX/XXXX. 
Correction of all discrepancies in account information, including high balance, date of last activity, and date opened. 
A written confirmation of the corrections made. 
Failure to resolve this matter promptly will result in further action, including complaints to the Consumer Financial Protection Bureau ( CFPB ) and potential legal proceedings. 
Thank you for your prompt attention to this matter. Please confirm receipt of this letter and provide a resolution within 30 days, as required by law. 
Sincerely, XXXX XXXX XXXX"
11841248,2025-01-29,Credit reporting or other personal consumer reports,Problem with a company's investigation into an existing problem,LEXISNEXIS,GA,"XXXX XXXX XXXX XXXX XXXX XXXX XXXX XXXX GA XXXX XX/XX/year> XXXX XXXX XXXX XXXX XXXX, TX XXXX Subject : Formal Dispute & Request for Immediate Correction/Removal Dear Experian Dispute Department, I am writing to formally dispute inaccurate and unverifiable information on my credit report. I previously filed a dispute regarding the following accounts : XXXX XXXX XXXX XXXX XXXX XXXX XXXX XXXX XXXX XXXX XXXX XXXX XXXX XXXX XXXX XXXX XXXX XXXX XXXX XXXX XXXX XXXX XXXX XXXX XXXX XXXX XXXX XXXX XXXX XXXX XXXX XXXX XXXX XXXX XXXX XXXX XXXX XXXX XXXX XXXX Bankruptcy Discharged My dispute was based on [ reason for dispute, e.g., inaccurate reporting, identity theft, incorrect balance, outdated information ]. However, XXXX failed to properly investigate my dispute or provide sufficient evidence to verify the accuracy of the information. 

I was recently notified that the Consumer Financial Protection Bureau ( CFPB ) has filed a lawsuit against XXXX, citing violations such as accepting unreliable information and failing to properly notify consumers of dispute results. These allegations align directly with my experience, as XXXX has neither removed nor corrected the disputed information, despite my valid request. 

XXXX failure to investigate or correct these errors violates the Fair Credit Reporting Act ( FCRA ) ( 15 U.S.C. 1681i ) and my rights as a consumer. As these inaccuracies are negatively affecting my ability to obtain [ a home, vehicle, credit, etc. ], I demand the immediate removal or correction of these derogatory marks from my credit report. 

Please provide a written response confirming the corrective actions taken. If XXXX fails to comply, I will have no choice but to escalate this matter further, including filing complaints with the CFPB and taking legal action if necessary. 

I have attached a copy of my credit report with the disputed accounts highlighted, a copy of my previous dispute letter, and any supporting documentation. Please address this matter promptly. 

Sincerely, XXXX XXXX XXXX"
12174987,2025-02-23,Credit reporting or other personal consumer reports,Improper use of your report,"BANK OF AMERICA, NATIONAL ASSOCIATION",AK,""" To Whom It May Concern, I recently received a copy of my credit report. The credit report showed a few credit inquiries by your company. One was on the XXXX of XX/XX/XXXX, the second one down the list is an inquiry on XX/XX/XXXX of XXXX that I do not recall authorizing. I understand that you shouldnt be allowed to put an inquiry on my credit file unless you have a permissible purpose per FCRA Section 604. You have no permissible purpose so please have this inquiry removed from my credit file immediately.

I have sent this letter certified mail because I need your prompt response to this issue. Please be so kind as to forward me documentation that youve had the unauthorized inquiry removed.

If you find that I am remiss, and you do have my authorization to inquire into my credit report, then please send me proof of this along with your certification to the bureaus that certifies your permissible purpose.

Otherwise, please note that I am reserving the right to take civil action if necessary. 
"" I sent a letter containing the above text to the address shown on the credit inquiry entry on XXXX XXXX using certified mail. The letter got there on XXXX XXXX, It is now XX/XX/XXXX and I have not received any response from them."
12226450,2025-02-26,Credit reporting or other personal consumer reports,Problem with a company's investigation into an existing problem,"TRANSUNION INTERMEDIATE HOLDINGS, INC.",SC,I am a victim of XXXX XXXX  of XXXX XXXX. I have made the company aware of this there are a multitude of accounts on my consumer file as a result of this. per the law they should be removed after I supply proof of who I am as well as a victim determination letter according to XXXX ( b ) ( XXXX ).
12270144,2025-02-27,Credit reporting or other personal consumer reports,Incorrect information on your report,"EQUIFAX, INC.",FL,"This CFPB complaint has been filed to request under pursuant to FCRA 605B ( 15 USC 1681 c-2 ) that you, the Equifax credit reporting agency , block information appearing on my credit report that is the results of Identity theft, data Breach and fraud within 4 business days of you receiving this complaint. This fraudulent, inaccurate, and false information consists of these following accounts XXXX : Account number : XXXX, XXXX XXXX XXXX : Account number : XXXX XXXX XXXX XXXX  : Account number : XXXX, XXXX XXXX XXXX XXXX Account number : XXXX, XXXX XXXX XXXX : Account number : XXXXXXXX XXXX XXXX  : Account number : XXXX, XXXX XXXX : Account number : XXXXXXXX XXXX XXXX XXXX Account number : XXXX, These accounts have resulted in several fraudulent hard inquiries and fraudulent collections appearing on my consumer FICO credit report maintained by you which shows the aforementioned fraudulent items. I DO NOT RECOGNIZE THE AFOREMENTIONED ACCOUNTS, COLLECTIONS AND HARD INQUIRY APPEARINTG IN MY CREDIT REPORT MAINTAONED BY YOU WERE NOT OPENED, MADE OR INITIATED BY ME. ALL OF THE MENTIONED ACCOUNTS ARE THE RESULT OF IDENTITY THEFT, DATA BREACH AND FRAUD. ATTACHED TO THIS IS A ACOPY OF FTC IDENTITY THEFT REPORT AS PROOF FROM US FEDERAL TRADE COMMISSION."
12356016,2025-03-06,Credit reporting or other personal consumer reports,Problem with a company's investigation into an existing problem,TRUIST FINANCIAL CORPORATION,MD,I mailed letter to XXXX asking for proof of the debt. They never responded to my request.
12496849,2025-03-15,Credit reporting or other personal consumer reports,Incorrect information on your report,"EQUIFAX, INC.",TX,"Equifax is reporting an account with XXXX XXXX XXXX that belongs to a relative. For some reason, they continue to verify this account belongs to me. 

I am uploading documentation, which includes the application and loan agreement. The application clearly indicates another social security number. This loan belongs to a relative of mine with similar information. I I am asking Equifax to remove this item from my credit report. If necessary, they should be able to verify this item belongs to somebody else with the original creditor."
12637892,2025-03-24,Credit reporting or other personal consumer reports,Incorrect information on your report,"TRANSUNION INTERMEDIATE HOLDINGS, INC.",FL,"I am filing this complaint because TransUnion is inaccurately reporting my credit information, and despite multiple disputes and supporting documentation, they have failed to correct the errors. This is negatively affecting my credit score and financial standing. 

The inaccurate reporting includes : TransUnion falsely states that my XXXX credit card account was included in bankruptcy. This is incorrectI did not include this account in my bankruptcy filing. 
TransUnion is reporting an outstanding balance on this account when it has been paid in full. I have submitted bank statements and proof of payments showing a {$0.00} balance, yet they continue to report an inaccurate balance. 
Background on the Issue : I filed for bankruptcy in XX/XX/XXXX, but my XXXX credit card was NOT included in the filing. 
I continued making on-time payments on this account after my bankruptcy. 
In XX/XX/XXXX, I noticed XXXX was not reporting my account activity, so I contacted them. 
Shortly after, XXXX closed my account, claiming it was due to an "" internal risk policy '' upon learning of my bankruptcy. 
I paid off my balance in full in XX/XX/XXXX, yet TransUnion is still reporting an outstanding balance. 
TransUnion also falsely reports that this account was included in my bankruptcy, which is incorrect. 
I have disputed this XXXX, providing statements and screenshots as proof, yet TransUnion refuses to correct their reporting. 
Attempts to Resolve : I have disputed the incorrect reporting twice with TransUnion, providing : Bank statements showing my payments and {$0.00} balance. 
Proof that my XXXX credit card was not listed in my bankruptcy. 
Dispute confirmation numbers from previous TransUnion submissions. 
XXXX has confirmed that they sent a correction request to TransUnion, yet my credit report remains inaccurate. 
TransUnions failure to correct these errors is a violation of the Fair Credit Reporting Act ( FCRA ) and is directly harming my credit score. 
Requested Resolution : I am requesting that TransUnion immediately correct the inaccurate reporting, including : Removing the false bankruptcy notation from my XXXX account. 
Correcting my balance to reflect {$0.00}, as the account is fully paid off. 
Providing written confirmation that the corrections have been made. 
Under the Fair Credit Reporting Act ( FCRA ), TransUnion is required to ensure accurate reporting. Their continued failure to do so is harmful, negligent, and unacceptable. I expect a resolution immediately."
12916192,2025-04-10,Credit reporting or other personal consumer reports,Problem with a company's investigation into an existing problem,"EQUIFAX, INC.",FL,"Filed a dispute with Equifax. They did not investigate the information property, rather simply verified the information. The creditor claim is incorrect and they never contacted me. There is no place to describe that on the dispute with Equifax and on the final resolution it says you can challenge this but there is no where to challenge it."
13671935,2025-05-22,Credit reporting or other personal consumer reports,Incorrect information on your report,"EQUIFAX, INC.",GA,"I am writing you because my social security number was used fraudulently to open accounts. I believe I am a victim of identity theft due to the Equifax Data breach. My social security number was found to be comprised. I contacted the Federal Trade Commission and filed a complaint # XXXX. I also included a signed and notarized copy of my Affidavit of Facts and Truth. The accounts listed below, which appears on my XXXX  credit report, does not relate to any transactions that I have ever made or accounts I have opened. It is the result of identity theft XXXX 
XXXX Account Number : XXXX XXXX XXXX XXXX XXXX XXXX XXXX XXXX XXXX XXXX XXXX XXXX XXXX XXXX XXXX XXXX XXXX XXXX XXXX XXXX XXXX. 
XXXX Account Number : XXXX XXXX XXXX XXXX XXXX XXXX XXXX XXXX XXXX XXXX XXXX XXXX XXXX XXXX XXXX XXXX XXXX XXXX XXXX XXXX XXXX. 
XXXX Account Number : XXXXXXXX XXXX XXXX XXXX XXXX XXXX XXXX XXXX XXXX XXXX XXXX XXXX XXXX XXXX XXXX XXXX XXXX XXXX XXXX XXXX XXXX. 
XXXX Account Number : XXXXXXXX XXXX XXXX XXXX XXXX XXXX XXXX XXXX XXXX XXXX XXXX XXXX XXXX XXXX XXXX XXXX XXXX XXXX XXXX XXXX XXXX. 
XXXX Account Number : XXXXXXXX XXXX XXXX XXXX XXXX XXXX XXXX XXXX XXXX XXXX XXXX XXXX XXXX XXXX XXXX XXXX XXXX XXXX XXXX XXXX XXXX. 
XXXX Account Number : XXXXXXXX XXXX XXXX XXXX XXXX XXXX XXXX XXXX XXXX XXXX XXXX XXXX XXXX XXXX XXXX XXXX XXXX XXXX XXXX XXXX XXXX. 
XXXX Account Number : XXXXXXXX XXXX XXXX XXXX XXXX XXXX XXXX XXXX XXXX XXXX XXXX XXXX XXXX XXXX XXXX XXXX XXXX XXXX XXXX XXXX XXXX. 
XXXX Account Number : XXXXXXXX XXXX XXXX XXXX XXXX XXXX XXXX XXXX XXXX XXXX XXXX XXXX XXXX XXXX XXXX XXXX XXXX XXXX XXXX XXXX XXXX. 
XXXX Account Number : XXXXXXXX XXXX XXXX XXXX XXXX XXXX XXXX XXXX XXXX XXXX XXXX XXXX XXXX XXXX XXXX XXXX XXXX XXXX XXXX XXXX XXXXXXXX. 
XXXX Account Number : XXXXXXXX XXXX XXXX XXXX XXXX XXXX XXXX XXXX XXXX XXXX XXXX XXXX XXXX XXXX XXXX XXXX XXXX XXXX XXXX XXXX XXXXXXXX. Identity Theft XXXX Account Number : XXXX XXXX XXXX XXXX XXXX XXXX XXXX XXXX XXXX XXXX XXXX XXXX XXXX XXXX XXXX XXXX XXXX XXXX XXXX XXXX XXXX Identity Theft XXXX Account Number : XXXX XXXX XXXX XXXX XXXX XXXX XXXX XXXX XXXX XXXX XXXX XXXX XXXX XXXX XXXX XXXX XXXX XXXX XXXX XXXX XXXX 
XXXX Account Number : XXXXXXXX XXXX XXXX XXXX XXXX XXXX XXXX XXXX XXXX XXXX XXXX XXXX XXXX XXXX XXXX XXXX XXXX XXXX XXXX XXXX XXXX 
XXXX Account Number : XXXXXXXX XXXX XXXX XXXX XXXX XXXX XXXX XXXX XXXX XXXX XXXX XXXX XXXX XXXX XXXX XXXX XXXX XXXX XXXX XXXX XXXXXXXX. 
XXXX XXXX Account Number : XXXXXXXX XXXX XXXX XXXX XXXX XXXX XXXX XXXX XXXX XXXX XXXX XXXX XXXX. 
XXXX  XXXX Account Number : XXXXXXXX XXXX XXXX XXXX XXXX XXXX XXXX XXXX XXXX XXXX XXXX XXXX XXXX. 
XXXX Account Number : XXXXXXXX XXXX XXXX XXXX XXXX XXXX XXXX XXXX XXXX XXXX XXXX XXXX XXXX XXXX XXXX XXXX XXXX"
13711362,2025-05-26,Credit reporting or other personal consumer reports,Incorrect information on your report,Experian Information Solutions Inc.,NY,"I recently reviewed a copy of my credit report and notice I have fraudulent accounts on my report. Please removes these accounts from my report, they are hurting my ability to obtain credit."
13739818,2025-05-27,Credit reporting or other personal consumer reports,Improper use of your report,Experian Information Solutions Inc.,VA,"My credit report has unauthorized accounts resulting from a data breach. Under Section 605B of the FCRA ( 15 U.S.C. 1681c-2 ( a ) ), please block and delete them within 4 days : Also, would like to have all addresses and names REMOVED from my credit report, except for my only name and address listed below : Name : XXXX XXXX Address : XXXX XXXX XXXX XXXX XXXX XXXX VA XXXX Please delete and block the following accounts from my credit report Accounts XXXXXXXX XXXX XXXX - Account Number : XXXX XXXX XXXX XXXX XXXX XXXX Date Opened : XX/XX/XXXX, Balance : {$1300.00} Inquiries XXXX XXXX XXXX  Date : XX/XX/XXXX XXXX  Date : XX/XX/XXXX XXXX Date : XX/XX/XXXX"
13890871,2025-06-04,Credit reporting or other personal consumer reports,Problem with fraud alerts or security freezes,"SANTANDER HOLDINGS USA, INC.",NC,XX/XX/year> XXXX I have a poli e report concerning the fraud case.
14266644,2025-06-24,Credit reporting or other personal consumer reports,Improper use of your report,Resurgent Capital Services L.P.,GA,"XXXX XXXX XXXX XXXX XXXX XXXX XXXX, GA XXXX ( XXXX ) XXXX Date : XX/XX/XXXX Resurgent Capital Services C/O LVNV Funding LLC XXXX XXXX XXXX XXXX, SC XXXX To Whom It May Concern, I am writing to formally dispute the validity, legality, and accuracy of the collection account currently reported on my credit file as LVNV FUNDING LLC / C/O Resurgent Capital Services Original Creditor : XXXX XXXX XXXX ( XXXX XXXX ) Amount : {$490.00} Account Number : XXXX This account is being reported under the category of Collections, with a listed charge-off date of XX/XX/XXXX, and a sale to LVNV Funding LLC on XX/XX/XXXX XXXX 

1. Violation of the Fair Credit Reporting Act Under the FCRA, 15 U.S.C. 1681s-2 ( b ), a data furnisher ( including LVNV and Resurgent ) is required to investigate and correct any inaccurate or incomplete information after receiving notice of a dispute from a consumer. Your reporting fails to meet this requirement for the following reasons : Inaccurate Reporting : There are discrepancies in the credit report including but not limited to : Status shows as Paid after charge-off/collection with {$0.00} past due and {$0.00} last payment, yet the balance is listed as {$490.00}, which is factually incorrect.

"" Last Payment '' and "" Paid Off '' dates are blank, suggesting improper reporting of account history.

Failure to Verify : The documentation you provided does not legally verify the debt. A bill of sale and credit card statements alone do not demonstrate a valid chain of title nor do they verify that I owe any amount to your agency.

Unlawful Sale and Servicing of Debt It is my contention that this debt was illegally sold and is invalid under applicable state and federal law. XXXX XXXX XXXX XXXX  as the original creditor, imposed unreasonable fees, opened the account under predatory terms, and then sold the account to a third-party debt buyer who has no legally enforceable right to collect or report this debt. 

Furthermore, any sale of the account must comply with FDCPA Section 809 ( 15 U.S.C. 1692g ), which requires you to provide proper validation of the debt including : Original signed contract or agreement bearing my signature Full payment history and itemization Chain of custody/ownership of the debt from XXXX XXXX XXXX to LVNV To date, no such validation has been provided. Merely providing copies of billing statements is insufficient under the law. 

Violation of the FDCPA and Continued Reporting After Dispute Reporting this account to the credit bureaus after I have formally disputed it without proper investigation and verification constitutes a violation of the FDCPA under 15 U.S.C. 1692e ( 8 ) communicating false credit information.

Request for Immediate Deletion Due to the clear FCRA and FDCPA violations outlined above, and the absence of verifiable proof of debt ownership, I hereby demand : Immediate deletion of this tradeline from all consumer reporting agencies ( XXXX XXXX XXXX XXXX ). 

Written confirmation from Resurgent/LVNV that this account has been removed from all credit files.

Legal Notice of Intent Please be advised that if this tradeline is not permanently removed within 15 calendar days of receipt of this letter, I will : File formal complaints with the Consumer Financial Protection Bureau ( CFPB ), Federal Trade Commission ( FTC ), and my State Attorney General 's office.

Pursue legal action against your organization for damages under 15 U.S.C. 1681n and 1681o ( willful and negligent noncompliance with the FCRA ), and 15 U.S.C. 1692k ( FDCPA violations ). 

I am currently obtaining legal counsel to initiate suit if necessary. 



Sincerely, XXXX XXXX XXXX"
8756067,2024-04-12,Debt collection,Communication tactics,"Dynamic Collectors, Incorporated",WA,Dynamic Collectors has contacted me at my place of work. That is private information and they can not call my work. They call my cell phone multiple times a day. I am going through the process of declaring bankruptcy and I told them to contact my attorney and they said they can not do that.
9032048,2024-05-17,Debt collection,Attempts to collect debt not owed,"CCS Financial Services, Inc.",NC,"Unsatisfactory results from investigation categorically! 

XXXX Dispute # XXXX"
9037383,2024-05-17,Debt collection,Attempts to collect debt not owed,BTH Management,GA,"Dear Sir or Madam, Re : Request for Assistance with Creditor Collecting Unknown XXXX Plaza Services XXXX XXXX XXXX, XXXX XXXX XXXX, GA XXXX I am writing to request your assistance in resolving an issue with a creditor that I have no known involvement with, they are attempting to collect a debt of which I have no knowledge. The details of my situation are as follows : I received a communication from the above-mentioned creditor regarding an outstanding debt. However, I have no record or knowledge of this debt, and I am concerned about the accuracy and legitimacy of the claim. 

Due to a recent notification from XXXX XXXX XXXX regarding a data breach, which my social security number and address may have been accessed without my consent. 

Upon receiving the initial communication, I promptly contacted the creditor to request detailed information about the debt, including the account name, address the amount owed, my signature, and any relevant documentation supporting their claim. 

Unfortunately, I have not received a satisfactory response from Plaza Services As a consumer, I am entitled to accurate information and fair treatment in accordance with the Fair Debt Collection Practices Act ( FDCPA ). Given the lack of response and clarity from the creditor. 

I am seeking the CFPBs intervention to ensure this matter is resolved appropriately. Specifically, I request the following assistance : 1. Verification of the debts legitimacy. 2. Provision of all relevant documentation supporting the debt claim. 3. Assurance that my consumer rights are protected during this process. 

Enclosed with this letter, you will find copies of all communications I have had with the creditor to date. I appreciate your attention to this matter and look forward to your assistance in resolving this issue promptly. 

Thank you for your time and consideration. 
Sincerely, XXXX XXXX"
9072852,2024-05-22,Debt collection,Attempts to collect debt not owed,"Kriya Capital, LLC",IL,This is bill from XXXX XXXX that was a result of a data breach and someone using my identity this bill has 3 times found to be fraudulent and has been removed three times thus Credence management has refused to remove this inaccurate fraudulent account from my credit report
9087908,2024-05-24,Debt collection,Attempts to collect debt not owed,MiraMed Revenue Group LLC,PA,"MiraMed Revenue Group XXXX XXXX XXXX XXXX XXXX, IL XXXX Re : H.I.P.A.A VIOLATION NOTICE TO AGENT IS NOTICE TO PRINCIPAL AND NOTICE TO PRINCIPAL IS NOTICE TO AGENT To Whom It May Concern : XXXX XXXX XXXX XXXX, Compliance Officer This letter is being sent to you in response to you furnishing the aforementioned account on my Consumer profile with the consumer reporting agencies. This is not a refusal to pay, but a notice that your claim is disputed. Under the Fair Debt Collections Practices Act ( FDCPA ), I have the right to request validation of the debt pursuant to 12 CFR Part 1006 - Fair Debt Collection Practices Act ( Regulation F ) codified as 1006.34 Notice for validation of debts. Regulation F implements the Fair Debt Collection Practices Act ( FDCPA ), prescribing Federal rules governing the activities of debt collectors, as that term is defined in the FDCPA you claim that I owe you. I am requesting proof that : I am indeed the party you are asking to pay this debt ; the date of the alleged medical service ; the name of the patient ; and proof that there is some contractual obligation which is binding me to pay this debt. EXTORTIONATE TRADELINE/ ACCOUNT # XXXX Please attach all required copies of : Any agreement with your client that grants you the authority to collect on this alleged debt, or proof of acquisition by purchase or assignment, and authorization under subtitle D of the ARRA , SEC . 13401. APPLICATION OF SECURITY PROVISIONS AND PENALTIES TO BUSINESS ASSOCIATES OF COVERED ENTITIES ; and SEC. 13407 ( 1 ) BREACH OF SECURITY. The term breach of security means, with respect to unsecured PHR identifiable health information of an individual in a personal health record, acquisition of such information without the authorization of the individual. Please note that enforcement of penalties against you is covered under the penalty rules of the Omnibus Final Rule effective XX/XX/XXXX interpreting and implementing various provisions of the Health Information Technology for Economic and Clinical Health Act of 2009 ( HITECH Act ) as issued XX/XX/XXXX and the penalty rules of the FCRA and FACTA including FACT Act changes final rules effective XX/XX/XXXX. Please also attach copies of any agreement that bears the signature of the alleged debtor wherein he or she agreed to pay the creditor, and, as this is a medical account, a copy of any HIPAA authorization.Please also be advised that this letter is not only a formal dispute, but a request that you cease and desist any and all collection activities, including reporting of, or verifying of this account on my credit reports. I require compliance with the terms and conditions of this letter within ten ( 10 ) calendar days, or a complete withdrawal, in writing, of any claim. In the event of noncompliance, I reserve the right to file charges and/or complaints with the OCR on your HIPAA violations and appropriate County, State & Federal authorities, the CFPB, XXXX  and State Bar associations for violations of the FDCPA, FCRA, and Federal and State statutes on illegal collection activities on any account that may be time-barred as well as violation of PENNSYLVANIA medical privacy rules . PROHIBITIONS ON USE OF MEDICAL DEBT INFORMATION. ( a ) DEFINITIONS. In this section, the terms credit '' and creditor '' have the meanings given those terms in section 702 of the Equal Credit Opportunity Act ( 15 U.S.C. 1691a ). ( b ) REQUIREMENT-Not later than 1 year after the date of enactment of this Act, the Director of the Bureau of Consumer Financial Protection shall amend section 1022.30 of title 12, Code of Federal Regulations, or any successor regulation, to ensure that creditors are prohibited from obtaining or using information relating to the medical debt of a consumer in determining whether or et to extend credit to that consumer. I also hereby reserve my right to take private civil action against you to recover damages pursuant to : 15 U.S. Code 1692k - Civil liability ( a ) Amount of damages Except as otherwise provided by this section, any debt collector who fails to comply with any provision of this subchapter with respect to any person is liable to such person in an amount equal to the sum of ( 1 ) any actual damage sustained by such person as a result of such failure ; ( 2 ) ( A ) in the case of any action by an individual, such additional damages as the court may allow, but not exceeding {$1000.00} ; or ( B ) in the case of a class action, ( i ) such amount for each named plaintiff as could be recovered under subparagraph ( A ), and ( ii ) such amount as the court may allow for all other class members, without regard to a minimum individual recovery, not to exceed the lesser of {$500000.00} or 1 per centum of the net worth of the debt collector."
9110655,2024-05-27,Debt collection,Written notification about debt,CL Holdings LLC,PA,I contacted the collection agency and asked for verification of the debt. I asked for payment made by me. A contract and calls made in and out by me. The representative said that this was a cell phone. I never had a cell phone from XXXX
9242042,2024-06-12,Debt collection,Written notification about debt,"Client Services, Inc.",MD,"Certified Letter of Intent to Dispute the Debt sent to Debt Collector on XX/XX/year> via certified mail # XXXX XXXX XXXX XXXX XXXX Notice to all, I am that I am, the consumer in fact, natural person, living breathing woman, affiant, declare that I am of majority and competent to state the matters set forth herein with firsthand knowledge of the facts, I have been appointed and accept being the executor both public and private for all matters proceeding and I hereby claim that I will be d/b/a/ XXXX consumer and autograph as the agent. attorney in fact, STATEMENT of FACTS The Fact that Affiant, is aware and has proof that Client Services , Inc.. In accordance with the Fair Reporting Act this creditor is in violation of 15 U. S. code 1692 C-Communications in connection with Debt Collections, Communication with the consumer generally Without the prior consent of the consumer given directly to the debt collector or the express permission of a court of competent jurisdiction, a debt collector may not communicate with a consumer in connection with the collection of any debt The Fact that Affiant, is aware and has proof that Client Services Inc In accordance with the Fair Reporting Act this creditor is in violation of 15 U. S. code 1692g-Validation of Debt- ( 4 ) a statement that if the consumer notifies the debt collector in writing within the thirty-day period that the debt, or any portion thereof, is disputed, the debt collector will obtain verification of the debt or a copy of a judgment against the consumer and a copy of such verification or judgment will be mailed to the consumer by the debt collector ; and ( b ) Disputed debts-If the consumer notifies the debt collector in writing within the thirty-day period described in subsection ( a ) that the debt, or any portion thereof, is disputed, or that the consumer requests the name and address of the original creditor, the debt collector shall cease collection of the debt, or any disputed portion thereof, until the debt collector obtains verification of the debt or a copy of a judgment, or the name and address of the original creditor, and a copy of such verification or judgment, or name and address of the original creditor, is mailed to the consumer by the debt collector. 

XXXX. I, XXXX  the consumer is disputing this debt, Client Services LLC. You should not REPORT THIS DEBT to the CREDIT REPORTING AGENCIES ( XXXX, XXXX, XXXX ). If you have already reported it, please contact the credit reporting agencies within 10 days of receipt of this notice, inform them that the debt is disputed, and ask them to DELETE the credit reporting. { please provide a written correspondent regarding VALIDATION of DELETION from credit reports. 

Thank you for your attention to this matter. 

XXXX-Consumer"
9445130,2024-07-07,Debt collection,Written notification about debt,"Aldous & Associates, PLLC",CA,i cancelled my membership over the phone and i already talked to the owner about it they my gym membership was over. Apparently it didn't close. then they kept charging my card so i got a different card. this happened months after i stopped going and talked to them manager of the establishment. they kept charging the account and they contacted a debt collecting agency and now i owe XXXXXXXX XXXX  to something i haven't been using. all because they forgot to close my account. and i called them today as of XX/XX/year> they said they are under new management and can not help me
9884857,2024-08-22,Debt collection,Attempts to collect debt not owed,T.S. Holdings,CA,"On XX/XX/XXXX I called IQ data in regards to their response to my first complaint. I was told they had sent out information validating debt in XX/XX/XXXX, I never received it! They said they would be sending out again XX/XX/XXXX and I asked for them to verify my address they had on file and they gave an address that is not mine. I gave them my current address and was told they would be sending out validation of the debt as well as a fraud packet for me to complete. As if XX/XX/XXXX I still have not received anything. They are stating the was from XX/XX/XXXX for an apartment. I have been living at my current residence since XX/XX/XXXX with proof of my signed lease so not sure how I was living at this residence they claim the debt is for while living at my current residence. Im requesting validation to be sent to me by certified mail with proof is delivery to the address given on XX/XX/XXXX. Im requesting they provide proof in their response here uploaded of the proof of deliver for the proof of validation sent to me. This is a huge debt on my credit and if they cant provide validation of the debt as requested which by law I have the right to, I want this removed from my credit immediately!"
10098933,2024-09-12,Debt collection,False statements or representation,NAVY FEDERAL CREDIT UNION,MI,"I am writing to file a formal complaint against Navy Federal Credit Union regarding a debt they are alleging I owe. I am disputing the validity of this debt and formally requesting Navy Federal Credit Union to provide full validation, as required under federal consumer protection laws. 

Issue : Navy Federal Credit Union has claimed that I owe a debt. However, I have not received sufficient documentation or validation to prove that this debt is valid and legally enforceable. I am requesting Navy Federal Credit Union to provide proper validation of the debt, including : 1. The amount of the original debt.

2. A breakdown of how the alleged debt amount was calculated.

3. Proof that the debt has not been paid or settled.

4. Any signed agreements or contracts showing that I am responsible for the alleged debt.

Legal Grounds : I am asserting my rights under the following federal laws, which require debt collectors and creditors to provide validation upon request : 1. Fair Debt Collection Practices Act ( FDCPA ), 15 U.S.C. 1692g Under Section 1692g, I have the right to request validation of the debt. This requires the creditor to provide sufficient proof that the debt is valid and that I am legally obligated to pay it.

2. Fair Credit Reporting Act ( FCRA ), 15 U.S.C. 1681s-2 ( a ) Navy Federal Credit Union must also ensure the accuracy of the information they furnish to the credit reporting agencies. Reporting inaccurate or unverifiable debts is a violation of the FCRA.

3. Truth in Lending Act ( TILA ), 15 U.S.C. 1601 et seq. If the debt stems from a credit transaction, I request any documentation related to my original credit agreement with Navy Federal Credit Union, as required by the Truth in Lending Act."
10103190,2024-09-12,Debt collection,Electronic communications,"Recovery Solutions Group, LLC",IN,"I have asked for information regarding their legal representation. I have asked them to stop contacting me. I am in XXXX  3 days a week. I am dealing with an extended health issue. I have asked them to stop calling me. I am dealing with a number of financial issues related to my health and do not have time or resources to deal with this communication at the moment and not even certain if it is mine. I have been notified by fraudulent individuals in the past who have been this demanding. I have had over XXXX XXXX  scammed from my bank account. These people are harassing and threatening me. I have asked them to show me that they represent the company that issued the agreement. I have asked for proof that they are indeed the representative and have the legal right to contact me. I did not request my contract. I requested their contract. Are they the legal representatives or brokers trying to broker a deal and XXXX  me at the same time. 

XXXX rom : XXXX XXXX XXXX Sent : Wednesday, XX/XX/XXXX XXXX XXXX  To : XXXX XXXX XXXX Cc : XXXX XXXX XXXX ; XXXX XXXX XXXX XXXX Subject : RE : XXXX XXXX XXXX And XXXX XXXX XXXX XXXX XXXXXXXX XXXX XXXX XXXX Enforcement is underway XXXX  # XXXX XXXX XXXX, Attached is the contract that you requested. Again, this matter falls under the guidelines of the Uniform Commercial Code as it is a Commercial Debt. Therefore, regrettably, I can not comply with your requests as they are addressed by the Fair Debt Collections Practices Act of 1977 ( Pub. L. 95-109 ; 91 Stat. 874, codified as 15 U.S.C. 1692 ). Since this is not a Consumer Debt, the FDCPA does not apply in this instance.

Per the conversation with the UCC Enforcement Department this morning, you have until the end of the day today for this to be resolved with funds payable immediately, if not the client is requesting that we escalate the claim. 

XXXX XXXX | Recovery Specialist Recovery Solutions Group , LLC XXXX XXXX XXXX XXXX, DE XXXX XXXX Direct XXXX Fax XXXX www.rsgcollect.com Pay your bill online : https : //rsgcollect.com/payment"
10122672,2024-09-14,Debt collection,Took or threatened to take negative or legal action,"Spring Oaks Capital, LLC",LA,"In response to CFPB complaint number # XXXX - XXXX, my name is XXXX XXXX, a Federally protected consumer, and I am making this complaint against Spring Oaks Capital SPV LLC for violating a cease desist notice they received XX/XX/year> and for continuing to invade my individual privacy by committing abusive, deceptive, and unfair debt collection practices. I have attached a debt validation letter, a cease and desist notice. 

Exhibit A. which is a copy on my XXXX Report consumer report, Exhibit B. which is copy of their response to CFPB complaint # XXXX XXXX XXXX and a XXXX  of an FTC report that will be labeled as Exhibit C when filing for litigation in Federal Court to this complaint, SPRING OAKS CAPITAL LLC # XXXX and Reference No. - XXXX stated with its purchase of the account, the current owner who is SPRING OAKS CAPITAL SPV LLC # XXXX aquiried all ownership rights, including the rights to collect on the account. But I never contacted with them and they have no reason to have my identifying information. Also, pursuant 15 USC 1691g ( c ). I have not validated any alleged debt with Spring Oaks Capital SPV LLC and my failure to dispute the validity of these alleged debt shall not be construed as an admission of liability, SPRING OAKS CAPITAL SPV LLC stated that on XX/XX/year>, XX/XX/year>, XX/XX/year> that the previous disputes were mail to the same address provided in this complaint including the account documentation a copy of the Bill of Sale reflecting our purchase of the reference and the assignment documents reflecting the subsequent transfer to SPRING OAKS CAPITAL SPV LLC. As well As a breakdown of charges and credits As of XX/XX/year>, I have not validated any alleged debt with receive any documentary evidence, such as a Trilateral contract, giving SPRING OAKS CAPITAL SPV LLC any right to collect on this alleged debt, It is my belief that SPRING OAKS CAPITAL SPV LLC are attempting unlawful extortionate means activities and theft by deception by attempting to furnish false and deceptive forms. SPRING OAKS CAPITAL SPV LLC also stated they disagree with assertion contained with this complaint related to their handling of the reference account # XXXX. I have never received any documentation requesting validation from SPRING OAKS CAPITAL SPV LLC, Before they committed multiple violations under the FCRA and the FDCPA by furnishing this alleged debt to my consumer report. If SPRING OAKS CAPITAL SPV LLC can not provide me with proof such as a tracking number that they attempted to lawfully validate this alleged debt with me, consumer, prior to furnishing it on my consumer reports, this has been a fraudulently furnished account with Forethought and Malice as an attempt to bring harm to me and my financial reputation. Account # XXXX, Reference No. # XXXX"
10171841,2024-09-19,Debt collection,Took or threatened to take negative or legal action,CAPITAL ONE FINANCIAL CORPORATION,TX,"Received call from XXXX someone named XXXX. She informed me that they were going to serve me with documents regarding an Account with House Hold Bank that I did not pay. i informed her that account was paid in 2021 and I had a clearance letter. I called her the next day to ask her where to send the letter because she never called me back as discussed, instead I received another automated call from that company. I emailed the letter to XXXX XXXX verified received letter & informed me when they finished reviewing it her supervisor would call me back. I received a call later from someone @ XXXX talking fast & telling me she could not verify the company I paid the funds to. I asked her how did she contact them, she did not contact them. She talked through the question & tried to tell me she could not find the on the computer. I tried to tell her I had a phone number but she talked over me & proceeded to tell me my letter was not real and the amount I paid was not the amount and etc... I told her I paid the amount that was requested ( $ {$1200.00} ) and my letter says I not longer owe anything. I told her I had no plans of paying them anything else & would get an attorney. She stated she would put down I was non-compliant & I would be served. I told her i believe this is a scam & do not call me anymore."
10254834,2024-09-26,Debt collection,Written notification about debt,"Round Up Ventures, L.P.",AL,Sent to XXXX XXXX XXXX first as they were collecting on the account. They never responded and its been over 30 days. I reached out to XXXX XXXX group and they informed me they are not handling this account anymore.
10309006,2024-10-01,Debt collection,Attempts to collect debt not owed,Rent Recovery Solutions,GA,"I've never received any form of communication from this company. I pulled my credit report to make sure everything is accurate and noticed this account was on my credit report. I've never resided at the location for the account that the company is collecting for. 
This is not my account, this is not my debt."
10379499,2024-10-08,Debt collection,Written notification about debt,"ProCollect, Inc.",TX,"Excessive phone calls from ProCollect, filling my voicemail box full. Called home office on XX/XX/scrub>XXXX  and was asked for an account number. The representative was rude when I told her I didnt have one and told her I never received anything in writing and she proceeded to tell me she did not have my mailing address that was given to the property manager over a year ago. I was told I could not make payments over 2 months and then when I asked to speak to a manager he told me I could do 6 months and tried to make it seem like I wasnt lied to before speaking to him. They are charging a debt collecting fee of {$7.00} per payment and did not give me a reason why. This made the total amount over the actual cost of the debt. Then I was hung up on and was refused to speak to anyone else."
10384732,2024-10-08,Debt collection,Attempts to collect debt not owed,"Alliance One, Inc.",OK,XXXX sent a collection notice from AllianceOne fro services with XXXX that I have never had I have never signed any contract with XXXX of any sort.
10585299,2024-10-25,Debt collection,Attempts to collect debt not owed,TRANSWORLD SYSTEMS INC,FL,"I sent a notice of cancellation of contract and submitted a complaint to the Attorney General in XXXX. I also placed a dispute on the account with the credit bureaus at that time and have since renewed the dispute. The creditor has not been on my credit report for approximately 6 years until recently. I received a call from them XX/XX/XXXX. Then the company reported to the credit bureaus that the account is 10 months late payments. This has reduced my XXXX XXXX. They are reporting an old debt as new to reset the clock. 

The company is XXXX XXXX XXXX XXXX XXXX XXXX, XXXX XXXX XXXX XXXX XXXX, KS XXXX"
10720822,2024-11-06,Debt collection,Attempts to collect debt not owed,"W&A Intermediate Co., LLC",GA,"On Monday, XX/XX/year> at XXXX, I sent an email informing them that I had paid off my medical via the hospital portal and owed nothing. Detailed documents were sent over. 
On Monday, XX/XX/year> at XXXX, I sent an email requesting an itemized bill of the so called debt I owed, again sending evidence that I'd already paid my hospital and XXXX  XXXX  . 
On Sunday, XX/XX/year> at XXXX, I sent the message again for an itemized bill of the debt, along with proof of having already paid my bill. 

They have responded to none of the emails. I've spoken with them on the phone and even requested this information as well ( XX/XX/XXXX and XX/XX/XXXX ). I've already contacted the hospital and was informed on multiple occasions that I have no outstanding balances or collections from them and that this company ( Wakefield & Associates ) is not a company they work with. 

They stated that my bill may have been the separate XXXX XXXX ; however, as shown on the documentation I sent over, the XXXX  and hospital services were put on the same site and were fully paid."
11011787,2024-12-03,Debt collection,Written notification about debt,CL Holdings LLC,CA,"My credit score took a sudden hit and I found I somehow owe XXXXXXXX XXXX. I was not aware of this and I haven't been able to get any info on where the debt came from. They just keep trying to get me to pay it. I'm tired, I can't do anything as my credit is ruined and I don't know how to fix thus, I don't have XXXX"
11091559,2024-12-09,Debt collection,Attempts to collect debt not owed,"Halsted Financial Services, LLC.",PA,"This company contacted me on behalf of XXXX XXXX XXXX for what they're referring as delinquencies for a payment I made but that has not posted to the account. A payment was made to XXXX XXXX via ACH transfer on XX/XX/year>, and that payment has not been posted to my account. As a result, XXXX XXXX is adding late fees such that the current balance exceeds the credit limit, although I'm still making my regular monthly payments. The company requested that I submit proof of payment via US Mail ( they will not accept any emails or fax ) which I did on XX/XX/year>, however, the matter is still unresolved, and this collection agency is attempting to collect a debt that has been paid. I have informed the company and submitted proof of payment but the matter remains unresolved."
11229336,2024-12-21,Debt collection,Attempts to collect debt not owed,"ACIMA CREDIT, LLC",LA,"Upon checking my credit report I noticed an unusual account stating that I was leasing a phone and that a balance of XXXX was owe. I have never and I repeat never leased a phone, so immediately I knew this was apart of identity fraud"
11231893,2024-12-21,Debt collection,Attempts to collect debt not owed,"CITIBANK, N.A.",FL,"On XX/XX/year>| settled a Citibank account with XXXXXXXX XXXX XXXX under the reference number XXXX. I revived my confirmation of the account being settled in the mail and was told the account would be updated on my credit reported. Today a rep called me trying to collect on the debt. They have reopened the account under a new reference number XXXX, applied the payment I made for the settlement and are trying to collect the remaining balance. This is FRAUD! And a violation of debit collection practices. I need this account closed and accurately updated on my credit report to show that it has been paid."
11267516,2024-12-24,Debt collection,Attempts to collect debt not owed,"Sequium Asset Solutions, LLC",CA,"The original loan of {$5000.00} was paid in full and I've attached proof. The original company XXXX  XXXX was paid and demand letters are now arriving from Sequium Asset Solutions , LLC for XXXX XXXX  on behalf of XXXX  XXXX. 

In XX/XX/year> and XX/XX/year>, I have provided proof to this company but they continue to send the demand letters threatening collection action."
11643937,2025-01-18,Debt collection,Attempts to collect debt not owed,ENCORE CAPITAL GROUP INC.,OH,"On XX/XX/XXXX, Midland Credit Management filed a lawsuit in the amount of {$870.00}. On XX/XX/XXXX, Midland Credit Management was paid {$200.00} USD and then on XX/XX/XXXX, Midland Credit Management was paid {$670.00} USD which resolved the debt. However Midland Credit Management when contacted acknowledged payment but refused to dismiss the lawsuit. This occurred during a telephone call to XXXX ( XXXX ) XXXX on XX/XX/XXXX between XXXX EST and XXXX EST as well as between XXXX EST and XXXX EST. Midland Credit Management conditioned dismissal on consumer removing a dispute, in violation of federal and state law during a telephone call to XXXX ( XXXX ) XXXX on XX/XX/XXXX between XXXX EST and XXXX EST as well as between XXXX EST and XXXX EST. 

This is a violation of the Fair Debt Collection Practices Act ( XXXX XXXX. XXXX, XXXX ) and a violation of the Ohio Consumer Sales Practices Act ( Ohio Revised Code Chapter 1345 )."
11756881,2025-01-24,Debt collection,Took or threatened to take negative or legal action,"W&A Intermediate Co., LLC",NE,XXXX AND XXXX. ( The agency ) has placed account XXXX on my credit report. The account stems from a XXXX or XXXX utility bill in XXXX. This falls outside the scope ( statute of limitations ) in the FDCPA ( 15 USC 1692 et seq ) and falls outside statute of NEBRASKA limitations ( XXXX XXXX ). The agency can not verify that incumbent lived under the jurisdiction where debt was incurred. The agency ( XXXX ) has violated consumer protection laws and the FDCPA. I have requested the removal of account from credit report to no avail. The agency 's compliance department never returns correspondence by first class mail or phone. I did record all phone calls with XXXX and did document attempts to resolve this with the agency XXXX.
11823029,2025-01-28,Debt collection,Attempts to collect debt not owed,"Veros Credit, LLC",SC,"Hi, Please see attached for supporting factual documents which must be adhered to by applicable laws. 



There were 2 advanced payments which reflects on credit report which Veros Credit confirms this made before the due date to be ahead of time. 



As you can see as shown on contract the first due wasnt until XX/XX/year> but repossessed in XX/XX/year> which Veros Credit confirms by reporting to Credit Bureau that they repossessed vehicle in XX/XX/year>. 



Veros Credit then states that it was reported on XX/XX/year> I was not informed vehicle would be repossessed or sold in auction. 



XX/XX/year> Veros Credit called demanding a payment of {$960.00} and later called again requesting another payment of {$530.00} to Redeem the vehicle which covered 3 monthly payments of {$470.00}. 



This vehicle was wrongfully repossessed and I am asking for the account to be fully DELETED from my consumer report IMMEDIATELY or I will seek legal action!! This has caused damages to my report file. 



After this vehicle was sold in auction XX/XX/year> Veros Credit reported there was a {$0.00} due to the credit bureau even though they are still reporting the total amount for the original loan which is prohibited by law which is also stated in the original contract states on page 3 of 5 section e-g that they would not report any incorrect other than the amount that was not covered in auction sale. 



In accordance to Fair Credit Reporting Furnisher of Information Veros Credit everything has to be 100 % accurate. 



15 U.S.C. 1681b 15 U.S.C. 1681i 602 A I have the right to privacy 15 U.S.C. 1681i 604 A section 2 A consumer reporting agency can not furnish an account without my written consent Section 609 of the Fair Credit Reporting Act ( FCRA ) items MUST BE DELECTED that are inaccurate, incomplete, or unverifiable ACCOUNT MUST BE DELETED FROM MY CREDIT PROFILE to adhere to regulations and laws"
12064324,2025-02-13,Debt collection,False statements or representation,Kingston Data & Credit International Inc.,CO,"Attempted to cancel gym membership in XXXX of XXXX in writing as required. Company did not cancel the membership. In XXXX of XXXX when I noticed I was still being charged the membership amount I sent a second written request to cancel. When that was not honored I disputed the charge thru my credit card company providing the proof mentioned above. The credit card company sided with me and reversed the charges for both XXXX and XXXX. The gym then sent the account to collections for {$250.00} because, according to the collection company, I owe the balance of the contract. The contract I signed was in XXXX and expired in XXXX. I was on a month to month ( {$29.00} ) membership. I informed the debt collection company of all this information they still however have placed a negative mark on my credit report thus effecting my credit. I have followed the law with regards to cancellation ( XXXX XXXX XXXXXXXX requires written notification of cancellation ). I have provided this proof to Kingston Data and Credit, they however insist on reporting fraudulent information in my credit report."
12208252,2025-02-25,Debt collection,Attempts to collect debt not owed,Credit Corp Solutions Inc.,NJ,"XXXX XXXX XXXX XXXX XXXX XXXX XXXXXXXX XXXX XXXXXXXX XXXX XX/XX/year> XXXX XXXX XXXX XXXX XXXX XXXX XXXX XXXX XXXX XXXX  XXXX XXXX : Dispute of Alleged Debt under Consumer Protection Laws Account/Reference Number : XXXX... 

To Whom It May Concern, This letter serves as a formal notice that I dispute the validity of the debt referenced above. I am exercising my rights under the following federal consumer protection laws : XXXX. Fair Debt Collection Practices Act ( FDCPA ) ( 15 U.S.C. 1692 ) Under the FDCPA, I have the right to request verification of the alleged debt. I hereby demand that you provide written validation of the debt, including the original creditor, itemized breakdown of the amount, and proof that I am legally responsible for it. 
XXXX. Fair Credit Reporting Act ( FCRA ) ( 15 U.S.C. 1681 ) If this debt has been reported to any consumer reporting agencies, I request an immediate investigation and removal of any inaccurate or unverifiable information from my credit report. 
XXXX. Truth in Lending Act ( TILA ) ( 15 U.S.C. 1601 ) If this debt arises from a credit account, provide complete disclosure of all terms, conditions, and finance charges that support the alleged debt. 
XXXX. Consumer Financial Protection Bureau ( CFPB ) Regulations As per CFPB guidelines, I am entitled to clear and accurate information regarding any debts claimed against me. 


I request that all future communication regarding this matter be conducted in writing. Additionally, I instruct you to cease and desist any harassing or threatening communication in compliance with the FDCPA. 

If you can not provide sufficient proof of the alleged debt, you are required to remove all negative information from my credit report and cease collection activities immediately. 

Failure to comply with this request may result in me filing a formal complaint with the Consumer Financial Protection Bureau, my state Attorney Generals office, and other appropriate authorities. 

Please respond to this letter within XXXX days of receipt. Send all documentation to the address listed above. 

Sincerely, XXXX XXXX"
12210464,2025-02-25,Debt collection,False statements or representation,CL Holdings LLC,NJ,"XXXX XXXX XXXX XXXX XXXX XXXX, NJ XXXX XX/XX/year>2025 XXXX XXXX XXXX XXXX XXXX XXXX XXXX, MN XXXX Re : XXXX, XXXX Dear Jefferson Capital : I am requesting information about a debt you are trying to collect. You have not contacted me by phone/mail, on any date and have not identified the debt as mine. Please supply the information below so that I can be fully informed : Why you think I owe the debt and to whom I owe it, including : The name and address of the creditor to whom the debt is currently owed, the account number used by that creditor, and the amount owed. 
If this debt started with a different creditor, provide the name and address of the original creditor, the account number used by that creditor, and the amount owed to that creditor at the time it was transferred. When you identify the original creditor, please provide any other name by which I might know them, if that is different from the official name. In addition, tell me when the current creditor obtained the debt and who the current creditor obtained it from. 
Provide verification and documentation that there is a valid basis for claiming that I am required to pay the debt to the current creditor. For example, can you provide a copy of the written agreement that created my original requirement to pay? 
If you are asking that I pay a debt that somebody else is or was required to pay, identify that person. Provide verification and documentation about why this is a debt that I am required to pay. 
The amount and age of the debt, including : A copy of the last billing statement sent to me by the original creditor. 
State the amount of the debt when you obtained it, and when that was. 
If there have been any additional interest, fees or charges added since the last billing statement from the original creditor, provide an itemization showing the dates and amount of each added amount. In addition, explain how the added interest, fees or other charges are expressly authorized by the agreement creating the debt or are permitted by law. 
If there have been any payments or other reductions since the last billing statement from the original creditor, provide an itemization showing the dates and amount of each of them. 

If there have been any other changes or adjustments since the last billing statement from the original creditor, please provide full verification and documentation of the amount you are trying to collect. Explain how that amount was calculated. In addition, explain how the other changes or adjustments are expressly authorized by the agreement creating the debt or permitted by law. 
Tell me when the creditor claims this debt became due and when it became delinquent. 
Identify the date of the last payment made on this account. 
Have you made a determination that this debt is within the statute of limitations applicable to it? Tell me when you think the statute of limitations expires for this debt, and how you determined that. 
Details about your authority to collect this debt. 
I would like more information about your firm before I discuss the debt with you. Does your firm have a debt collection license from my state? If not, say why not. If so, provide the date of the license, the name on the license, the license number, and the name, address and telephone number of the state agency issuing the license. 
If you are contacting me from a place outside my state, does your firm have a debt collection license from that place? If so, provide the date of the license, the name on the license, the license number, and the name, address and telephone number of the state agency issuing the license. 
I have asked for this information because I have some questions. I need to hear from you to make an informed decision about your claim that I owe this money. I am open to communicating with you for this purpose. In order to make sure that I am not put at any disadvantage, in the meantime please treat this debt as being in dispute and under discussion between us. 
In addition to providing the information requested above, please let me know whether you are prepared to accept less than the balance you are claiming is owed. If so, please tell me in writing your offer with the amount you will accept to fully resolve the account. 
Thank you for your cooperation. Sincerely, XXXX XXXX"
12291549,2025-03-03,Debt collection,Attempts to collect debt not owed,GOLDMAN SACHS BANK USA,FL,APPLE CARD/ GS BANKS USA consistently calls after I ask for signature proof of me a agreeing for a debt with APPLE CARD/ GS BANKS USA to be sold or signed off to APPLE CARD/ GS BANKS which I did not do.
12747186,2025-03-31,Debt collection,Took or threatened to take negative or legal action,"iQuantified Management Services, LLC",TX,I got a call about the debt I asked for itemized charges because this appears to be an old debt they said they sent didn't get it I asked to have it sent again and what I got was a bill threatening bad credit if I don't pay
12760290,2025-04-01,Debt collection,Attempts to collect debt not owed,TekCollect Inc.,PA,I dont know this company. I have never had a relationship with this company. This debt is not mine. The company has failed to provide me with any contract bearing my signature. All they did was send me a detailed bill. I requested the original contract bearing my signature. They have failed to do so.
12932574,2025-04-11,Debt collection,False statements or representation,"Fidelity National Information Services, Inc. (FNIS)",CO,"I bank at XXXX XXXXXXXX XXXX XXXX XXXX  in the year of XXXX  I believe, from the start the people there were bias n didn't want me to bank there n treated me like a low life, as I continued to bank there for a short period of time, I was homeless n the place where I stay at the time mail was being stolen, so I had my bamk card sent to the bank n whem the card arrived at the bank when picked it the mail was opened, I let that go and continued to bank there, now one I came to do deposit or check my balance, when I left the bank I left my whole wallet in the bank, I wasn't gone but 1 to two mins n realized I left my wallet, I came back before I left the bank I noticed it was a young kid there, when I was on my back in to pick my wallet that kid was walking out pass me quickly, I pretty sure that kid had my wallet, now when I entered the bank they my wallet wasn't there but if it wasn't in my pocket, no more than 30 step from the bank n I noticed, my wallet is gone the place it could be was in the bank, I called the police n did not leave the bank until they came failed a police report, after that a detective contacted me days later, the investigation ended with the bank would not corroborate the the detective to release the camera footage to prove the situation that someone that bank picked up my wallet with all my important information"
13001211,2025-04-16,Debt collection,Attempts to collect debt not owed,Resurgent Capital Services L.P.,CA,"I have made too many attempts to resolve this issue. It has been two years, and it looks like they are avoiding trying to resolve this. This was a charged-off fraudulent account that the debt collectors will not respond to. I have no legal binding with them yet, and XXXX XXXX will not fix this even though they said they would."
13152273,2025-04-24,Debt collection,False statements or representation,"EVERGREEN PROFESSIONAL RECOVERIES, INC.",WA,"XXXX XXXX XXXX XXXX XXXX XXXX, XXXX, WA XXXX Re : Request for Debt Validation To Whom It May Concern : I am writing in response to a mail received from your office recently. I am requesting validation of the alleged debt in accordance with my rights under the Fair Debt Collection Practices Act ( FDCPA ), 15 U.S.C. 1692g.

Please provide the following : The amount of the alleged debt ; The name of the creditor to whom the debt is currently owed ; Detailed statements showing how the amount was calculated ; A copy of the original contract or agreement bearing my signature, if applicable ; Proof that your agency is authorized to collect this debt in my state ; Verification that the statute of limitations has not expired for collecting this debt. 
Until this information is provided, please cease all collection activities. Furthermore, if you report this alleged debt to any credit reporting agency, it must be marked as disputed. 

Please respond in writing to the address listed above. I am requesting that you do not contact me by phone. 

Thank you for your attention to this matter."
13205530,2025-04-28,Debt collection,Written notification about debt,ENCORE CAPITAL GROUP INC.,CA,"Account XXXX XXXX XXXX, Account # XXXXXXXX XXXX XXXX XXXX XXXX I'm unaware of this debt and did not have the opportunity to dispute this account. If you believe you sent proper notification. please provide 'Certified Mail '' with receipt displaying my signature. If not, please delete account XXXX XXXX XXXX XXXX XXXX as soon as possible from my report or i will have to take legal action."
13323585,2025-05-04,Debt collection,Electronic communications,ENCORE CAPITAL GROUP INC.,MO,"Midland Credit Management has called me at least 4 times every day for the past six months. They claim to own XXXX of my charged off debts, one for XXXX and one for XXXX. They refuse to show proof of ownership of the debt. XXXX XXXX has done the same thing, the abusive phone calls and email messages. They claim they own XXXX debts of my charged off debts. I had previous dealings where they tried to sue me and when I fought them they dropped the suit. They can not and will not provide accurate and standard proof they own any of my charged off debts. XXXX of the supposed debts they supposedly own is for XXXX and the other is XXXX. Both agencies report missed payments every month on these supposedly contracted debts. I have ZERO contracts with either of these companies. I am XXXX and on only Social Security income."
13536958,2025-05-15,Debt collection,Attempts to collect debt not owed,ENCORE CAPITAL GROUP INC.,FL,Im not liable for this debt with MIDLAND CREDIT MANAGEMENT INC I do not have a contract with the Collecttion agency trying to collect this debt they did not provide me with the original contract as requested
13608180,2025-05-20,Debt collection,False statements or representation,CAPITAL ONE FINANCIAL CORPORATION,MD,"XXXX XXXX XXXX XXXX XXXX XXXX XXXX Md XXXX XXXX CAPITAL ONE XXXX XXXX XXXX XXXX XXXX XXXX, UT XXXX Date : XX/XX/XXXX RE : Account Number XXXX Dear Collection Agency Name, I am writing to address the adverse marks on my credit file that have been attributed to me. While I would willingly acknowledge and assume responsibility for any valid debts, I am unable to do so in this case without Proper Validation and Proof Of Claim. As per the Fair Debt Collection Practices Act ( FDCPA ), I am formally requesting comprehensive validation of the alleged debt. 

I seek evidence establishing that I am the party obligated to settle this debt and that there exists a legally binding contractual obligation compelling me to do so. For clarity, I request that all communication be limited to written correspondence until adequate validation of the purported debt is provided. To assist you in meeting this request, please furnish the following required documentation : XXXX. Complete payment history, as per the precedent set by XXXX v XXXX, XXXX XXXX XXXX ; XXXX XXXX. App. XXXX XXXX. Provide a detailed verification by line item, including information on the purchase date, itemized amounts, receipt of goods, and any relevant details directly from the XXXX XXXX. 
XXXX. Date of Last Activity. 
XXXX. Full, accurate social security number that may help to identify me as the correct person you are trying to collect from.

4. Agreement that bears the signature of the alleged debtor, indicating the commitment to pay the original creditor.

The obligation between your company ( [ Collection Agency Name ] and me that authorizes the collection of the alleged debt, along with any transactions binding me to an agreement to pay your company. 
XXXX. Proof of photo identification ( i.e., driver 's license, state identification card, or other government issued identification card ) presented at the time of incurring the debt. 
XXXX. Letter of sale or assignment from the original creditor to your company, including any agreement with your client granting the authority to collect on this alleged debt. ( Agreement with your client that grants you the authority to collect on this alleged debt. ) XXXX XXXX XXXX XXXX Services, XXXX, XXXX XXXX XXXX ( D.Conn., XXXX XXXX, XXXX ) - information relating to the purchase of a bad debt is not proprietary or burdensome. 
XXXX. Any other pertinent information regarding the creation of the debt by your collection agency like ( XXXX. Where the debt originated from, XXXX. ) The sum paid by the bad debt buyer for the plaintiff 's debt, XXXX. ) How the total amount was determined, and XXXX ) A list of documents that authorize the collection of debts. ) I must emphasize that, under FDCPA Section 809 ( b ), collection activity is prohibited until the debt is duly validated. The court ruling in Boatley v. Diem Corporation ( No. Civ 03-0762, D.C. Ariz. 2004 ) confirms that reporting a collection account constitutes collection activity. Please be aware that this is not a request for partial validation ; rather, it is a demand for all the listed information to constitute full and sufficient validation of this debt. 

While I prefer not to litigate, I will use the courts as needed to enforce my rights under the FDCPA and other statutes. I look forward to an uneventful resolution of this matter. 


Sincerely, XXXX XXXX"
13738979,2025-05-27,Debt collection,Attempts to collect debt not owed,"Harris & Harris, Ltd.",NY,"On XXXX, received correspondence by mail relative to {$25.00} debit on a certain account number from Harris & Harris , LTD located in XXXX, Illinois. I called them tried to pay by phone, automated could not find my account, transferred to female person ( unidentified ) and stated hold on after taking my information, next transferred to another unidentified female and stated the amount was paid. But there was another amount due. This raised flags with me after my relatives have been victims of scams. I asked if this company they were legit and no new XXXX XXXX XXXX account number was given in the amount I owed. I have my reservations about this company. Why would I get a bill in the mail if it was already paid? Why not send an updated bill with the proper account number that is due?"
13860760,2025-06-03,Debt collection,Attempts to collect debt not owed,Sezzle Inc.,TX,Attached is an FTC report and my ID. Please remove fraudulent accounts listed below Sezzle ( Fraudulent account ) XXXX  ( XXXX XXXX ) inquiry not mad by me XX/XX/year>
14038378,2025-06-12,Debt collection,Attempts to collect debt not owed,CL Holdings LLC,GA,"I discovered multiple fraudulent accounts, collections, and hard inquiries on my credit reports that I did not authorize or open. These include accounts with XXXX XXXX XXXX XXXX XXXX XXXX XXXX XXXX XXXX XXXX XXXX XXXX and XXXX XXXX  XXXX Additionally, collection accounts have been reported by XXXX XXXX XXXX, XXXX XXXX XXXX, and Jefferson Capital. 

There are also unauthorized hard inquiries from XXXX XXXX XXXX, XXXX XXXX XXXXXXXX XXXX XXXX XXXX  and XXXX XXXX. I did not apply for credit or services with these companies. 

I believe my personal information has been used without my permission, and I am a victim of identity theft."
14188209,2025-06-20,Debt collection,Attempts to collect debt not owed,Diverse Funding Associates LLC,CT,"I received a collection notice from XXXX XXXX for a debt I did not recognize and which I do not believe I owe. On XX/XX/scrub>XXXX I sent a formal debt validation request via certified mail under my rights granted by the Fair Debt Collection Practices Act ( FDCPA ), 15 U.S.C. 1692g.

In my letter, I asked the company to provide : A copy of the original signed contract or agreement bearing my signature A full itemized account history Proof of legal assignment of the debt from the original creditor To date, the company has failed to provide any of the required documentation. Despite this, they continue to report this unverifiable debt to the credit bureaus and/or pursue collection, which is a direct violation of federal law. 
I am requesting that the Consumer Financial Protection Bureau ( CFPB ) investigate this matter and compel the company to either properly validate the alleged debt with legal documentation or cease all collection activity and remove any negative reporting from my credit file."
14245883,2025-06-23,Debt collection,Attempts to collect debt not owed,"NRA Group, LLC",IN,Someone contacted me by telephone and I explained that the debt was not mine. They proceeded to tell me that it was and I told them to send me something in writing and hung up. Never received anything in writing. Now it is on my credit report.
8819007,2024-04-20,Debt or credit management,Problem with customer service,"Portfolio Recovery Associates, LLC",AR,Repeated calls daily at all hours day and night. Very distressing. Harassment. Looked them up on XXXX and found they have several violations and are a debt collector.
8984539,2024-05-11,Debt or credit management,Didn't provide services promised,"GLOBAL CLIENT SOLUTIONS, LLC",MO,"Me and my wife started the Debt Settlement program with the Law Firm of XXXX XXXX and our funds were being deposited into an account through Global Holdings in XXXX of XXXX. Since that time they only managed to settle one debt and have been paying them {$15.00} a month since XXXX of XXXX. No other debts have been settled. On XX/XX/XXXX of XXXX I received a notice that they had settled another debt with XXXX XXXX  and that they needed my signature to proceed with that process. I reached out to discuss that with them and was un  able to get ahold of anyone and so I signed on the XXXX of XXXX authorizing the settlement. I was never contacted on the matter again and am currently being sued by XXXX XXXX. The other 3 debts I have are also still unsettled and I have been Informed that XXXX XXXX can not settle anymore debts because they themselves are part of a big lawsuit. 

Despite this they are still taking {$290.00} a month from me and depositing into the Global  holdings account. I checked my statements from Global Holdings and was shocked to see the exorbitant fees they have been charging me each month. I checked my initial contract and these amounts were never disclosed to me. For example in XX/XX/XXXX our first draft was {$270.00}. Looking at my statement for that month they charged me for : {$10.00} monthly service charge {$100.00} retainer fee {$49.00} Admin fee {$97.00} Service fee Out of {$270.00} a month only {$12.00} remained to pay my creditors from that {$270.00} charge. That happened every month."
9231901,2024-06-11,Debt or credit management,Didn't provide services promised,"Michel Law, LLC d/b/a Level One Law",FL,"We were misled by XXXX XXXX XXXX to sign a contract with Level One Law for debt consolidation. On XX/XX/year> we started paying {$670.00} every month to XXXX XXXX XXXX as their financial partner. We noticed on Level One Laws portal that they are not negotiating settlements for us that we are paying them to do per the contract. We have been trying to contact the Level One Law attorney that represents us, she had told us that she left the firm without further information or help. We called the law firm multiple times. They are not answering our calls, not returning our calls after leaving a message, and have been hung up on also. No way to communicate with them. We are left without the legal representation we are paying for that we need now. We tried to contact XXXX XXXX XXXX for answers to our questions, the phone number and email address is not working. No way to contact them either. Together with XXXX XXXX XXXX, they collected more than {$8700.00} from us. Its interesting that we recently received an e-mail stating that XXXX XXXX XXXX is in litigation."
9381213,2024-06-28,Debt or credit management,Didn't provide services promised,"DMB Financial, LLC",IN,"on XX/XX/XXXX I spoke with XXXX XXXX from XXXX XXXXXXXX XXXX XXXX and agreed to a credit card reduction of XXXX credit card accounts totaling over {$14000.00}. He informed me that I will be paying {$250.00} per month for this program and not to pay anything to the credit card companies that they will negotiate a settlement. On XX/XX/XXXX I received a welcome program from DMB Financial from XXXX XXXX introducing himself as my Client Service Supervisor again telling me not to pay any creditors and inform them that it was turned over to DMB. I have the {$250.00} taken out of my bank account on a auto debit so it is always paid as directed. On XX/XX/XXXX I had to send XXXX XXXX a signed authorization document sent it off no further communication. I kept getting phone calls and emails from my creditors for past due notices. On XX/XX/XXXX I received a email from XXXX XXXX informing me that she is my new Customer Service Representative that XXXX XXXX is no longer with the company. She notified me on XX/XX/XXXX that they reached a settlement offer with XXXX XXXX of {$520.00} I approved. She has since notified me of a settlement with XXXX credit I approved but it was not a settlement it was a payment program and I got a statement from XXXX on XX/XX/XXXX stating payment due, I left XXXX XXXX a voice mail and an email. I spoke with XXXX and she told me that it was not a current statement that payment has been made. I asked her about the program that it is going on over 7 months and I was informed that it it would be 4 to 5 months to be paid off she told me that who ever told me that was lying that this thats time for me to get money into my bank to pay off the creditors. I have since been sending statements to XXXX XXXX and basically been getting the brush off. I have been putting comments in the DMB Portal so that everyone at DMB may read and her comment i that she has been reaching out to me. All I get when I ask what is going on she tells me that she will check with her payoff dept. or supervisor and get back to me. She never does. Now my credit score is so XXXX XXXX for nonpayment to my creditors that I can not get a loan to pay these people off and get back where I was before I started with them. This is effecting my insurance premiums and my ability to get a job. Business 's look at me as a XXXX XXXX"
9388986,2024-06-30,Debt or credit management,Charged upfront or unexpected fees,ENCORE CAPITAL GROUP INC.,NC,"Th accounts were charged off by the original credit card company. I did not receive a 1099-c owing the company, therefore the amount should be charged off totally"
9691259,2024-08-02,Debt or credit management,Confusing or missing disclosures,"Rowland Avenue Management, Inc. A/KA Columbia Debt Recovery, LLC d/b/a Genesis",TX,"I sent a letter to a company on my credit report called Columbia Debt Recovery XXXX XXXX XXXX XXXX XXXX XXXX, WA XXXX, the letter was returned, and I contacted the number ( XXXX ) XXXX they stated that they are called XXXX I signed this contract in XXXX and they have all incorrect information about how much I owe and the dates, I have spoke with them and they can not help me they are a debt company that bought my personal information. I need this removed of my credit I want to buy a home for my children and I. 
XXXX XXXX"
9727984,2024-08-07,Debt or credit management,Problem with customer service,Marauder Corporation,TX,"XX/XX/24 : I called and explained my last name is XXXX. They called me a liar. Told me they dont have to give information to original creditor. Also, told me they have me on camera. Which is a lie. Furthermore, a lady stated she was a manager. Told me to XXXX the number myself. Said the previous lady I spoke to XXXX minutes prior only told me she saw me on camera because she didnt know any better."
10199835,2024-09-21,Debt or credit management,Confusing or misleading advertising or marketing,Consumer Adjustment Company Incorporated,OK,Why do I have to have XXXX  XXXX  on my report? Its a hard inquiry and would like to do away with it.
10336579,2024-10-03,Debt or credit management,Didn't provide services promised,Credible Labs Inc.,VA,Credible XXXX  management XXXX knowingly defrauded consumers by staff who violated anti-kickback statutes
10392712,2024-10-09,Debt or credit management,Problem with customer service,"Bread Financial Holdings, Inc.",MI,"Whoever is trying to collect balance for Commenity Capital Bank for Ulta called someone from my family who I have been no contact with since the death of my grandmother. As someone with XXXX XXXX XXXX ( Ill even provide documentation ) this has put me in an extremely uncomfortable spot to give permission to this family member to talk to me for this reason. 

She is NOT even a XXXX friend. She doesnt share my last name. I dont know how they even knew she was a relative. This feels like an invasion of privacy and I am NOT happy about this at all."
10417886,2024-10-11,Debt or credit management,Didn't provide services promised,"United Funding Logistics, LLC",PA,"XXXX XXXX XXXX has conned so many people into credit repair and then claimed of a bogus lawsuit against 3 credit bureaus, he has since then closed my account threatened with lawsuit and FBI filing of cyber bullying, has a video that if you dont cive him a 5 star rating on the XXXXXXXX XXXX XXXX XXXX XXXX ( i have saved video } refuses to let me on my portal to get vital information i had previously paid for."
10484232,2024-10-18,Debt or credit management,Didn't provide services promised,"Michel Law, LLC d/b/a Level One Law",TX,In XXXX of XXXX I signed up for a debt relief program with level one law paying XXXX a month that was debited from my bank account. In the paperwork it states that they would start negotiating my balances from my credit cards. I havent heard anything from them a year later I started getting sued by the credit card companies. When I call them and the lawyer that was assigned to me XXXX XXXX nobody answers and I leave messages but no one returns my calls. I received an email from an attorney that stated level one assigned them my case and the werent going to take the case and level one law was being sued. I looked it up online and it showed hundreds or even thousands of people who were scammed and a lawsuit. It also stated that as of XX/XX/XXXX they shouldnt have been collecting money from their clients. Im complaining because first they never negotiated any of my debt and they were still debiting my account and taking my money please help because Ive been scammed out of thousands of dollars
10605761,2024-10-28,Debt or credit management,Didn't provide services promised,"TRANSUNION INTERMEDIATE HOLDINGS, INC.",AL,"XXXX XXXX XXXX XXXX XXXX XXXX XXXX, Al. XXXX XXXX XXXX XXXX. 
account type : revolving Date open : XXXXXXXX XXXX XXXX  Status : Charge off I use this company to improve credit and was not satisfied with the service so I terminated service. Account has been closed and still shows negative on my credit report"
10665366,2024-11-03,Debt or credit management,Confusing or misleading advertising or marketing,"Bread Financial Holdings, Inc.",CA,XX/XX/year> {$100.00} company closed the account for none usage
10691434,2024-11-04,Debt or credit management,Didn't provide services promised,"Consumer Financial Services Solutions, Inc.",MI,"I have been requesting Beyond Finance to finalize negotiations with XXXX XXXX for almost a year. There is more than enough money in my dedicated account with Beyond Finance to pay off the debt, but they are not. When I reach out to them I am told over and over again that they will 'Escalate this concern ', but nothing ever happens. Each time I contact them to see when the last correspondence was between them and XXXX XXXX, they tell me nothing has been done since XXXX. And that XXXX XXXX made an offer but Beyond Finance thinks they can get it lowered but that's the last time they have tried. I turned them into XXXX XXXX XXXX XXXX and was contacted by someone in management. They told me that they would 'Escalate this concern '. That was three weeks ago. It is beyond acceptable at this point that Beyond Finance is not paying off this last debt as they agreed to do. It's now become that essentially Beyond Finance is holding onto money that isn't theirs and they need to be using it to pay off this last debt resolution and giving the rest back to me, if there is any."
10872088,2024-11-18,Debt or credit management,Confusing or misleading advertising or marketing,Resurgent Capital Services L.P.,NC,"I am disputing the collection account reported by RESURGENT/LVNV FUNDING with a balance of {$1600.00}, as this account is currently being managed by XXXX XXXX XXXX , where I have been making timely payments."
11005055,2024-12-03,Debt or credit management,Unauthorized withdrawals or charges,"Aequitas Capital Opportunities Fund, LP",PA,"XXXX XXXX in XXXX, PA, sent my medical debt to their third party medical finance company to manage. This company is called CarePayment. The paperwork they sent me made it clear that signing up for a CarePayment account on the CarePayment page would automatically enroll me in their program, thus providing consent for allowing XXXX XXXX to send all future medical balances to their CarePayment partner. The details of the letter I received noted that setting up a CarePayment account is optional. Thus, I called XXXX XXXX and told them I do not consent and want to ask what happens next. They said I either pay in full or they send me to collections. I subsequently agreed to pay in full. 

However, several weeks later I received a letter from CarePayment noting the following : "" Thank you for making your first payment! By making your first monthly payment you are now enrolled in the CarePayment program. Congratulations! IMPORTANT : You are receiving this letter because you made your first payment to CarePayment through XXXX XXXX. If you did not wish for your payment to enroll you in the CarePayment program, please call CarePayment at XXXX and request to have your account closed. The CarePayment program is optional ; however, you will remain responsible for any balances due to XXXX XXXX if you decide to close your account. '' I called the CarePayment number and spoke with supervisor XXXX ( ID : XXXX ). She offered to close the account, which I agreed to. However, I noted to her that I followed the paperwork in detail to make it clear that I never opted in to having a CarePayment account made in my name and that I see it as a serious breach of trust that an account has been opened up in my name without my consent. She said she had no way of escalating this up the chain and would note my concern on my account. Thus, I am submitting this for federal review as it is clear that even when you follow the process they outline to declare that you do not consent to opening an account with CarePayment upfront, that this is not strictly followed. I am unclear what mixture of human error and/or inadequate systems they have in place to note a patient 's account as not opting into CarePayment. I appreciate your help in investigating this issue and ensuring it doesn't happen to others."
11228649,2024-12-20,Debt or credit management,Didn't provide services promised,"John C. Heath, Attorney at Law, PLLC",GA,I applied to XXXXXXXX XXXX for services and it wasnt completed as promised by this provider.
11285764,2024-12-27,Debt or credit management,Didn't provide services promised,"John C. Heath, Attorney at Law, PLLC",FL,I gave them money to fix my credit and never happen
11293066,2024-12-27,Debt or credit management,Didn't provide services promised,"John C. Heath, Attorney at Law, PLLC",SC,I used Lexington Law firm in XXXX and XXXX and they did not fix or change anything I noticed when my score dropped I didnt know how to get in touch with someone to help me solve the issue and I figured they wasnt going to be honest about the problem so I just left it alone I was just trying to do the right thing and build my credit to buy a house for me and my kids
11341406,2025-01-01,Debt or credit management,Charged upfront or unexpected fees,"John C. Heath, Attorney at Law, PLLC",TX,"I signed up with Lexington law firm f Ill r XXXX XXXXit was supposed to be free for the first 30 days however it was not free I paid a XXXX up front fee, a monthly fee of XXXX to XXXX when I called to inquire about the first 39 days free she said they bill a month in advance which I never received a monthly statement except for the bank statements l then called to ask for my original contracts to be sent which I never received I was told I received it via e mail which I in fact had not received it ever! My credit was never fixed as promised accounts went to collections I never received correspondence from my credit card companies or Lexington law firm about my credit repair also I was working out a pay off plain and doing most all the leg work. Know this takes time so I paid Lexington law firm from XXXX to late XXXX I just feel mislead by the whole marketing scam they pulled once I heard we could get a refund I immediately reached out to you guys my address has changed. My old address is XXXX XXXX XXXX XXXX TX XXXX old phone number is XXXX my new address is XXXX XXXX XXXX XXXX tx XXXX new number is XXXX new email is XXXX old email is XXXX. Is it too late for me to get a refund from Lexington law firm?"
11441276,2025-01-08,Debt or credit management,Unauthorized withdrawals or charges,"Southwest Credit Systems, L.P.",TX,I have been reaching out to this company asking for proof this is my account they have yet to send any information I requested to prove that this is my account such as a copy of my drivers license and ssi card this account is fraud and I have no knowledge of this account
11454965,2025-01-08,Debt or credit management,Charged upfront or unexpected fees,"John C. Heath, Attorney at Law, PLLC",MS,Lexington Law firm was charged me ridiculous fees for services in promise to help increase my credit score. Obtained additional personal information from me. They never sent letters as promised. In fact there where no increase in my scores for 2 years I had an opened account.
11494112,2025-01-13,Debt or credit management,Didn't provide services promised,"John C. Heath, Attorney at Law, PLLC",SC,I haven't received my payment for having services with Lexington Law.
11757570,2025-01-24,Debt or credit management,Charged upfront or unexpected fees,"John C. Heath, Attorney at Law, PLLC",OH,I have recently received paperwork from them that I have misplaced and I have no idea what it said I need it sent out again please I heard that they were supposed to be compensating people for charging them for charges they should not have been charged for could I get a copy of that and could I get a refund for the charges?
11864675,2025-02-01,Debt or credit management,Charged upfront or unexpected fees,"John C. Heath, Attorney at Law, PLLC",AR,XXXX XXXX XXXX charged me upfront fees to fix my credit in XXXX and my credit was never fixed.
11882199,2025-01-31,Debt or credit management,Didn't provide services promised,TOYOTA MOTOR CREDIT CORPORATION,VA,"Dear Consumer Financial Protection Bureau, I am writing to formally file a complaint regarding unauthorized hard inquiries that appeared on my credit report following my visit to a Toyota dealership for the purpose of purchasing a vehicle. 

On XX/XX/year>, I explicitly authorized only one hard inquiry ( with XXXX Bank ), allowing a single company to review my credit. However, to my surprise, additional hard inquiries from other companies appeared on my credit report, causing an unnecessary and unjustified negative impact on my credit score. 
Th
ese unauthorized inquiries are listed in the attached document for your review. I believe these actions violate my rights as a consumer, as I did not provide consent for multiple credit checks. 

I kindly request the CFPB to assist in resolving this matter by : 1. Investigating the conduct of the Toyota dealership and the involved companies regarding these unauthorized inquiries. 
2. Requesting the removal of these inquiries from my credit report to mitigate the damage caused to my credit score. 

I have attached relevant documents, including the list of unauthorized inquiries and my correspondence with Toyota regarding this issue. I hope this matter can be addressed promptly to ensure my credit report reflects only authorized inquiries. 

Thank you for your attention to this matter."
11912560,2025-02-03,Debt or credit management,Didn't provide services promised,"Michel Law, LLC d/b/a Level One Law",PA,"I retained level one law in XXXXXXXX XXXX XXXX I had acquired XXXX dollars in credit card debt. I however was making my payments on time. My credit score was XXXX. 
The payments created hardships even though they were on time. With prices rising i was on a sinking ship. Level one law advised me to stop making payments and agree to make payments to level one law. 
I agreed to pay XXXX per month. 
My calculations say XXXX in total. 
They took out fees and retainers. They settled one of my accounts. 2 % of my debt. 
My credit score went down over XXXX points. 
I was to have legal representation in case of lawsuit. I sent them the summons and hearing date and Noone responded. I now have 2 judgements against me. I called and the agent on the phone told me that they quit doing negotiations for me. That I am on my own or get another debt relief company. I closed my global holdings account and recieved XXXX. 
They still would be taking money out if I did not close the account even though they will not work for me. I don't know when they decided to quit."
11950082,2025-02-05,Debt or credit management,Didn't provide services promised,Experian Information Solutions Inc.,NY,"[ XXXX XXXX ] [ XXXX XXXX XXXX XXXX ] [ XXXX NY XXXX ] [ XXXX ] XXXX [ XXXX ] [ XXXX ] [ Experian legal department ] [ XXXX XXXX XXXX XXXX XXXX XXXX XXXX California XXXX ] Subject : Formal Dispute & Demand for Permanent Deletion of Inaccurate Accounts Dear [ Credit Bureau Name ] , I am writing to formally dispute the inaccurate and unverifiable accounts appearing on my credit report in violation of the Fair Credit Reporting Act ( FCRA ). Pursuant to 15 U.S.C. 1681i and 15 U.S.C. 1681s-2, I demand the immediate and permanent deletion of the following accounts from my credit file within five ( 5 ) days of receipt of this notice : [ List of disputed accounts, including creditor name, account number ( partial for security ), and any reference numbers ] Recent litigation, including lawsuits against XXXX and Experian, has highlighted systemic failures in proper credit reporting, reinforcing that consumers have the right to a fair and accurate credit file. Based on the FCRA, I am exercising my legal rights as follows : 1. Violation of 15 U.S.C. 1681e ( b ) Failure to Maintain Maximum Possible Accuracy : Your bureau is required to ensure the maximum possible accuracy of my credit report. Since these accounts contain inaccurate or unverifiable information, continued reporting constitutes a willful violation of my rights.

2. Violation of 15 U.S.C. 1681i ( a ) Failure to Conduct a Proper Reinvestigation : Upon my request, you must conduct a reasonable reinvestigation of disputed information. If the information can not be verified within the legally required timeframe, you must delete it. I demand an expedited review within five ( 5 ) days, given the recent legal precedents regarding inaccurate reporting.

3. Violation of 15 U.S.C. 1681s-2 ( b ) Duty of Data Furnishers to Correct or Delete Inaccurate Information : If the data furnishers fail to verify these accounts with documented proof, they must be deleted immediately. I request full disclosure of your communication with data furnishers as required under the FCRA. 

If these accounts are not removed within five ( 5 ) days, I will have no choice but to escalate this matter by filing formal complaints with the Consumer Financial Protection Bureau ( CFPB ), the Federal Trade Commission ( FTC ), and my states Attorney Generals office. Additionally, I am prepared to pursue legal action for willful noncompliance, seeking statutory damages under 15 U.S.C. 1681n. 

Please provide me with an updated credit report reflecting these deletions. I expect written confirmation of these removals and compliance with my request. 

Thank you for your prompt attention to this urgent matter. Failure to act within the specified time frame will result in legal consequences. 

Sincerely, XXXX XXXX"
11967839,2025-02-06,Debt or credit management,Unauthorized withdrawals or charges,"ClearOne Advantage, LLC",LA,"I enrolled in Clear One Advantage on XX/XX/XXXX and agreed for them to take money out of my account to settle my debt that they arranged. On that date I had {$16000.00} in debt. For 48 months I have paid the agreed amounts but not before they upped my amount without my approval and added debt that I disputed because it was fraudulently obtained. Currently it shows on their website I have a balance on my account of {$1200.00} with a credit in my "" global account '' of {$1500.00}. I have asked they apply the funds to the account balances and close them as well as remove my bank account information from their system and consider it closed. I have 20 emails this month stating this multiple times with their response being in order for me to do that I would have to pay an additional {$1000.00}. Their website also shows that they have collected all of their fees already and my obligations have been met. My debts were settled for what the website says is {$8100.00} and their fees alone were {$3900.00} in addition to my settlement fees. I agreed to this and I understood that my credit would be completely destroyed but that one day I would be able to rebuild. Clear One Advantage is still trying to take money out of my account and now have not responded to my emails since XX/XX/XXXX after I forwarded them a copy of their website showing I do not owe them additional funds. I need help. I am a single mom who needs a washer and dryer and the fact that these people can get away with this is fraudulent."
12087503,2025-02-14,Debt or credit management,Problem with customer service,Exto Inc.,TN,I filed a insurance claim with my auto insurance company and they sent me {$9400.00} to my atlas rewards credit card. I tried to purchase a vehicle yesterday and the restricted my account. I have asked them to close my account and transfer the money to my bank account and they froze my account and stopped responding.
12114331,2025-02-18,Debt or credit management,Didn't provide services promised,"EQUIFAX, INC.",LA,I paid a debt that was owed and requested that it be removed from my credit report. Since then it has not been removed from my credit. I have provided both Equifax and XXXX with copies of the letter and the creditor has spoken to them and it has not been removed from my report as of yet.
12495084,2025-03-15,Debt or credit management,Unauthorized withdrawals or charges,FISERV FINXACT CORE,CA,"XXXX XXXX XXXX DEPARTMENT ISSUED ME A XXXX XXXX DEBIT CARD NO XXXX I WAS ISSUED THREE SEPERATE PAYMENT AND DIRECT DEPOSITS THAT I NEVER SEEN THEY WERE EITHER TRANSFERED TO ANOTHER ACCOUNT AND OR ETC. ON XX/XX/year> XXXX MADE A DIRECT DEPOSIT OF {$4900.00} TO MY ACCOUNT I NEVER SEEN, ON XX/XX/year> XXXX MADE PAYMENT OF {$2700.00} WHICH I NEVER SEEN ON MY ACCOUNT, ON XX/XX/year> XXXX GRANTED A CLAIM FOR {$9000.00} WHICH WAS CLOSED AND THE FUNDS WERE WITHDRAWN. MY XXXX BENEFITS ARE NOW BEING DELAYED TO THE MAX, BEING NEGLECTED DUE TO A FRAUDALENT XXXX XXXX XXXX CASE NO XXXX CRIMINAL CASE DUE TO A ELDER FINANCIAL ABUSE WHICH IS NOT TRUE THIS CASE IS BEING HANDLED BY LA LAWYERS WHOM HAVE PLACED A TAX LIEN, AND POTHER FRAUD STATEMENTS ONLY TO ROB ME FROM ALL OF MY FINANCES.THERE IS ALSO ANOTHER FRAUDALENT CASE DEALING WITH DISSOLUTION MEANING A DIVORCE IN MY NAME XXXX XXXX AND XXXX XXXX XXXX XXXX XXXX XXXX XXXX XXXX ALSO ANOTHER FRAUDALENT CASE OVER AT XXXX VIEW XXXX XXXX XXXX NAME XXXX XXXX STATING THAT I AM A XXXX CASE WHICH IS NOT TRUE ONLY TO ROB ME I CURRENTLY RESIDE AT XXXX XXXX XXXX XXXX XXXXXXXX XXXX XXXXXXXX WHERE I LIVE WITH THIS MAN BY THE NAME OF XXXX XXXX XXXX WHO TREATS ME LIKE A PIECE OF XXXX WHILE HE IS PROBABLY INVOLVED ALSO THERE IS ANOTHER FRAUDALENT CASE AT XXXX XXXX WHICH WAS DISMISSED INVOLVING MYSELF FOR A XXXX CHARGE WHEN IT IS CONTRARY I HAVE BEEN SET UP BY POSSIBLY THE PEOPLE OF THE STATE, GOVERNMENT, ONLY TO ROB ME POSSIBLY A CLEARINGHOUSE JUDGEMENT"
12571330,2025-03-20,Debt or credit management,Unauthorized withdrawals or charges,GOLDMAN SACHS BANK USA,NY,"Apple Card is issued by Goldman Sachs Bank USA, XXXX XXXX XXXX XXXX. 

Goldman Sachs Bank USA, XXXX XXXX XXXX XXXX, XXXX XXXX, XXXX XXXX XXXX, XXXX, PA XXXX Denied cancellation of my subscription. I had cancelled my subscription with Apple XXXX. It was cancelled refunded on. XXXX  XX/XX/year> and then recharged XX/XX/year>. I called to reverse the charges and yet they XXXX through Apple can not do the transaction therefore I asked to have the card taken off my applications. They can not take the subscription of my account. 
therefore the number given is incorrect and there is no way to contact them the contact number is incorrect XXXX"
12869044,2025-04-08,Debt or credit management,Problem with customer service,Experian Information Solutions Inc.,TX,On XX/XX/XXXX i got a letter that said I need to use the pin provided in the letter to make changes to my account. When i called on XX/XX/XXXX the system said it didn't recognize the number from the letter.
12954223,2025-04-12,Debt or credit management,Unauthorized withdrawals or charges,EdFinancial Services,NY,There was a data breach of my personal/information to a third party without my consent/authorization.
13241818,2025-04-29,Debt or credit management,Charged upfront or unexpected fees,NATIONAL DEBT RELIEF LLC,FL,National Debt Relief promised to help me pay off my debt but they were taking their high priced fees upfront which never cleared any of my debt
13505803,2025-05-14,Debt or credit management,Problem with customer service,"PENNYMAC LOAN SERVICES, LLC.",LA,"PENNYMAC denied my Louisiana XXXX benefits XXXX entitled to claiming their mortgage loans are not for goods and services and are not required to honor the SCRA. 

This letter is in follow up to your communications with PennyMac Loan Services , LLC ( Pennymac ) regarding the above-referenced loan. Specifically, you inquired about reducing your interest rate to 6 % per the Servicemembers Civil Relief Act ( SCRA ), or Louisiana Revised Statutes Title XXXX, Section XXXX. 
Let me begin by saying thank you for your service to our country. 
Please note that the XXXX rate reduction only applies to loans obtained before entering XXXX XXXX. The XXXX Percent Rule states that a XXXX can reduce their mortgage interest rate to 6 % under certain circumstances. 
This applies only to debts and mortgages entered into before active-duty entry. Your loan originated on XX/XX/XXXX which is after your XXXX XXXX start date. As such, your loan is not eligible for a rate reduction and/or benefits provided by the Servicemembers Civil Relief Act ( SCRA ). 
With regard to your eligibility for a rate reduction under Louisiana XXXX XXXX, Louisiana Revised Statutes Title XXXX Section XXXX ( A ) states, Notwithstanding any provision of law to the contrary, no creditor in connection with an obligation entered into on or after XX/XX/XXXX, shall charge or collect from a person, or spouse of a person, who is on XXXX XXXX interest or finance charges exceeding XXXX percent per annum during the period that the person is XXXX on XXXX XXXX. However, please note that Louisiana Revised Statutes Title 29, Section 311 ( 3 ) defines an obligation as "" any retail installment sales contract, other contract for the purchase of goods or services, or bond, bill, note, or other instrument of writing for the payment of money arising out of the contract or other transaction for the purchase of goods or services. '' As your mortgage loan is not a retail installment sales contract or associated with purchasing goods or services, the loan also does not qualify for an interest rate reduction to 6 % under Louisiana state law. 
In all of our interactions with you, we are committed to being accountable, reliable, and ethical through actions that reflect our core company values."
13807325,2025-05-30,Debt or credit management,Didn't provide services promised,The J. G. Wentworth Company,TX,"In XXXX XXXX I reached out to XXXX about helping with a debt forgiveness program. They made guarantees that they would work on my behalf to help settle my debt. After XXXX XXXX XXXX XXXX XXXX they have collected over $ XXXX from me, and have not made any attempts to settle XXXX of the XXXX of my accounts. After several correspondence regarding creditors, settlement offers, and collections notices, they still have not acted on the XXXX outstanding accounts. When I asked for a progress report showing how much of my money has gone to fees as opposed to settlements, when these creditors were contacted, and what was discussed I was given no answer. To date I am unable to get any updates on the accounts that have been sent to collections and my credit has suffered incredibly. Then, in a predatory move, they tried to offer me a loan for all of the debt that I had remaining, only to reject me for the loan because they didn't recognize XXXX of the creditors which has been listed on my account since the beginning. At this point I am convinced that I'm going to be paying them forever because they're never going to act on settling any of my debt. Now I'm stuck in some contract where they are taking over {$600.00} a month out of my account, and they are not providing me with any updates. Prior to their loan offer on XX/XX/XXXX, I had not been contacted by anyone at JG Wentworth since XX/XX/XXXX. They have shown my account no attention, when I requested assistance, I was told that they don't know how to handle internal and external emails, and again was left without a response. I can no longer get in touch with the account rep who set me up, all of his emails come back as undeliverable. I have records of documents uploaded showing creditors ready to settle and being ignored. I had a settlement offer from a creditor which I received on XX/XX/XXXX, the offer was only available until XX/XX/XXXX, as of XX/XX/XXXX, no one at JG Wentworth claims to be aware of this settlement offer. The document was uploaded on XX/XX/XXXX, this tells me that they are unfortunately not paying any attention to my account and are just using me to fill their pockets."
13863368,2025-06-03,Debt or credit management,Unauthorized withdrawals or charges,Citizens Debt relief LLC,FL,"On XX/XX/XXXX I signed a contract with Citizens Debt Relief, LLC., a debt resolution company to negotiate settlement on my behalf with my creditors. This agreement also included XXXX XXXX, aka XXXXXXXX XXXX XXXX with an FDIC assurance of protection of my funds. Drafts from my checking account by XXXX began on XX/XX/XXXX for {$810.00}, XX/XX/XXXX {$810.00}, XX/XX/XXXX {$810.00}, XX/XX/XXXX {$810.00}, XX/XX/XXXX {$620.00}, XX/XX/XXXX {$620.00}, XX/XX/XXXX {$620.00} and XX/XX/XXXX {$450.00}. The monthly drafts were reduced because I began negotiations and settling accounts and withdrawing them from Citizens Debt R6elief. I was supplied statements from Citizens Debt Relief that showed "" pending settlement '' on all accounts. I continued to request information and updates on negotiations. XXXXXXXX XXXX XXXXXXXX ( XXXX ) was to hold my savings, only to be paid out as debt payments to my creditors once negotiated settlement was secured. Per contract documents, I was to retain full and complete ownership of the funds in my account and no unauthorized payments were to be made without my explicit and direct authorization by me. On XX/XX/XXXX, I received access to my XXXX  account after demanding the same from the Citizens Debt Relief sales department. I was then given the login and access information to my account. I then logged into my account and found that my sales account had a XXXX balance. Beginning XX/XX/XXXX a settlement payment of ( {$20.00} ) was paid by check to my XXXX XXXX XXXX. No negotiations for settlement were made or conveyed to me in any manner. 
On XX/XX/XXXX fee payment of $ ( XXXX ) was drafted out of my savings account leaving a balance of {$30.00}. My funds were being drafted out of my savings account at the same rate that XXXX was drafting the funds from my checking account. This was unknown to me. 
The Citizens Debt Relief Contact states : "" In the Debt Resolution Services Agreement. Item 6. Dedicated Savings Account : "" Client shall maintain direct and absolute control and ownership over the account. Only Client shall be able to withdraw funds from this account, and he/she must directly authorize Any and All settlements before Any funds are transferred to his/her creditors. This activity was systematic monthly until I became aware of the fraudulent activity on XX/XX/XXXX after gaining access to my XXXX account upon demanding and receiving login access from XXXX XXXX Customer Service Agent with Citizens Debt Relief via e-mail. On XX/XX/XXXX I contacted the Operations Manager ( XXXX XXXX ) for ( XXXX XXXX XXXX XXXX XXXX for details on the withdrawals from my saving, she stated I could not see all the detail from the dashboard access, but that Citizens Debt Relief was the party making the withdrawals and she agreed to send me my account ledger by email that disclosed the full details. I requested that my checking account withdrawals be immediately stopped and to remove my checking account. She placed a hold on my account but said she would need to research if she were able to remove my checking account number. On XX/XX/XXXX. I submitted the cancellation of my contract via e-mail XX/XX/XXXX, Chat box on the website for XXXX and via telephone. I revoked all powers of attorney. I was told I would receive a call back within 48 to 72 business hours from a supervisor to discuss my account. I never received the call. At the end of 80 I called back and was again told I would receive a call within 48 to 72 business hours a second time. I also had the operations manager with XXXXXXXX XXXX close my account which should have had a balance of {$5400.00}. I cancelled the contract for breach of contract dated to XX/XX/XXXX for illegal withdrawals from my account. In an attempt to claim a settlement fee on my account a creditor was contacted on XX/XX/XXXX and a settlement was reached without notification or consent by me. Citizens Debt Relief attempted to claim settlement and reopened my XXXX account, advanced {$150.00} to the account and paid the creditor {$140.00} in an effort to exact a settlement fee of {$1500.00} from the refund that I requested and am indeed entitled to. The refund that I should receive total is {$5400.00} less the partial payment received of {$2900.00} for a total still unpaid of {$2400.00}. To further attempt to cheat me from the monies due to me Citizens Debt Relief understated the total amount of payments drafted by XXXX to my savings account. My funds were used interest free for unknown purposes by Citizens Debt Relief, and I was further injured by the lack of the use of my own monies to negotiate my debts as Citizens Debt Relief was claiming per their statements, that settlements were pending. No accounts were ever negotiated and/or settled. I am submitting documents to support this claim."
14045707,2025-06-13,Debt or credit management,Confusing or misleading advertising or marketing,"Strategic Alliances, Inc.",MI,"1. A representative of the debt collector has come to my residence in person.

2. During one or more visits, they instructed my XXXX  children to call me at work, involving them in the matter without my consent.

3. I have not received written validation of the alleged debt, including account details, original creditor, or proof of ownership.

4. These actions have caused emotional distress and are clearly intended to harass and intimidate me into paying a debt that I do not acknowledge or understand."
14124311,2025-06-17,Debt or credit management,Confusing or misleading advertising or marketing,"ClearOne Advantage, LLC",CO,"Set up a plan with this company and was under the impression that fees wouldn't be charged right away on settlements ( was told this twice ). 

Had a settlement made ( which happened to be my largest account ) and large fees started to come out right away. My monthly payments going to towards the settlement were less than {$100.00}, fees being charged were over {$200.00}. This made it hard for my account to accrue a balance to pay off any additional settlements because my payments were all going towards the fees and not to any new settlements. 

I reached out to the company to cancel - and had to ask multiple times to do this. I asked about a possible refund on the funds since these settlements weren't completed and I was told that wasn't possible. I had over {$1200.00} of fees paid since XXXX and only got XXXX settlement offers- both of which weren't completed"
14201798,2025-06-20,Debt or credit management,Problem with customer service,ENCORE CAPITAL GROUP INC.,MO,"XXXX Midland credit management Called XXXX/2025abd XX/XX/scrub>/2025 Claimed to have already talked to my spouse. I don't have one. They are trying to get me to verify information without telling me who they are.

I believe it is a scam and they won't stop calling."
14360198,2025-06-29,Debt or credit management,Didn't provide services promised,Credit Wellness LLC,TX,"I XXXX  a company called XXXX XXXX XXXX so I can reach out and try to settle a debt. Well I thought I was calling XXXX but because of the way Credit Wellness LLC advertised on XXXX, they made it look like they were XXXX and I ended up calling them instead. The rep convinced me that they can dispute negatives on my creit report so i paid {$300.00}, and XXXX XXXXXXXXmonth rate while the process started. Well I was receiving letters from credit bureaus saying someone was attempting to dispute without my authorization, and I got a random name, XXXX XXXX added to my XXXX  report shortly after giving my info to Credit Wellness LLC . So being suspicious of fraudulent activity, and knowing this company is the only company or person Ive given my info to, I became suspicious. Called my credit card company and disputed the transactions. Ive been disputing the new name on my XXXX  to no success. I think this company is doing nefarious things with peoples info and I would like them to be investigated."
14383457,2025-06-30,Debt or credit management,Charged upfront or unexpected fees,NAVY FEDERAL CREDIT UNION,MD,"XXXX XXXX XXXX XXXX XXXX ( Send a separate letter to each ) [ Address of Bureau ] Subject : Formal Dispute and Request for Permanent Deletion FCRA Violation RE : Account # XXXX XXXX XXXX XXXX XXXX XXXX XXXX XXXX XXXX XXXX XXXX XXXX XXXX XXXX XXXX  Creditor : [ Auto Loan Provider NAVY FCU, Dear All Three Credit Bureau, This letter serves as a formal dispute of the information being reported on my credit file under t

he above-referenced account number. After a thorough review of my credit report, I have found multiple violations of the Fair Credit Reporting Act ( FCRA ) pertaining to this account, specifically : Inaccurate dispute comments are being reported such as : Consumer disputes after resolution Subscriber reports dispute resolved consumer disagrees This is demonstrably false, misleading, and damaging. I am not disputing this account and have not issued a new dispute. These comments must be removed immediately as they are not reflective of the actual status. The account is closed, paid in full, and reports a {$0.00} balance, yet the continued inclusion of outdated, irrelevant, or incorrect dispute language misrepresents the account status in violation of : 15 U.S.C. 1681i ( a ) ( 5 ) ( A ) : Information must be deleted if it is found to be inaccurate or can not be verified. 15 U.S.C. 1681e ( b ) : You are required to maintain procedures to ensure maximum possible accuracy. The reporting dates are inconsistent, and certain bureaus list materially different "" Date Opened '' and "" Last Reported '' fields. This discrepancy further raises concerns about the verifiability and completeness of this data under 15 U.S.C. 1681s-2 ( b ). Demand for Resolution : I demand the immediate deletion or full correction of this tradeline from my credit report across all reporting agencies. If this information can not be 100 % verified as accurate and complete, it must be permanently removed, in accordance with federal law. Should you fail to comply, I am fully prepared to escalate this matter through the Consumer Financial Protection Bureau ( CFPB ), the Federal Trade Commission ( FTC ), and legal channels, including a civil action for willful or negligent noncompliance under 15 U.S.C. 1681n and 1681o. Please complete your reinvestigation within the required 30-day timeframe and provide written confirmation of your findings. Sincerely, XXXX XXXX DOB : XXXXXX/XX/year> SSN ( last 4 ) : XXXX Email ( optional ) : XXXX XXXX"
8951400,2024-05-07,"Money transfer, virtual currency, or money service",Money was not available when promised,"WESTERN UNION COMPANY, THE",DE,"On XXXX at XXXX XXXX ET funds were sent to my own XXXX XXXX  account from the XXXX amounting to {$760.00} ( XXXX XXXX ). The funds typically are made available within 48 hours. By XXXX the funds were still not available and I contacted both Western Union and my XXXXXXXX XXXX. My XXXX XXXX was unable to locate the incoming ACH transfer for my account and Western Union states the bank made the funds available on XXXX. I contacted Western Union who was unable to even confirm that my bank account number was the number the funds were sent to, claiming they can only see the last XXXX digits. Further they were unable to search for all transactions with my bank account number to see if this transaction appeared. 

They stated a case would need to be opened and I would be contacted via email with next steps after 72 business hours. 

I have sent many transfers to myself and my information is typically on file so I am unsure how this could have been sent to the wrong account, but I guess it is possible."
9635322,2024-07-27,"Money transfer, virtual currency, or money service",Unauthorized transactions or other transaction problem,JPMORGAN CHASE & CO.,GA,"On XX/XX/year> I received a text from "" USPS '' or someone claiming to be USPS. They stated they had the package I was waiting for and needed my updated information to send it to me. I gave them my information, including my debit card information and address. I quickly received a text message ( attached below ) that was an activation code to enroll my debit card to my digital wallet. I also received an email from Chase ( attached below ) that stated I updated my card in my digital wallet, which I did not do. I quickly realized it was a scam and called Chase Bank right away, through which my debit card is through, and informed them of the fraud. They canceled my card and informed me that my new card would come in the mail within 7-10 business days. On XX/XX/year>, an unauthorized in-person transaction was made at the XXXX store XXXX XXXX XXXX XXXX CA for {$300.00}. I was not in XXXX XXXX, CA at that time, nor have I ever been there. I called Chase when the transaction was posted on XX/XX/XXXX to inform them of the fraudulent transaction and they informed me that my debit card was updated in my XXXX XXXX  the day after I canceled my debit card. During my initial phone call with their fraud department, I was not informed by Chase that the card automatically updates in the XXXX XXXX. They then canceled my first replacement debit card, which was still in the mail and I had not even received yet, and issued me another replacement debit card. I filed a fraud claim with Chase on XX/XX/year>, which was denied on XX/XX/year>. During this call on XX/XX/XXXX with Chase, is when I removed all cards from my XXXX XXXX XXXX I re-filed the claim on XX/XX/year>, after the {$300.00} credit was removed from my account. The claim was again denied on XX/XX/year> stating that "" the transaction ( XXXX ) was processed according to the information you provided or was authorized. '' I called the Chase customer claims department today, on XX/XX/year>, and was informed that there was nothing Chase could do to help me, because the debit card was connected through my phone number, and my phone number has not changed. This transaction was not authorized by me, and I don't know how it was made in person in XXXX XXXX, CA when I was never there. I assume they added my canceled debit card into their XXXX XXXX  and therefore had access to the updated card information, which they used to make the unauthorized transaction on XX/XX/year>. Neither Chase Bank nor XXXX could resolve the issue for me or give me my money back after it was stolen."
10005584,2024-09-03,"Money transfer, virtual currency, or money service","Managing, opening, or closing your mobile wallet account","Paypal Holdings, Inc",MO,"Dear PayPal Support Team, I am reaching out to appeal the permanent limitation imposed on my PayPal account associated with the email address XXXX I believe this action may have been taken in error, as I have consistently adhered to PayPals policies and have not engaged in any prohibited activities.

As a dedicated user of PayPal, maintaining a positive and reliable relationship with your service is very important to me. I am committed to addressing any concerns that may have led to this situation and am eager to resolve any misunderstandings. 

I kindly request a detailed review of my case, with a careful examination of the circumstances that led to the account limitation. I am confident that a thorough review will uncover any errors or misunderstandings. I am willing to provide any necessary documentation or additional information to support my appeal. Reinstating my PayPal account would greatly alleviate my current financial difficulties and allow me to continue using PayPal for my transactions. 

Thank you for your attention to this matter. I hope for a swift resolution and the opportunity to restore my access to PayPals services. Please let me know if you need any further details or documents from me. 

Sincerely, XXXX XXXX"
10127451,2024-09-15,"Money transfer, virtual currency, or money service",Money was not available when promised,"CITIZENS FINANCIAL GROUP, INC.",DE,"I made a wire transfer at the branch located at the XXXX store on XX/XX/2024 to my XXXX account. Wire transfer was completed prior to XXXX XXXX XXXX As per the bank policy, the wire should have reached the XXXX Bank account on the same day since the wire was initiated prior to XXXX XXXX. There was a pending payment to IRS at the XXXX bank due on XX/XX/XXXX. To my dismay, Citizens bank did not complete the wire transfer until Monday XX/XX/XXXX. This caused the IRS payment to be returned from the XXXX bank account due to insufficient funds. IRS charged me {$XXXX} for dishonored check. In addition, IRS also charged me {$XXXX} for interest and {$XXXX} for failure to pay in the month of XXXX. There are multiple factors that are being overlooked by the bank including ( 1 ) Wire was initiated at the XXXX branch by the instructions provided by the customer representative at the branch. ( 2 ) The transaction was done at XXXXXXXX XXXX XXXX  which is well within the cut off for wires which is XXXXXXXX XXXX. ( XXXX ) What is the reason for flagging the wire for review when there are enough funds in the account? What additional review is being done by the bank? There is no transparency on this additional review and is making it up to cover the system failure ( 4 ) I am a XXXX customer and have enough funds in the account ( 5 ) This was a system error and bank is trying to cover it up. I have proof saying that it is a system error"
11007035,2024-12-03,"Money transfer, virtual currency, or money service",Unauthorized transactions or other transaction problem,"Paypal Holdings, Inc",NC,"My complaint is about PayPal. See below copies of letters sent to PayPal and Paypal 's debt collector. 


XX/XX/year> PayPal : I opened a PayPal account a few months ago so I could be paid by an internet job I tried. I was paid {$25.00} for the tryout. I immediately sent this {$25.00} to my bank account. That is the only legitimate transaction that has ever occurred on my account. My PayPal balance has always been zero ever since I opened the account, except for {$25.00} for a few minutes. 
On XX/XX/year>, someone named XXXX XXXX at XXXX hacked my account and sent himself two transactions of {$6000.00} each, so {$12000.00} total. I got emails alerting me to this. Immediately after, I got more emails saying there was unusual activity on my account. See the enclosed emails as proof of this. 
I immediately submitted an unauthorized activity case to you. See enclosed as proof of this. Within minutes I was emailed saying you determined there was no unauthorized use, as these transactions were consistent with my PayPal history, which is absurd. I had had one transaction before this, and I was the one being paid, and it was only {$25.00}. See enclosed as proof of this. Not to mention, by your own admission, these transactions were unusual. You emailed me saying so. 
I immediately appealed your decision. See enclosed as proof. I was again denied. See enclosed as proof.

I find it hard to believe you can not see where these transactions originated from and determine they were not made by me. Likely they were initiated outside my home state, likely outside my home nation.

The bank account I had linked to PayPal had a very low balance, so thankfully my bank returned both {$6000.00} transactions.

However, because of this, I have had to close that bank account due to this fraudulent activity. I called you several times, and got zero help. I have made reports to the FTC and the XXXX XXXX XXXX division regarding this alleged XXXX XXXX and regarding PayPal as a whole. I am currently researching arbitration and will begin calling consumer protection attorneys in my area soon. 
I demand my negative PayPal balance be returned to zero and my account closed immediately. 

XXXX XXXX XX/XX/year> From XXXX XXXX XXXX XXXX XXXX XXXXXXXX XXXX XXXXXXXX To XXXX XXXX XXXX Sweet XXXX XXXX XXXX XXXX XXXX XXXXXXXX XXXX XXXXXXXX Reference # XXXX Via Certified Mail - Return Receipt Requested Dear XXXX XXXX : I do not owe the above referenced debt. For explanation, please see enclosed a copy of a letter I sent to PayPal, along with supporting documentation. 
Under the Fair Debt Collection Practices Act ( hereinafter referred to as the FDCPA ), I am entitled to request validation of the debt you allege is due to you. This is not a request to verify the debt, but rather a request for you to provide complete and competent evidence of my contractual obligation to provide payment to you.

Within thirty ( 30 ) days of receipt of this letter, you must provide me with the following information and/or alleged information : Creditors full name and full address, name of debtor of record, full account number, amount and due date of debt, original charge off or delinquency date, explanation of how the debt was calculated, evidence that the debt is within federal and XXXX  applicable statute of limitations, amount paid when you purchased this debt, completed and executed agreement including signature pages for the alleged debt, and proof that my PayPal account was not used without my knowledge or consent. The deadline in which you must provide all of this information is XX/XX/year>. 
Cease and Desist : Pursuant to my rights under the FDCPA, you must cease collection attempts until you can prove that I committed the transactions on PayPal that led to this alleged debt.

Communication Restriction : Pursuant to my rights under the FDCPA, you are authorized to communicate with me in writing only.

Civil Remedies : Under the FDCPA, I have the right to sue you if you violate any provisions of the FDCPA. In that case, I may be entitled to damages, including statutory damages and attorneys fees. 

Record Keeping : You are required to maintain records of your communications and activities in regards to me. 
I do not mean to take a confrontational tone, but I am angry and must assert my rights. I have worked hard to get myself completely out of debt, and then this happens. As you will see from the enclosures, PayPal knows for a fact that my account was hacked, and they just do not care. I pleaded with them for help and got none. 
Thank you for your time, consideration, and attention to this matter. 
Sincerely, XXXX XXXX"
11560607,2025-01-17,"Money transfer, virtual currency, or money service",Other transaction problem,"Block, Inc.",GA,"I want all money refunded back to me. 
I sent Cash app and they said they never did receive the money and I reached out to cash app and never got the issue resolved"
11569476,2025-01-17,"Money transfer, virtual currency, or money service",Fraud or scam,"Early Warning Services, LLC",IL,"I filed seven claims against Zelle due to fraud that happened to me using the service. I sent the money ( {$2200.00} ) to someone I thought I trusted. I requested the money back from her multiple times, and once I realized I was not hearing back from her, I filed those seven claims shortly after. I received an automated response regarding the claims from Zelle Customer Service XX/XX/year>. I never received an update on the situation since then."
11572128,2025-01-17,"Money transfer, virtual currency, or money service",Other transaction problem,"Block, Inc.",NE,"I am filing a complaint against cashapp. ( Block, inc. ) Due to inadequate customer service and unfair practices, which violates the consumer financial protection act. ( CFPA ). Specifically, cashapp failed to take timely action due to effective measures to prevent and address fraud on their platform, leaving my account vulnerable and unprotected. Furthermore, their dispute resolution process was unfair and deceptive, and they did not comply with error resolution requirements under the electronic fund transfer act ( EFTA ) in regulations E. These actions has caused significant inconvenience and financial loss, and I seek appropriate redress for these violations."
11573179,2025-01-16,"Money transfer, virtual currency, or money service",Other transaction problem,"Block, Inc.",SC,"I am filing a complaint against Cash App ( Block , Inc. ) due to inadequate customer service and unfair practices, which violate the Cosumer Financial Protection Act ( CFPA ). Specifically, Cash App failed to take timely and effective measures to prevent and address fraud on their platform, leaving my account vulnerable and unprotected.

Furthermore, their dispute resolution process was unfair and deceptive, as they did not comply with error resolution requirements under the Electronic Fund Tranfer Act ( EFTA ) and Regulation E. These actions have caused significant inconvenience and financial loss, and I seek appropriate redress for these violations."
11580009,2025-01-16,"Money transfer, virtual currency, or money service",Other transaction problem,"Early Warning Services, LLC",AZ,"I would liked to formally express my concerns regarding Zelle 's handling of disputes, particularly in light of the recent CFPB lawsuit highlighting significant issues with the platform. Despite using Zelle numerous times and reporting discrepancies, my financial institution and Zelle failed to investigate my claims adequately. They informed me that recovering lost funds was impossible and that tracking these transactions was unfeasible. The CFPB 's findings indicate that Zelle has not only neglected to protect consumers but has also allowed repeat offenders to exploit the system, leaving users vulnerable to scams. This lack of accountability and transparency is unacceptable and raises serious concerns about consumer safety."
11634909,2025-01-18,"Money transfer, virtual currency, or money service",Other transaction problem,"Early Warning Services, LLC",MI,"I am writing to formally express my concerns regarding Zelles handling of disputes, particularly in light of the recent CFPB lawsuit highlighting significant issues with the platform. Despite using Zelle numerous times and reporting discrepancies, my financial institution and Zelle failed investigate my claims adequately. They informed me that recovering lost funds was impossible and that tracking these transactions was unfeasible. The CFPBs findings indicate that Zelle has not only neglected to protect consumers but has also allowed repeat offenders to exploit the system, leaving users vulnerable to scams."
11641534,2025-01-18,"Money transfer, virtual currency, or money service",Other transaction problem,"Early Warning Services, LLC",NJ,"Iam writing you to formally express my concerns regarding Zelles handling of disputes, particularly in light of recent CFPB lawsuit highlighting significant issues with the platform. Despite using Zelle times and reporting discrepancies, my financial institution and Zelle failed to investigate my claims adequately. They informed me recovering lost funds was impossible and that tracking a tracking the se transactions was infeasible. The CFPB has indicated that Zelle has not only neglected to protect consumers but has also allowed repeat offenders to exploit the system. Leaving users vulnerable to scams. The lack of accountability and transparency is unacceptable and raises serious concerns about consumers safety.."
11643943,2025-01-18,"Money transfer, virtual currency, or money service",Other transaction problem,"Block, Inc.",FL,"The mobile banking app by the name of "" Cashapp '' has failed to help resolve my issues with attempting to ask for a cancelation refund due to the service not having active/live agent."
11645798,2025-01-18,"Money transfer, virtual currency, or money service",Other transaction problem,"Early Warning Services, LLC",FL,"I am writing to formally express my concerns regarding Zelles handling of disputes, particularly in light of recent CFPD lawsuits highlighting significant issues with the platform. Despite using Zelle numerous times and reporting discrepancies, my financial institution and Zelle failed to investigate my claim adequately. They informed me that recovering lost funds was impossible and that tracking these transactions was unfeasible. The CFPBS findings indicate that Zelle has not only neglected to protect consumers but has also allowed repeat offenders to exploit the system, leaving users vulnerable to scams. The lack of accountability and transparency is unacceptable and raises serious concerns about consumers safety"
11651167,2025-01-18,"Money transfer, virtual currency, or money service",Other transaction problem,"Early Warning Services, LLC",CT,"I would want to formally voice my concerns about Zelle 's dispute resolution process, especially in view of the recent CFPB action that brought to light serious problems with the platform. Despite my repeated use of Zelle and my reporting of inconsistencies, neither Zelle nor my banking institution sufficiently looked into my claims. They told me that it was impossible to track these transactions and to reclaim lost money.According to the CFPB 's findings, Zelle has not only failed to safeguard customers but has also let repeat criminals to take advantage of the system, making users susceptible to fraud. The absence of transparency and accountability is intolerable and poses major risks to the safety of customers."
11652002,2025-01-18,"Money transfer, virtual currency, or money service",Other transaction problem,"Early Warning Services, LLC",IL,Despite using zelle numerous times and reporting discrepancies my financial institution and zelle failed to investigate my claims adequately.they informed me that they are recovering lost funds was impossible and that tracking these transactions was unfeasible. The cfpbs finding indicates that zelle has not only neglected to protect conumers but has also allowed repeat offenders to exploit the system leaving users vulnerable to scams
11652902,2025-01-18,"Money transfer, virtual currency, or money service",Other transaction problem,"Early Warning Services, LLC",NY,"I am writing this to formally express my concerns regarding Zelle 's handling of disputes, particularly in light of recent CFPB lawsuit, highlighting significant issues with platform. Despite using Zelle numerous times and reporting discrepancies my financial institution along with Zelle did not investigate my claims adequately They informed me that recovering loss funds was impossible and tracking most transactions brought up was infeasible. The CFPB finding shows that sale has not only neglected the protection of its users has also allowed repeat offenders to exploit the system, leaving users like myself vulnerable to scams. This lack of accountability and transparency is unacceptable and raises serious concerns about customer safety."
11657587,2025-01-17,"Money transfer, virtual currency, or money service",Other transaction problem,"Early Warning Services, LLC",IL,I am writing to formally express my concerns regarding Zelles handling of disputes particularly in light of the recent cfpd lawsuit highlighted significant issues with the platform dispute using zelle numerous times and reporting discrepancies my financial institution and Zelle failed to investigate my claims adequately
11664552,2025-01-17,"Money transfer, virtual currency, or money service",Other transaction problem,"Block, Inc.",TX,"I am filing a complaint against Cash app ( Block, Inc. ) due to inadequate customer service and unfair practices, which violate the Consumer Financial Protection Act ( CFPA ). Specifically, Cash App failed to take timely and effective measures to prevent and address fraud on their platform, leaving my account vulnerable and unprotected.

Furthermore, their dispute resolution proce was unfair and deceptive, as they did not comply with error resolution requirements under the Electronic Fund Transfer Act ( EFTA ) and Regulation E. These actions have caused significant inconvenience and financial loss, and I seek appropriate redress for these violations. 
I want the CFPB to publish"
11666587,2025-01-17,"Money transfer, virtual currency, or money service",Other transaction problem,"Block, Inc.",GA,"XXXX I am filing a complaint against Cash App ( Block , Inc. ) due to inadequate customer service and unfair practices, which violate the Consumer Financial Protection Act ( CFPA ). Specifically, Cash App failed to take timely and effective measures to prevent and address fraud on their platform, leaving my account vulnerable and unprotected.

Furthermore, their dispute resolution process was unfair and deceptive, as they did not comply with error resolution requirements under the Electronic Fund Transfer Act ( EFTA ) and Regulation E. These actions have caused significant inconvenience and financial loss, and I seek appropriate redress for these violations."
11677115,2025-01-16,"Money transfer, virtual currency, or money service",Other transaction problem,"Block, Inc.",GA,"i am filing a complaint against cash app ( block , inc ) due to inadequate customer service and unfair practices, which violates the customer financial protection act ( CFPA ) .Specifically, cash app failed to take timely and effective measures to prevent and address fraud on their platform, leaving my account vulnerable and unprotected."
11760236,2025-01-25,"Money transfer, virtual currency, or money service",Other transaction problem,"Block, Inc.",TN,"Im filling a complaint against Cash App ( Block , Inc. ) due to inadequate customer service and unfair practices, which violate the Consumer Financial Protection Act ( CFPA ). Specifically, Cash App failed to take timely and effective measures to prevent and address fraud on their platform, leaving my account vulnerable and unprotected.

Furthermore, their dispute resolution process was unfair and deceptive, as they did not comply with error resolution requirements under the Electronic Fund Transfer Act ( EFTA ) and Regulation E. These actions have caused significant inconvenience and financial loss, and I seek appropriate redress for these violations. 
+ XXXX"
11762222,2025-01-24,"Money transfer, virtual currency, or money service",Fraud or scam,"Paypal Holdings, Inc",IN,"On Monday morning my wife and I were chatting with a close well trusted friend on XXXX messenger about some items she had for sale. We wanted to see an item but she said she couldn't at the time but for a deposit she could hold it ( this is normal for selling things online but seemed odd for her ) with some suspicion we procced to send her the deposit from the account she said it would be coming from ( not hers personally ). Just moments after clicking send I got a bad feeling, so I text her XXXX XXXX and asked if her account was hacked. It was indeed. Someone was impersonating her, so we quickly called our bank to tell them about the scam and they put an XXXX stop payment on our account. It worked! But now the money transfer app is claiming we owe them money and is only available via email and will not process our claim for fraud."
11810399,2025-01-28,"Money transfer, virtual currency, or money service",Other transaction problem,"Block, Inc.",MD,"I am filing a complaint against Cash App ( Block , Inc. ) due to inadequate customer service and unfair practices, which violate the Consumer Financial Protection Act ( CFPA ). Specifically, Cash App failed to take timely and effective measures to prevent and address fraud on their platform, leaving my accounts vulnerable and unprotected and canceled. Furthermore, their dispute resolution process was/is unfair and deceptive, as they did not comply with error resolution requirements under the Electronic Fund Transfer Act ( EFTA ) and Regulation E. These actions have caused significant inconviences and financial loss, and I seek appropriate redress for these violations."
11867771,2025-02-01,"Money transfer, virtual currency, or money service",Fraud or scam,U.S. BANCORP,OR,"On XX/XX/year> I received a check ( scanned check included ) in the amount of {$1900.00}. The check was from an individual, XXXX XXXX XXXX XXXX ( photo ID included ), who posed as an agent from a modeling agency. The individual was in contact with my son, who was the model. The check was to be used to cover expenses during the photoshoot, i.e. photographer, makeup, wardrobe, etc. I deposited the check to my US Bank checking account and from there XXXX continued to pressure my son to XXXX funds to him. I didn't feel comfortable with sending funds, but the pressure worsened when XXXX text ( screenshots included ) my son a long explanation, assuming to get my son to trust him. After a day, I decided to XXXX XXXX {$200.00} at XXXX XXXX and {$1200.00} to XXXX XXXX on Saturday, XX/XX/year>, based on good faith as my son trusted XXXX. On XX/XX/year>, I was contacted by US Bank XXXX Department that my accounts would be closed due to suspicious activity. I was beyond stressed since XXXX has now drained all my funds to take care of my family. I reached out to US Bank to dispute the transactions, but I was declined support. Instead, my accounts were automatically closed for any reason or no reason at all ( US Bank letter included ). I made several calls to US Bank to appeal my case but I continued to be met with resistance. My account was now closed, I didn't have a means to financially support my family during that time, and I filed a police report ( case ID included ). The police informed me they would collect all the information I had but the ID XXXX used could've been stolen as well. It was a lost cause at that point. I couldn't do anything further and had to take the loss. My complaint is against US Bank for failing to provide support."
11913740,2025-02-03,"Money transfer, virtual currency, or money service",Fraud or scam,"Block, Inc.",WA,"I have approximately 12 or 13 cash app accounts personal business and my daughters account. Someone keeps taking over my accounts changing cash tags, verification methods, and or closing after the money has been removed. Identity is verified on all but one and that one has been opened before verification was needed. Then there is obviously inv of privacy XXXX XXXX is evident in the names of XXXX, XXXX XXXX, XXXX, XXXX"
12006046,2025-02-09,"Money transfer, virtual currency, or money service",Other transaction problem,TransferWise Ltd,MS,"I was attempting to use Wise Inc services to make a domestic transfer from one personal account to another. However, the cancelled my transfer and requested that I submit information regarding how I get paid. Now, this is not a banking company and under privacy laws, I feel I have no obligation to provide such information to them. However, as a courtesy only, I did provide the requested information to them. After submitting that information, they claim that it's still not enough to verify my transfer. Although, at account creation I legally verified who I am and they did not require this separate information from the start. The amount in question equals {$10000.00}. They are now withholding this money from me and keeping it captive in my account with them. I feel they have absolutely no right or reason to do so. They're claiming security measures but I think that is just a rise for them to commit Grand Theft against me and take my money. I attempted to file a police report, online, with the XXXX XXXX XXXX, since their address is based out of New York City, New York. However, upon submitting that report, the online form stated that it's not a valid address. Therefore, I believe fraud is afoot and that this company should no longer be allowed to conduct business with XXXX on or offline! I have gone through major frustrations trying to resolve this matter with them and to no avail will they relinquish their hold over my funds. Please, I need some serious help in recovering said funds from them. Any additional information that you need, I will be more than happy to provide. Thanks."
12090827,2025-02-15,"Money transfer, virtual currency, or money service",Other transaction problem,"Block, Inc.",MS,Transactions that were approved without my permission Money upload without permission Money sent without permission
12097503,2025-02-16,"Money transfer, virtual currency, or money service",Fraud or scam,"Block, Inc.",AZ,"Back in XX/XX/2021, I sent money ( {$3200.00} ) to a friend through Cash App. The funds were taken out of my account, but they never made it to my friends account and they never got returned to mine either. I reach out to my bank and they said there was nothing they can do. 

I reached out at the time, and I was told there was no wrongdoing on Cash Apps end. But the fact remains that the money left my account and just disappeared. That account has since been closed, so XXXX cant check with my bank, but Id really like to get some clarity on what happened. 

Can you look into this again and help me figure out where the money went? Id appreciate any help you can provide."
12108655,2025-02-17,"Money transfer, virtual currency, or money service",Other transaction problem,JPMORGAN CHASE & CO.,MA,"During 2024 JP Morgan Bank received wire transferred my pension from XXXX XXXX XXXX through XXXX  ( XXXX ) to my account. It was stopped from the forth quarter of 2024. State Department claimed earlier that pensions are not under sanctions. Could you fix or help to fix this problem. This problem is related to tens of thousands US citizens ( XXXX XXXXXXXX ). 

Regards, XXXX XXXX XXXX"
12193851,2025-02-24,"Money transfer, virtual currency, or money service",Unauthorized transactions or other transaction problem,"Block, Inc.",GA,"I bought a car on XX/XX/year> from a dealer here in XXXX XXXX, XXXX. I was scammed due to the fact that the dealership knew that the car had issues and I requested a refund after going back and forth with the company for XXXX weeks, I sent them messages in regard to the scam to XXXX XXXX and requested a full refund because the vehicle broke down after XXXX weeks no longer able to run, after the dealership failed to disclose of the issues, after speaking with them I told them I was scammed and the dealership told me I shouldn't have signed the paper work. I then asked XXXX XXXX for a refund that I still have not received even though I returned the car and I sent them messages from the scammer."
12215013,2025-02-25,"Money transfer, virtual currency, or money service",Other transaction problem,"Block, Inc.",NV,Money was stolen off XXXX  and Cash app Support failed to reimburse me for what I lost...
12330265,2025-03-05,"Money transfer, virtual currency, or money service",Fraud or scam,"Paypal Holdings, Inc",,Ranging from the XXXX XXXX to XXXX XX/XX/year> I have been lied to and manipulated under false promises that when I send money I will receive it back. Totalling to around {$3000.00} now and he still asks for more I have tried reporting this to PayPal but they wont do anything about it. This is a scam and obviously he has received this income and it is not declared to be taxed which is illegal. Please help me best as possible. Thankyou
12380203,2025-03-08,"Money transfer, virtual currency, or money service",Other transaction problem,"Block, Inc.",VA,"( XXXX, XXXX ) due to inadequate customer service and unfair practices, which violate the Consumer Financial Protection Act ( CFPA ). Specifically, Cash App failed to take timely and effective measures to prevent and address fraud on their platform, leaving my account vulnerable and unprotected. 
Furthermore, their dispute resolution process was unfair and deceptive, as they did not comply with error resolution requirements under the Electronic Fund Transfer Act ( EFTA ) and XXXX XXXX These actions have caused significant inconvenience and financial loss, and I seek appropriate redress for these violations."
12637691,2025-03-26,"Money transfer, virtual currency, or money service",Unauthorized transactions or other transaction problem,"Paypal Holdings, Inc",CA,"On Monday, XX/XX/XXXX at XXXX XXXX I made a payment to XXXX using PayPal . I selected their Pay in 4 option which I was pre-approved for and continued with my payment. Before confirming, I was shown the amount that would be debited every XXXX weeks from my account. I agreed to their terms and paid. 

Once the payment had been made, I did not receive the usual notification from my bank letting me know that a charge had been made to my account. 

On Tuesday afternoon I received another notification from my bank saying my account was overdrawn due to this payment but instead of charging me the {$160.00} as promised, they had charged my card the entire amount of {$670.00}. 

I immediately called PayPal and spoke to XXXX different supervisors explaining there was a glitch on their site and that this could potentially become a bigger issue if not addressed. Neither of these supervisors were willing to help and said we should contact the vendor. I told them I had XXXX separate documents stating the form of payment was PayPal Pay Later. In writing, but they were not interested and again said there was nothing they could do. 

Due to PayPal 's neglect and refusal to help resolve this issue, my personal bank account is now overdrawn and causing me to be delinquent with other payments. 

Key Points : I selected Pay in 4, not full payment. 
PayPal displayed a breakdown of installments NOT the full amount. 
I never agreed to {$660.00} upfront, nor was I notified of a denial. 
The receipt still shows PayPal Pay Later proof of intent and selection. 
I am on a fixed income and only budgeted for the XXXX  % ( Roughly {$160.00} ) installment. 

Any help would be most appreciated. Thank you."
12834251,2025-04-05,"Money transfer, virtual currency, or money service",Confusing or missing disclosures,"Early Warning Services, LLC",CA,I have an issue with Zelle payment services for not giving me the correct warnings when using there services and violated my privacy and when I reached out to Zelle they did not help me or even try to fix problem.
12858029,2025-04-07,"Money transfer, virtual currency, or money service",Other transaction problem,"WESTERN UNION COMPANY, THE",FL,"they keep advertise stuff click on the wrong one, I usually used the right one. 
I called them to cancel it they take days to do so and tell me they can not refund me my money."
12987157,2025-04-14,"Money transfer, virtual currency, or money service",Other transaction problem,PNC Bank N.A.,,"I am filing this complaint as the rightful recipient of an international wire transfer that has not been credited to my account. On XX/XX/XXXX XXXX XXXX XXXX XXXXXXXX XXXX visited the PNC Bank branch in XXXX XXXX, USA, and personally initiated an international wire transfer of {$25000.00} USD to my account at XXXX XXXX XXXX XXXXXXXX. 

During the transfer, XXXX XXXX called me on speakerphone in the presence of a bank employee. The employee directly requested and confirmed my full bank details ( XXXX, XXXX code, account name, etc. ) from me. After the transaction, the bank representative assured us that the funds would be delivered within XXXX to 5 business days. 

Unfortunately, the funds have never been credited to my account. 

Seven days after the transfer, XXXX XXXX passed away unexpectedly. Since then, I have contacted PNC Bank multiple times to inquire about the transaction. However, I have been told that since the sender is deceased, they can not provide any information to me, the designated recipient, and that only legal heirs of the sender can request such information. 

This position is unacceptable and legally questionable, as I am the beneficiary of the wire transfer, not a third party. The money was clearly and intentionally sent to me, and I have provided all transfer details including : Sending Bank : PNC Bank, XXXX XXXX, XXXX XXXX XXXX XXXX XXXX XXXX XXXX XXXX Date of Transfer : XX/XX/XXXX Reference Code XXXX XXXX XXXX XXXX XXXX XXXXXXXX Amount : {$25000.00} USD Recipient Name : XXXX XXXX Sender Name : XXXX XXXX I have every reason to believe that PNC Bank holds responsibility for the failed delivery or mishandling of this wire transfer. It is also crucial to note that security camera footage at the PNC Bank New Jersey branch ( around XXXXXXXX XXXX on XX/XX/XXXX ) can clearly verify XXXX XXXX presence and the execution of this transfer. 

As the recipient and rightful beneficiary of this payment, I respectfully request the CFPBs assistance in investigating this matter and ensuring that PNC Bank releases the appropriate information and completes the transfer or provides a legal justification for its failure. 

I believe this situation represents a violation of financial consumer rights and a denial of due process in handling legitimate international transactions."
13139057,2025-04-23,"Money transfer, virtual currency, or money service",Fraud or scam,"CITIBANK, N.A.",CA,"Tried purchasing a XXXX XXXX from one "" XXXX XXXX XXXX '' in Texas. Dealer license was active and clear, website was good, and email addresses were matching. I spoke and received emails from multiple people from the sales rep, financial team, to the warehouse manager who washed and cleaned the car. They sent over bill of sale and financial forms to fill out. I applied for in house financing and was approved. I submitted everything and then wired {$10000.00} into their business account.That happened on the XXXX of XX/XX/year>. The car was loaded onto a hauler the next day, they sent me pictures for verification. I followed up with them over the 2 days and they said that vehicle is still in route and will make it by Saturday. Saturday came and at about XXXX they called to let me know that the hauler was in a collision and they do not know the status of the vehicle. Being in logistics I knew where to look to find the collision report and low and behold, there was nothing anywhere. That point I knew it was a scam. I called them Monday, they said that they will be refunding me and then again I had another feeling. The XXXX I filed the report with my bank, Citi Bank, as well as a police report and another report with the XXXX. On the XXXX I called Citi Bank to see the status and the XXXX XXXX XXXX XXXX  acknowledged the receipt of these documents. Since then I have called multiple times being assured by the bank that they are "" still in communication and are sending follow up emails ''. It has been 90 days now and I just found out yesterday from a Citi Bank Supervisor that the last correspondence they had with XXXXXXXX XXXX  was th XXXX of XXXX. So the whole time they were telling me they sent email and were in contact, they were not. I still have yet to see anything at all in regards to a resolution. Wether I am getting my money back or not."
13194367,2025-04-26,"Money transfer, virtual currency, or money service",Fraud or scam,"Coinbase, Inc.",,"Dear Officer, I am XXXX XXXX XXXX, I am a citizen of the XXXX XXXX XXXX. I am contacting you to provide information about a serious fraud case using the name Coinbase and to request that the necessary procedures be initiated. 

In XX/XX/year>, I was scammed under the name of "" cryptocurrency investment '' by being referred to fake investment platforms. During the fraud activity in question, it was stated that my winnings would be sent to me through the Coinbase platform. This statement was used to increase my trust in scammers, and I was even contacted with a fake account called Coinbase CEO XXXX XXXX. Of course, I realized later that this person is not really your CEO. 

In this case, the name Coinbase was abused to provide trust and instill confidence in investors. This process, initiated by XXXX XXXX, was started by infiltrating a XXXX group called "" XXXX XXXX '' and turned into an international fraud chain. 

I lost about XXXX USD in total. 

My request from you : 1. Identify IP, account, connection or transaction information that you may have about this fraudulent activity using the name Coinbase, 2. If necessary, you cooperate with the relevant Turkish authorities, 3. It is for you to contact me to inform me if there is any action that can be taken regarding this event. 

Sincerely,"
13377377,2025-05-07,"Money transfer, virtual currency, or money service",Unauthorized transactions or other transaction problem,"Block, Inc.",FL,"On Sunday, XX/XX/XXXX, I made a purchase with XXXX XXXX for {$34.00} through this company and the transaction was completed. Later that same day ( XX/XX/year> ) I added a total of {$430.00} to what was a {$0.00} balance, bringing my total balance with this company to {$430.00}. I later made several payments of {$31.00}, {$6.00}, {$43.00}, {$3.00}, {$22.00}, {$5.00}, {$6.00}, {$36.00}, {$39.00}, {$19.00}, {$6.00}, and {$14.00}, leaving me balance at {$200.00}. Today, XX/XX/year>, Im checking my balance during a routine check and I notice that my balance now says {$170.00}, meaning {$30.00} has gone missing. However, the last purchased I had made was of {$14.00} at XXXX on XX/XX/year> and the card has been locked with no further purchases since. Upon speaking with a support specialist with this company, they notified me that the additional missing money was indeed the {$34.00} charge from XXXX XXXX. This did not make sense to me because, the transaction prices didnt meet and although the specialist said that the charge was pending and later taken, that didnt make sense either because XXXX had its own allotted funds to use during the pend and therefore had no reason to pull from my balance with this company. The support specialist then informed me that during the pend, the transaction was voided, which led me to believe that the {$34.00} would have been returned and then taken, leaving my overall balance unaffected. Upon doing my own research into this issue, I discovered that this company had charged me four different transactions of {$2.00}, {$2.00}, {$4.00}, and {$20.00}. The app does not state why these transactions were necessary but the specialist said these were charges from a company named XXXX. In this companys ( not XXXX ) attempt to charge me this amounts, they first tried to charge my bank account ( XXXX XXXX XXXX ) without my authorization and incurred four ACH fees of {$32.00} each. Because they couldnt pull from my bank account, they pulled the {$30.00} total from my balance with this company. They however denied that this was the case and denied me to receipts and proofs to back up their claims. Instead they advised I check the statements that wont be available to me until early XXXX. I did, however, file a dispute with this company for the extra {$34.00} they claim XXXX took and I will be attempting to file a case with my bank to have these charges reversed."
13578562,2025-05-18,"Money transfer, virtual currency, or money service",Fraud or scam,ROBINHOOD MARKETS INC.,CA,Robinhood restricted my account and provided no reasoning for it and will not allow me to withdraw my funds
13814859,2025-05-31,"Money transfer, virtual currency, or money service",Fraud or scam,"HILLTOP HOLDINGS, INC",MO,Our lender XXXX XXXX had us also working with another lender named XXXX when it came to the day for our closing on our house XXXX email was hacked and we were told to wire money to a fraud account we immediately requested a wire back from the bank and filed fraud and police reports in the town it was sent and in the town we were in and nothing can be done XXXX is with XXXX XXXX and is refusing to take responsibility for their email being hacked I have it stated in a text saying XXXX email was hacked and then he quickly took it back and blamed us saying our email was hacked looking into my email I can see exactly anytime some one has logged in and there is no record of anyone logging into my account we are out XXXX and I was XXXX XXXX go take account and reimburse me my money back I lost being their accounts where not secure
14070179,2025-06-13,"Money transfer, virtual currency, or money service",Unauthorized transactions or other transaction problem,JPMORGAN CHASE & CO.,TX,"On XX/XX/year> I was hacked for {$4400.00} out of my checking account. It was a online withdrawal to XXXX XXXX XXXX XXXX XXXX XXXX. I caught the hack on XX/XX/XXXX and called Chase Bank and was transferred to their fraud division. I changed my online passwords at their request. On XX/XX/XXXX and XXXX I was hacked again in the amounts in the neighborhood of {$4400.00}. I caught both of those in time and Chase denied those payments. At this time they told me that it was my wife 's online profile that was hacked. She is also on my account. On XX/XX/XXXX, another hack was done for {$4400.00} and was not caught until the next day and thus to late to deduct. My wife has changed her passwords and no further deductions. I have provided Chase with 2 copies of my credit report that shows I nor my wife have ever had a XXXX XXXX XXXX. I am seeking reimbursement from Chase who have denied my claims."
14358221,2025-06-29,"Money transfer, virtual currency, or money service","Managing, opening, or closing your mobile wallet account","Paypal Holdings, Inc",OH,"I am writing PayPal account ( XXXX ). I am attempting to close the account after suspecting fraud. I received a money transfer on XX/XX/XXXX  in the amount of {$97.00} from an XXXX XXXX XXXX. I do not know this person and never authorized the transfer to my account. I have never attempted to access the funds. The funds are presently in the account as a positive balance. I have attempted on several occasions to close the account. I get a message that it is not possible to close the account because there is a balance due? 
I want PayPal to refund XXXX XXXX, her money and close my account. 
I do not trust PayPal. This issue arose after I received another notification that my account had been improperly accessed and my user credentials changed to XXXX  XXXX with a phone number I do not recognize. 
I want this account closed and PayPal will not comply with my demand that it be closed."
8670807,2024-04-01,Mortgage,Trouble during payment process,"Shellpoint Partners, LLC",FL,"My name is XXXX XXXX XXXX and my mortgage was transferred from XXXX to Newrez. It looks like during the transition I missed a payment by mistake. I travel a lot so havent been seeing my mail, and no where in my online account at Newrez says that I missed a payment or even mentioned the late fees until XXXX of 2024, when i immediately called to make the missing payment and request the late fees to be waived. 

Ive never in my XXXX years of life have missed a mortgage payment, so Im requesting to please waive the late fees that you are charging to my account. 



My address is : XXXX XXXX XXXX XXXX, XXXX, FL, XXXX Appreciate the help!"
8671649,2024-04-01,Mortgage,Applying for a mortgage or refinancing an existing mortgage,JPMORGAN CHASE & CO.,MN,"Ive had my mortgage for 19 years. Purchase before I was married ( 18 years ago ) chase refuses to accept my legal name change from XXXX to XXXX. I can not make my payments and have been trying to get them to refinance my mortgage to lower the payment since theres over XXXX in equity. They also refuse to take my deceased husband off the mortgage documents ( they even sent me modification documents with his name on it ) they have his death certificate, my documents showing my name change. Chase also has done nothing about the fraudulent activity on my mortgage that I wasnt made aware of until XXXX of XXXX"
8779890,2024-04-16,Mortgage,Trouble during payment process,"CARRINGTON MORTGAGE SERVICES, LLC",TN,"My father took out a reverse mortgage in XXXX of XXXX. He passed away in XXXX, XXXX. Since my father passed away, my mother 's health has declined and I had to move her in with me at the end of XXXX so I could take care of her. Her health would not allow for her to remain in the home by herself. Once we moved all of their things out of the house, we put it up for sale. I requested a payoff from Carrington Mortgage at the end of XXXX and they would not send it. We had a contract on the house so I forwarded the information over to the title company for them to pursue a payoff, then the contract fell through and we had to relist the house. On XX/XX/XXXX, I received a demand letter from Carrington Mortgage calling the note due to the home being vacant. The letter states that the balance must be paid by XX/XX/XXXX. My parents never took a draw on the reverse mortgage the balance was only around $ XXXX. The demand letter states that the balance as of a certain date was roughly $ XXXX. I faxed over the letter of intent provided with the demand letter noting that the house was for sale and provided the listing agreement and MLS as requested on the letter. I then requested another payoff via email, to which they have come up with every excuse not to provide. I called them on XX/XX/XXXX and spoke to XXXX who was very rude and told me that he couldn't provide any information to me as I wasn't an authorized user on the account. I informed him that I had Power of Attorney over my mother. He told me I would have to submit the POA for review and it would take 10 days for them to review it. I told him that we didn't have 10 days as they have called the note due by XX/XX/XXXX and that I had already provided a signed authorization from my mother. He still refused to give me any information. I submitted the POA and I called back on XX/XX/XXXX and spoke with XXXX who was a little more helpful. He did acknowledge receipt of the faxed information and tried to explain why the balance was so high, but still wasn't able to provide me with a detailed payoff. 

I feel like Carrington Mortgage is trying to take advantage of the situation as there over $ XXXX in equity on the property and they stand to make a lot of money if they foreclose on the property."
8884830,2024-04-29,Mortgage,Applying for a mortgage or refinancing an existing mortgage,CrossCountry Mortgage LLC,WA,"I first contacted Cross Country Mortgage about what the process is to sell our home with a XXXX XXXX XXXX on Tuesday, XX/XX/year>. We listed our house for sale the week prior, XX/XX/year> and had several buyers who were interested in assuming our XXXX Loan by substituting their own XXXX XXXX. We have a XXXX XXXX XXXX XXXX XXXXe property currently, using my husband 's entitlement. Customer Service online gave me an email address, XXXX, and told me I needed to send them an email requesting a loan review. I sent them an email requesting just that on Tuesday, XX/XX/year> at XXXX XXXX. I never received anything back from them. On Friday, XX/XX/year> at XXXXXXXX XXXX I sent them a follow up email to that same email address, asking for an update and to see if they needed anything from me. I received XXXX response. 

At the same time, I had also been calling Cross Country Mortgage Customer Service, requesting what the XXXX Loan Assumption Process looked like. I was told that the Assumptions Department is not a customer facing department and that I could not speak to anyone directly in there. I was told I could not request the packet in advance from them to provide to potential buyers, I could only request the packet once we had a signed contract and that I needed the buyers ' names, address and email addresses because they would email the packet to them and to us. 

On Monday, XX/XX/year>, I contacted Cross Country Mortgage over the phone with this information. Initially, I couldn't find anybody who knew what I was talking about and after multiple phone calls and line transfers, I finally got to a woman who took the information from me. She said that she would submit it that day and that XXXX XXXX would email the packet to the buyers and to my husband and I, and that XXXX XXXX would be in touch with me to give me more details. By Thursday of that week ( XX/XX/year> ), nobody had received anything, so I called back at approximately XXXXXXXX XXXX and XXXX XXXX to see what the status was. Customer Service told me that it was still processing and that it could take up to XXXX business days to get sent out, so to check back the next week to see. 

This morning, Monday, XX/XX/year> at XXXXXXXX XXXX I called to check on the status and was on hold for over XXXX minutes. I was then told by Customer Service that there had been an error on their end and they would have to resubmit the assumption request. I asked if this restarted the XXXX business days and they said that it would. I asked why my assumption request just disappeared and they said that they had an internal error for ALL assumption requests last week- I asked why they did not contact me to let me know and they did not have a good answer for it. I ended up giving the buyers ' information for a second time and was told that the packets would be mailed to their home address. I clarified because every person before had told me it would be emailed to everyone- this agent said that they tried to do that, but sometimes the system sends it out by mail instead of email, even if they click that option. 

I am incredibly frustrated with Cross Country Mortgage throughout this entire process so far. We entered into this knowing that the VA Assumption process takes time, but it seems like at every turn, I am given conflicting information from different staff members and I am never able to talk to anyone who is actually in the XXXX XXXX Department. From my perspective, it seems like Cross Country Mortgage is willfully delaying the entire process in order to discourage us and our buyers from using this XXXX benefit to which we are entitled, either through intentional ignorance or staff not being properly trained or versed in this process. My spouse and I are both military, as are our buyers, and it seems shameful to try to purposefully delay something that is beneficial to the consumer. While this process delays, our buyers aren't able to complete the purchase of our home and we are unable to move and buy another home - everyone is put into a housing crisis/bind because Cross Country Mortgage chooses not to take this XXXX Loan Assumption process seriously and process it in a timely manner. 

I would also like to reference the XXXX XXXXXXXX XXXX ( https : XXXX ) that defines the timelines that lenders should be working within. We can't even get those timelines started if Cross Country Mortgage can not get the application packet to our buyers and ourselves."
9090935,2024-05-24,Mortgage,Trouble during payment process,Mr. Cooper Group Inc.,NC,"Nationstar d/b/a Mr. Cooper bought my mortgage XXXX Within the first month, citing a negative XXXXXXXX XXXX XXXX XXXXXXXX XXXX  ( - {$9.00} ), Based on a new escrow analysis performed by Nationstar ( the XXXX XXXX originated in XX/XX/XXXX ), I will have a negative balance of XXXXXXXX XXXX XXXX XXXX ( - {$9.00} ). As a result, Nationstar changed my mortgage payment to increase it by approximatley XXXX XXXX XXXX XXXX  ( {$200.00} ) per month citing the projected {$9.00} cent anticipated shortage. As of XX/XX/XXXX, it projects I will have a {$2400.00} dollar surplus in its "" required minimum balance '' which no one can explain why the number is {$2400.00} when a typical escrow is no greater than {$600.00} dollars per month. 

While i understand they don't want an end of year shortage, the escrow advance of {$2400.00} calculated by approximately {$200.00} a month seems predatory and completely arbitrary since no taxes or insurance has changed. The only thing that has changed is the company who bought my mortgage. The company represented that it would not be investing the {$2400.00} surplus and this would be refunded at the end of the year. However, I don't wish to give them a {$200.00} dollar a month extra payment as an interest free loan as a single income household when I need that money to pay other bills. 

Please help."
9162419,2024-06-03,Mortgage,Applying for a mortgage or refinancing an existing mortgage,"Fay Servicing, LLC",CA,I filed a XXXX XXXX XXXX XXXX which got rid of my XXXX mortgage and restructured the XXXX mortgage. In XXXX or XXXX this zombie XXXX mortgage popped up as Fay Servicing and said I owed them {$120000.00} and they were foreclosing on my house. I called my XXXX mortgage company they said it was a scam. I called the agency that did the bankruptcy filing and they said it was a scam. Then I received the foreclosure paperwork and I verified that the XXXX mortgage company can foreclose on my home so I paid the payment which should have covered the total amount {$67000.00}. Not knowing that they violated XXXX XXXX part of the Truth In Lending Act. I didnt receive any statements from Fay XXXX interest attached to the mortgage or anything until I received foreclosure notice. The loan has been transferred to XXXX XXXX XXXX XXXX. I believe I was duped out of my life savings by this zombie XXXX mortgage which was wiped out when I filed bankruptcy.
9180085,2024-06-05,Mortgage,Trouble during payment process,Mr. Cooper Group Inc.,MN,"I contacted Mr. Cooper in XXXX to request removal of PMI. The value of the property had significantly increased and improvements had been made. I believed the value significantly exceeded the PMI amount. Because the loan was less than XXXX XXXX XXXX they required an expensive reappraisal. I was encouraged to wait a few months call back because there were additional options for XXXX XXXX loans after XXXX. I then contacted Mr. Cooper by phone in XXXX of XXXX requesting that PMI be removed. I was told they needed a request in writing. I sent a letter requesting PMI removal -I believe late XXXX or early XXXX. I have not heard back after several months. I called today and they claimed they never received the written request, but they now could take request over phone - after denying this opportunity last XXXX. The person on the phone started asking the same basic questions and again I got nowhere. The person was patronizing and clearly had no desire to help resolve the situation other than going through an algorithm and then telling me to submit the request in writing. So incredibly frustrating. Mr. Cooper has no incentive to get the PMI removed as required by federal law."
9290924,2024-06-18,Mortgage,Trouble during payment process,Data Mortgage Inc.,CA,"I am writing for assistance with removal of XXXX  from my conventional mortgage held with Essex Mortgage. I have actively been trying to request the removal of XXXX based on the current value of my home since XX/XX/year>. Essex Mortgage is unwilling to provide me with clear direction or respond to my requests accurately and in a timely manner which has led me to believe they are purposely delaying this transaction. I have wasted countless hours trying to complete a simple and common transaction with no concrete results. For the second time now, I have decided to lodge a complaint against Essex Mortgage with the CFPB in hopes of resolving the issue. 

XX/XX/year> - I sent a completed form requesting removal of XXXX  to the email address as instructed on the form that was provided by Essex Mortgage ( XXXX ). A XXXX of initial email is attached, titled XXXX XXXX XXXX XXXX 

XX/XX/year> - XXXX followed up with a phone call to XXXX XXXX to ensure my request was received Spoke with XXXX at XXXXXXXX XXXX XXXXXXXX and she informed me that I had emailed the request to the wrong email address ( even though that is what was on the form they provided ) and she put me on hold to see if she could put the request in for me. She then directed me to email the request to XXXX, which I promptly did. 

XX/XX/year> - Called customer care at XXXX XXXX and talked to XXXX to follow up on my request for XXXX  removal and to ask if it had been received. She told me the request was received and that it was put into their system the previous week. She said the escrow department needed to review it to see what my options were and that someone would reach out to me by phone the following week, which never happened. 

XX/XX/year> - Received an email response from Essex XXXX XXXX confirming that my request was received and that someone would reach out to me regarding next steps. This is included in the attached XXXX, titled XXXX XXXX XXXX XXXX I was never contacted regarding next steps. 

XX/XX/year> - I had not been contacted by Essex regarding my request so I called XXXX XXXX to follow up again. I spoke with XXXX XXXX who told me there was an update on my account and that based on the current market value the appraisal or XXXX  needed to return at a value of {$830000.00} or higher and that if the value came back under we could make a curtailment payment to make up the difference. She said we had XXXX options : We could either order a XXXX with Essex which would cost {$190.00} and was non-refundable XXXX we could pay for our own appraisal and submit it to Essex. She said as long as the minimum value was met they should remove the XXXX. I made sure to clarify multiple times that the option of getting an appraisal on my own was viable and she assured me it was. 

XX/XX/year> - Emailed Essex XXXX care with a copy of the home appraisal completed on XX/XX/year> by a licensed property XXXX and stated that the value of the home came back at {$850000.00} and asking what the next steps would be to remove XXXX from our loan. The appraisal is attached. 

XX/XX/year> - Called Essex XXXX XXXX at XXXX and spoke to XXXX XXXX XXXX let her know we had the property appraised and that the value came back at $ XXXX and that I emailed a copy of the appraisal to Customer XXXX XXXX She mentioned I could also upload it to the portal, which I later discovered was not possible for me to do. XXXX said Essex would review and probably hire someone to independently review the appraisal and that within XXXX days we should have an answer and would receive notice in the mail. We never received anything related to this in the mail, nor any follow-up phone calls. 

XX/XX/year> - Received an email response from Essex XXXX XXXX thanking me for providing the property appraisal and that the document has been forwarded to the appropriate department for processing. It also stated they would be in communication regarding the inquiry. This is detailed in the attached XXXX XXXX XXXX XXXX XXXX XXXX 

XX/XX/year> - Received an email from Essex XXXX XXXX stating that due to XXXX XXXX regulations they can not accept the appraisal to remove XXXX  They offered me a reimbursement and told me I could either order a XXXX  or appraisal through Essex. 
XXXXXXXX XXXX XXXX XXXX XXXX XXXX XXXX XXXX XXXX XXXX XXXX  XX/XX/year> - Received a separate email response from Essex XXXX essentially the same information that provided in the entry above. This conversation is attached and the XXXX is titled XXXX XXXX XXXX XXXX XXXX XXXX XXXX XXXX 

XX/XX/year> - Called Essex XXXX XXXX at XXXXXXXX XXXX to discuss a potential path forward and I offered to have them use the reimbursement money to order a full appraisal correctly which I was told would cost {$450.00}. I also specified that I did not want a XXXX which costs {$190.00} and asked that the request be expedited since at this point it had been over XXXX  months since the process was started. I reiterated this agreement in an email response to Essex on XX/XX/XXXX included in the email chain XXXX XXXX XXXX XXXX XXXX XXXX XXXX XXXX 

XX/XX/year> - Received an email response from Essex saying that they have expedited the request and with the XXXX XXXX XXXXXXXX. The email also stated that we would receive further communication regarding the removal of our XXXX  in the mail in the coming days. We still, to date, have not received XXXX piece of communication via mail. 

XX/XX/year> - Emailed Essex XXXX XXXX to ask for a status update on the request. Received a separate email ( not on the original thread asking for the status update ) stating that the appraisal ordered through XXXX XXXX has been placed on hold because the XXXX was unable to reach me. The email states that XXXX phone numbers were provided to the XXXX ; however, when I finally contacted the 'appraiser ' directly, she informed me that she was only given the XXXX phone number ( the wrong phone number ) with a last name and nothing else. I immediately responded to Essex to inform them that I had not been contacted and that I would contact the XXXX directly. Attached is a copy of this email conversation titled XXXX XXXX XXXX XXXX XXXX XXXX XXXX XXXX XXXX  XXXX XX/XX/year> - Contacted the 'appraiser ' assigned to schedule the appraisal and notified Essex via XXXX that I had contacted the XXXX and that we had scheduled the inspection for XX/XX/XXXX. Email conversation detailing the difficulties of getting the hold removed even though all parties had been properly notified that contact had been made and an appointment had been scheduled is attached and is titled XXXX XXXX XXXX XXXX XXXX XXXX XXXX XXXX  - Received a separate email response from Essex XXXX XXXX XXXX that their special loans department had been trying to reach me even though I have no record of phone calls or emails or voice messages left at my contact number. I replied asking for an explanation of how they had been trying to reach me and provided a contact number, which is the same number I have always contacted Essex at and is the main contact number on record. 

XX/XX/year> - Called Essex XXXX XXXX at XXXX XXXX to try and get Essex to assist with getting the hold removed so the appraisal could take place. Called back by XXXX at XXXXXXXX XXXX  to be told that they could not help get the hold removed and that I should call the XXXX to see if she could call the company that hired her to get the hold removed. I called the XXXX and she said she would try to call the company that contracted her ( XXXX ) to see if they could help get the hold removed. 

XX/XX/year> - Received email confirmation from the XXXX that the hold had been removed and to confirm my appointment ; however, I noticed that the email was labeled as a property condition report and not an appraisal ( XXXX - XXXX XXXX XXXX XXXX XXXX and when I asked for clarification she said thats what she performs, not an appraisal. This concerned me since I had explicitly requested a full appraisal. 

XX/XX/year> - XXXX emailed Essex XXXX XXXX to ask when we can see the full appraisal, detailed in XXXX - XXXX XXXX XXXX XXXX XXXX XXXX 

XX/XX/year> - Received an email from Essex XXXX XXXX saying that they "" ordered a XXXX to appraise the property on XX/XX/year> '' and that "" on XX/XX/year>, that the XXXX had booked an appointment for an appraisal and that the appraisal is no longer needed '' detailed in XXXX XXXX XXXX XXXX XXXX XXXX XXXX XXXX. Once I read this confusing email, I called Essex XXXX XXXX and spoke to XXXX at XXXX. I asked for an update on the situation and clarification regarding whether or not a full appraisal had been ordered or if a XXXX was ordered. The arrangement we had agreed to was a full appraisal that would be paid for by Essex in place of the private appraisal I had paid {$450.00} for. XXXX was asking me questions that she should have been able to provide answers to and said she would forward my request to someone and that I should hear back within XXXX days. 

XX/XX/year> - I have still not heard from Essex and at this point it appears they are purposefully delaying the completion of this appraisal."
9318241,2024-06-21,Mortgage,Struggling to pay mortgage,WELLS FARGO & COMPANY,NY,"I was approved an FHA Mortgage from Wells Fargo Bank, XX/XX/XXXX. I faithfully paid my mortgage with only a few "" late '' payments to note. In XXXX, my ex-husband and I were going through a divorce. In XXXX XXXX XXXX, I left the home, with my children, for my own protection. I stayed with my mother until I was able to save up funds for a first month 's rent and security deposit for an apartment. My ex-husband refused to leave our "" marital '' home and refused to make any payments on the mortgage because the home was in my name. I struggled to pay XX/XX/XXXX, XX/XX/XXXX, XX/XX/XXXX and XX/XX/XXXX. By XX/XX/XXXX, I could no longer keep up with the payments to the home and still make payments to my rent for my new apartment ( acquired in XX/XX/XXXX ). I was only separated at this time and the divorce did not begin until XXXX XXXX XXXX 

During this entire time, from the time of my separation until the time of my first missed payment in XXXXXXXX XXXX XXXX, I was in constant contact with Wells Fargo letting them know what was going on and my struggle. After realizing I would not be able to continue the burden, I attempted to sell the home and actually had an offer for {$88000.00}, which was approximately {$9000.00} short of what I owed on the mortgage to Wells Fargo at the time. My realtor submitted the offer as a "" short sale. '' Wells Fargo refused any offer that was lower than what I owed on my loan. I attempted to do another short sale for a lesser amount, because I could not get a higher offer on the home at the time. Additionally, as more and more payments became delinquent, I became concerned of the looming Foreclosure. My realtor attempted to help me do a Deed in lieu of Foreclosure with Wells Fargo. They refused every attempt and allowed me to continue to head down the path towards Foreclosure. By XXXX  0f XXXX, the Divorce Judge ordered that I could not sell my home, only to come back later and tell us both in court to sell the home and "" split the proceeds. '' What proceeds???? Anyways, Wells Fargo began foreclosure proceedings XXXX XXXX XXXX and never worked with me and allowed me to take any of the paths that keep homeowners out of foreclosures, including the short-sale offer and deed in lieu of foreclosure. My realtor was stunned. Everyone I told was stunned. Wells Fargo has to have dozens of recorded calls from me pleading my case. 
I could NOT afford to have a foreclosure on my record. That would be devastating, on top of the devastation I was already experiencing with the divorce and my XXXX XXXX  XXXX  to care for. 

The foreclosure damaged my credit severely and to this day I have not been able to purchase another home, or get decent loans or anything. I am still renting. My credit report still reads "" foreclose. '' Fast forward to XXXX, Wells Fargo settled a lawsuit in relation to many poor practices, to include paying damages to mortgage holders that were unable to modify their mortgages to avoid foreclosure for those who had a mortgage with Wells Fargo between XXXX and XXXX. I am definitely one of those individuals. In XXXX Wells Fargo did this to me, which is still impacting me to this date. Please help me with my complaint against this company. Thank you!"
9376109,2024-06-28,Mortgage,Trouble during payment process,"LoanCare, LLC",TN,"On XX/XX/year> LoanCare LLC received two checks, a written notice, and a payment coupon, specifying that XXXX check was the monthly payment due on XX/XX/year> and the other check was a "" prepayment '' or extra payment towards the principal balance in accordance with the signed loan agreement. On XX/XX/year> LoanCare LLC processed the payments incorrectly, debiting the monthly payment check from our account but not applying it to our loan account at all. The second check, for the prepayment, was incorrectly applied to the XX/XX/XXXX, XX/XX/XXXX, and XX/XX/year> payments. Written notice of the misapplied payment and missing payment are being sent directly to LoanCare LLC in addition to this complaint. 

This comes after LoanCare LLC mishandled a prepayment in XX/XX/year>, which was subsequently corrected after written notice was provided. 

This also comes after LoanCare LLC failed to provide escrow documents in accordance with the signed loan agreement and federal regulatory requirements. LoanCare LLC provided a monthly statement which did not reflect a line item for escrow, however, their website reflected a higher amount due than was on the statement. The higher amount on the website included escrow and when I called to inquire about the discrepancy I was told we only needed to pay the statement amount. When we paid the higher amount, to be safe, the additional amount was applied to escrow instead of as a prepayment towards the principal balance. Written notice of this issue was received by LoanCare LLC and instead of applying the escrow balance to the principal as requested, LoanCare LLC removed escrow ( this was requested ) from our account and sent a refund check for the escrow balance.

There is a pattern of disregard by LoanCare LLC to the signed loan agreement which would result in significant financial gain for their company and costing us thousands in additional interest. Is this because it is a VA loan, or because this is how LoanCare LLC conducts business as general practice?"
9542984,2024-07-17,Mortgage,Trouble during payment process,Freedom Mortgage Company,TX,"We have had two act of god disasters in XXXX, one in XXXX with tornadoes and storms that took out power and caused damage to homes. Second one just happened with Hurricane Beryl where we lost power and cell phone outages for at least 10 days. One of our mortgage payments was late just by a few days over the 30 days and Freedom Mortgage reported this to credit rating companies. During this time we weere also delayed coming back to XXXX from XXXX as our flights were diverted to XXXX where we spent 2 days. All of this caused delays and we were unable to get on teh internet to make any of our payments. All of our seervice providers understood this situation and gave us more time to make payments, except Freedom Mortgage. I woukld liek Freedom Mortagage to have empithy on folks who have just gone through a disaster with loses and remove this reporting from credit bureaus. 

You will see from attached documents that as soon as power and internet was restored i made sure teh account was briought up to date with 2 payments immediately."
9691414,2024-08-02,Mortgage,Trouble during payment process,Mr. Cooper Group Inc.,CO,"Nationstar dba Mr. Cooper has an obligation to refund monies for overpayment at the time of the loan payoff. My first contact was an inquiry on XX/XX/year> which stated that overage would to be returned in 20 days. On XX/XX/year> we paid off our loan and on XX/XX/year> Mr. Cooper issued a check only to put a stop payment on it which my bank then withdrew the funds from my account. Since then, I have had several interactions with Mr. Cooper. On XX/XX/year> I was told I would received the funds in 5-7 business days which, would have been XXXX. On XX/XX/year> I still had not received the funds and I was instructed to supply a voided check so the funds could be electronically deposited within 3-5 business days. I provided it but was told it was rejected since the check did not include both names, myself and my husband. We do not have a joint account, nor did we when the monies were loaned to us. I replied with my resolution recommendations along with inquiries as to what comes next, but all requests go unanswered. I have now been attempting to get the funds that are rightfully mine for over 3 months."
9711919,2024-08-05,Mortgage,Trouble during payment process,"LAKEVIEW LOAN SERVICING, LLC",WV,"My house had a XXXX address change recently. Then in XX/XX/XXXX my mortgage went up from $ XXXX to $ XXXX due to an apparent shortage in escrow. I started to look into the issue and found that it was an escrow shortage on my account. So I called the company on XX/XX/XXXX four times, and in the four separate conversations found out the following : The reason for the increase is that they charged {$4500.00} in county taxes to my account for a property that I do not own. ( {$2200.00} on XX/XX/XXXX AND {$2200.00} on XX/XX/XXXX ) This put my escrow account balance far under the amount I actually owed as I actually owed {$560.00} ( XXXX county taxes ) and {$500.00} ( XXXX county taxes ). The company said that the balance shortage was correct however and asked me to pay it without looking into it themselves. As it was not the correct county taxes - I did not pay at this time. I then contacted my actual county to get my real county tax receipts as well as my XXXX address change ( paperwork ). To submit an escrow review, as requested by the loan company. I also found, on my own that the company had the entire wrong parcel number. So I also grabbed my actual Parcel number from the county and gave it to the bank so that the bank would have it to fix the problem.

I submitted a request online ( as requested by the bank ) and waited the time they told me it would take to fix this problem. After, the problem persisted and I called back on XX/XX/XXXX to check on the status of the problem. During that call, the company said there was nothing they could do to help and all I could do was pay the new mortgage amount while we waited for things to get settled. I found out on this same call that the county that they paid taxes to, wasn't even my county. The property they paid taxes on was a different address in a different county. I live in a county two over. 

I continued to wait and received a NEW escrow analysis XX/XX/XXXX ( they did not alert me of this at the time ) this was still on the wrong property and parcel number. I did call them on XX/XX/XXXX after receiving mail that my loan would default if I didn't pay the ( still wrong ) amount in full. So I called back, paid XXXXXXXX XXXX  payment and was told I could file for a loan assistance program through the same bank and it would stall the proceedings with my account, this was untrue and did not stall the proceedings. 

I received more mail that my loan was in default still, so I called the bank back later in the month to check in on the proceedings XX/XX/XXXX. They said the only way to pause or stop this from happening was to pay the entire {$2800.00} that was due and the {$1400.00} that would be due XX/XX/XXXX. On this call, I explained the problem again and was told to resubmit my county taxes, again and the escrow department would solve it in the next 4-5 days. They told me in order to get the escrow account back to correct that I had to contact the county 's tax department and request a refund from the county for a property I didn't own, in a county I did not live in.

After that call I called the other county ( the one they sent the taxes to, and had told ME to contact. ) The county said that, not only were that property 's taxes handled by a different company and already paid, that they only received 1 of the 2 checks from the loan company. AND even if they had both checks, that the company should be the ones hunting down the checks, not me as they wouldn't be able to do anything. 

The county representative said they'd look into it and get back to me, as of today ( XX/XX/XXXX ), they have not. 

I contacted the bank again ( XX/XX/XXXX ). I walked another representative through the problem. She said that the bank had reached out XX/XX/XXXX to the county I lived in to verify the parcel number of the property but the county said it was being determined and has not returned their call. But the bank had NOT reached out to the county that they had sent the two checks totaling {$4500.00} too which is the source of the banks clerical error. I then asked the representative about a provisional credit for my escrow account to help out while we waited to get this sorted out, which they denied. I asked for my loan to be paused while they sorted out their error, which they denied, I asked for any other option to alleviate the stress of a mortgage I can not afford month after month while they take their sweet time fixing, to which they said to go through them for mortgage assistance.

I called the county and left a message for a call back then began this complaint. 

I have paid {$5600.00} in mortgage payments since XX/XX/XXXX. I should have paid {$2400.00}. These payments have, no joke, ruined my financial stability due to a clerical issue on the banks end they refuse to fix or alleviate to this point. 

At this point I am being told by the bank to go bug someone else while the bank sits and does nothing. If I made a single wrong payment it would effect me for years - the bank however, refuses to help, refuses to cooperate in a meaningful way, refuses to alleviate the stress this has caused on my family and has taken up entire days with hunting down information they should be handling. It has now been 41 days dealing with these issues."
10560169,2024-10-24,Mortgage,Trouble during payment process,PNC Bank N.A.,VA,In XX/XX/XXXX XXXX updated my authorized Scheduled Recurring Payment Method for my Mortagage through PNC Bank and there is no way to unauthorize old payment payments from previous loan providers through their online portal. They said I signed a form but that never happened as my loan was sold to PNC from my previous Mortgage provider years ago. They are now charging me a {$30.00} non-sufficient funds fee because they did the XXXX separate payments for the normal Mortgage payment amount from XXXX separate checking accounts ( old account and new account ) without me knowing what would happen after updating my account online in XX/XX/XXXX. This is despite paying on time and in full for my required obligations. I didn't receive a letter notifying me of the issue until XX/XX/XXXX and called them as soon as I received this notice as I didn't receive any electronic or phone notice for the {$30.00} non-sufficient funds fee. On XX/XX/XXXX They told me I had to call them to update it which I had no idea about and that was not disclosed anywhere on their website when I updated my mortgage payment account. I have paid on time and in full the entire time since PNC assumed my mortgage from another provider and it seems unfair to me as a financially savvy person to have to pay this {$30.00} fee despite my efforts to do everything correctly!
10754953,2024-11-11,Mortgage,Incorrect information on your report,"SELECT PORTFOLIO SERVICING, INC.",VA,SPS mortgage and I entered into a repayment plan. I have made on time payments for XXXX  months but they continue to report the payments as late. They say they will after the fact correct after the debt is paid in full. The dont not report the [ payments as being current the issue is with SPS not the credit agency
10794990,2024-11-14,Mortgage,Trouble during payment process,TRUIST FINANCIAL CORPORATION,TN,"Truist Bank bought my mortgage from XXXX XXXX. I received a letter from XXXX dated XX/XX/year> informing me of the sale of my mortgage and letting me know that my payments would now go to Truist beginning XX/XX/XXXX. I received an email from Truist on XX/XX/XXXX stating that my mortgage was now being serviced by Truist and they were setting my loan up. I would not be able to pay my mortgage via phone or their online banking but could contact them XX/XX/XXXX. They stated that i would receive further instructions on XX/XX/XXXX and be able to make payments. They also stated that i would receive a Notice of Servicing Transfer in the mail. XX/XX/XXXX came and I received an email welcoming me to Truist and stating that i should have received Notice XXXX XXXX XXXX in the mail. As of XX/XX/XXXX, I have not received this Notice. The email on the XXXX gave instructions on how to sign up for online banking so that I could start paying my mortgage. I have attempted to set up online banking 8 times since Friday the XXXX with an error message each time. On XX/XX/XXXX, I contacted the customer service phone number to get assistance in setting up online banking. After first conversation at XXXX XXXX  CST, I was told to attempt again online in an hour or so. I attempted again at XXXX XXXX  CST with same error message. I called customer support and after a 20 minute call was told that I had to go to a branch to get my online banking set up. I explained to customer support that they are the one that bought my mortgage and that I have never had to go a branch to set up online banking for my mortgage and that this was their responsibility as the purchasing servicer. It was left that I had to go to a branch to show my identification. I was then called back and told the only way to proceed was esign documents and send a copy of my drivers license. This has never happened with any of my previous mortgage servicers and is totally unacceptable. I didn't ask for my mortgage to be sold and I shouldn't have to jump through extra hoops to pay my mortgage.."
10926917,2024-11-26,Mortgage,Trouble during payment process,"SELECT PORTFOLIO SERVICING, INC.",NY,I have been making extra principal payments to the account first they would apply them to the interest I had to call to stop that. then I send checks that said principal and they would be applied to escrow. Also when I send the checks they don't get cashed until after the statement is sent this way it gets applied to the next month statement. I also started doing them through bill pay and they started going to interest as well. I started dividing my monthly payment into two equal parts for the second one to be made the first of the month equaling the total amount of my payment. they hold on to the payment even if I make it earlier and still charge me the same amount of interest they said they will not apply the amount to my account unless I pay the full amount at once. Or I can pay extra every single time. I spoke to three different people on XX/XX/year> the last one XXXX said I am not allowed to pay my payment in two equal parts. I can only make payments as a whole on the first of the month and interest will always be the same not when I make my payments.
10940999,2024-11-26,Mortgage,Incorrect information on your report,"Shellpoint Partners, LLC",TN,"At the beginning of XX/XX/XXXX, I entered into a forbearance agreement with my mortgage servicer, Shellpoint which was approved for 6 months. I was told that during the forbearance period, mortgage payments not made would not be reported to the credit bureaus. Although this was discussed and agreed upon, Shellpoint reported not receiving a payment for XXXX and XX/XX/XXXX. In XX/XX/XXXX, the forbearance ended and my payments were deferred to the end of my loan. I have spoke to Shellpoint and have submitted two different disputes asking them to remove the late payments from my credit report. Everytime I call, I am told the dispute is being worked on and my credit is going to be corrected. I called today to check the status and they told me that late payments are reported to the credit agencies and there is nothing they can do."
10987493,2024-12-01,Mortgage,Trouble during payment process,"SELECT PORTFOLIO SERVICING, INC.",LA,"XX/XX/XXXX NOTICE TO PRINCIPAL IS NOTICE TO AGENT AND NOTICE TO AGENT IS NOTICE TO PRINCIPAL To Whom It XXXX Concern : Select Portfolio Servicing Inc. ( SPS ), as servicer for XXXX XXXX XXXX XXXX, XXXX, not in its individual capacity, but solely as the XXXX XXXX  of XXXX XXXX XXXX ( XXXX ) XXXX SPS the servicer for our mortgage lender XXXX claim we have an escrow shortage of {$9400.00}, we believe this claim ( {$9400.00} ) is illegal. Also, SPS in my ( XXXX XXXX ), XXXX Bankruptcy case # XXXX, in the XXXX XXXX of Louisiana, XXXX XXXX, filed we had a past due amount of {$4900.00}. We XXXX XXXX and XXXX XXXX XXXX and XXXX SPS employees say this is our Escrow Installment ( {$4900.00} ). And that we paid the XXXX XXXX each month along with our regular monthly mortgage payment throughout the year of my XXXX. 

XXXX Bankruptcy XXXX XXXX XXXX of Louisiana, case # XXXX Doc. XXXX filed on XX/XX/XXXX. XXXX XXXX XXXX, debtor desires to amend the statement of XXXX Affairs to update paragraph XXXX to include income information. Part XXXX : Sign below. 

I have read the answers on this statement of XXXX Affairs and any attachments, and I declare under penalty of perjury that the answers are true and correct. I understand that making a false statement, concealing property, or obtaining money or property by fraud in connection with a Bankruptcy case can result in fines up to {$250000.00} or imprisonment for up to 20 years, or both. 18 U.S.C. 152,1341,1519, and 3571. 

Are there fines for Mortgage Servicers and Mortgage lenders for filing false claim of past due amount on borrowers ( the XXXX )? If so, we believe we should be compensated, for false claim of amount due ( {$4900.00} ). XXXX Mortgage XXXX and Mortgage XXXX be held to the same XXXX? See attachment # XXXX, XXXX pages, case # XXXX, XXXX XXXX statement. 



On XX/XX/XXXX, we, XXXX XXXX and XXXX XXXX XXXX wrote letter responding to SPS letter dated XX/XX/XXXX, See attachment # XXXX, XXXX, letter from XXXX XXXX and XXXX XXXX XXXX XXXX Whom will be identified as XXXX XXXX XXXX throughout the rest of the letter. 

On XX/XX/XXXX, we received letter from SPS dated XX/XX/XXXX. Letter : Important information about your account. See attachment # XXXX, XXXX page, SPS letter dated XX/XX/XXXX. 

On XX/XX/XXXX, we wrote letter to SPS, responding to SPS letter dated XXXX XXXX, see attachment # XXXX, letter XXXX pages attach with it an additional XXXX pages equaling XXXX pages total. 

See attachment # XXXX, XXXX page email from XXXX XXXX to XXXX XXXXXXXX XXXX XXXX, XXXX letter dated Monday XXXX XXXX. This support attachment # XXXX, relook at # XXXX attachment. 

See attachment # XXXX, XXXX pages, receipts that all XXXX parties received letter from us dated XX/XX/XXXX. 

See attachment # XXXX, XXXX page, receipt that SPS received letter from XXXX dated XX/XX/XXXX. 


Since our letter written to SPS XX/XX/XXXX, SPS, have written XXXX letters to us. All XXXX letters were from the same address, SPS XXXX XXXX XXXX XXXX XXXX XXXX, Utah XXXX. See copies of all XXXX letters, attachment # XXXX through XXXX. See attachment SPS, envelopes, XXXX copies of all ( XXXX envelopes ), attachment # XXXX, XXXX Pages. 


Best regards, XXXX XXXX XX/XX/XXXX XXXX XXXX XXXX XX/XX/XXXX Letter : XXXX pages Attachment : XXXX Total pages : XXXX"
11146801,2024-12-13,Mortgage,Trouble during payment process,"LoanCare, LLC",TX,"Nations Lending currently has my XXXX mortgage payments calculated at a higher rate than what is legally due. Once my XX/XX/XXXX payment post the escrow balance on my account will reach {$7900.00}. The only escrow payment of taxes left is for my MUD taxes in the amount of {$3800.00}. At this time the correct amount for my monthly escrow is {$1200.00} not {$1400.00}. Annual taxes on my property is {$10000.00}. XXXX XXXX annual is {$2300.00}. Considering the fact that the law has strict guidelines on XXXX cushion amount of one sixth of the annual escrow disbursements, I am owed a refund of {$1600.00}. Further my mortgage payment is not accurate at {$3900.00}. My payment due for XXXX and forth should be {$3700.00}. 

Nations Lending has collected an overage of {$1600.00} in escrow payments for the year XXXX and is overcharging my mortgage by {$230.00} for year XXXX. An escrow analysis should have already been done this month. I am requesting my refund immediately. I am requesting monthly mortgage payment accuracy immediately."
11237515,2024-12-20,Mortgage,Trouble during payment process,Village Capital & Investment LLC,FL,"This what I emailed mortgage company. 

I have reached out to village capital numerous times and I have not yet since XX/XX/XXXX got a response or correction on my mortgage. I have made my payments every month and Never been late! I always pay at the end of each month so it would apply to the next month payment by XXXX and somehow you have me as missing payments and accessing late fees to my loan. This all came about after my buy down fell off in XXXX. My payments were {$1600.00} at the start of my loan in XX/XX/XXXX with buydown. Then, you said I was short in my XXXX escrow analysis by {$380.00} so you said you had to add {$31.00} to my payments starting XX/XX/XXXX until XX/XX/XXXX. But you added {$96.00} the difference amount and that brought my payment up to {$1700.00}. Now, when the buydown fell off, my payment went to {$1800.00} because {$140.00} was added back because buydown drop off. OK the problem came when in XXXX you added {$140.00} back again on to my now {$1800.00} payment making look like a {$140.00} was credit again so it showed {$2000.00} in payments from XXXX XXXX. I brought that to your attention and now it's showing misapplication reversal on my payments all the back from XXXX and it's saying I'm late now from XX/XX/XXXX when I'm not late at all. You added a {$55.00} late charge assessment and would you please go back manually look at the payments you will see I payed at the end of every month so it would be applied to first of following month. Please, correct your mistakes and remove {$55.00} late charge. If this has been reported recently to credit bureau please update that also that I'm up to date. I also have bank statements that shows I made all my payments on time, every month, and before due date. It has been almost 30 days since I first reached out about this problem and I hope this is corrected in a timely manner. 
Show quoted text"
11285304,2024-12-26,Mortgage,Struggling to pay mortgage,"Shellpoint Partners, LLC",PA,"Insurmountable attorneys fees were applied to my mortgage in addition to fraudulent other fees, with refusal to specify these fees individually. Monthly mortgage payments for at least 3 months collected twice but deducted from my mortgage once."
11390914,2025-01-05,Mortgage,Struggling to pay mortgage,"SELECT PORTFOLIO SERVICING, INC.",FL,"I am writing to formally request that your office initiate a thorough investigation into the practices of Select Portfolio Servicing, Inc. ( SPS ), operating as XXXX XXXX XXXX XXXX, XXXX XXXX for XXXX XXXX XXXX XXXX XXXX, and their legal representatives, XXXXXXXX XXXX XXXX XXXX XXXX We allege that they are engaging in fraudulent foreclosure practices designed to unlawfully acquire the property located at XXXX XXXX XXXX XXXX, XXXX, NY which is currently the subject of a partition lawsuit filed in XXXX. 

Despite the property being the subject of an ongoing partition lawsuit awaiting the appointment of a refereea process that offers SPS sufficient protection for the approximate {$6000.00} principal balance owedSPS, through their attorneys, appears to be circumventing proper legal processes. This raises serious concerns of potential foreclosure fraud, abuse of process, and other deceptive practices. The property has an estimated market value in the region of {>= $1,000,000}. 

Our concerns are rooted in the Summons and Notice filing, particularly on Page XXXX of XXXX, which states : NOTICE OF NATURE OF ACCOUNT AND RELIEF SOUGHT : THE OBJECT of the above-captioned action is to foreclose a Mortgage to secure {$140000.00} and interest, recorded in the XXXX XXXX XXXX XXXX XXXX XXXX XXXX XXXX XX/XX/XXXX, in XXXX XXXX covering premises known as XXXX XXXX XXXX XXXX, XXXX, NY XXXX XXXX The relief sought in the within action is a final judgment directing the sale of the premises described above to satisfy the debt secured by the Mortgage described above. 
This filing is deeply concerning for several reasons : 1. Disproportionate Financial Claims : The foreclosure action seeks to recover {$140000.00}, which is over 2,168 % greater than the actual remaining principal balance of {$6000.00}. This gross discrepancy suggests a lack of due diligence and raises questions about the accuracy and integrity of the claims presented to the court.

2. Cost Inefficiency and Redundancy : It is highly unusual and economically irrational for a financial institution to pursue foreclosure over such a minor balance, particularly when foreclosure costs are likely to exceed the amount owed. Additionally, as a lienholder in the partition lawsuit, SPSs interests are already adequately protected, rendering the foreclosure action redundant and seemingly punitive.

3. Failure to Serve Notice : Not all co-owners of the property have been properly served with the requisite Pre-Foreclosure Notice ( PFN ) or the Summons and Complaint. In some cases, no service has occurred. If XXXX XXXX XXXX XXXX asserts otherwise, such claims would constitute fraud and deceptive conduct. 
4. Lack of ResolutioXXXX Options : Attempts to resolve the matter by inquiring about paying off the {$6000.00} balance have been met with silence or inadequate responses, further demonstrating a lack of good faith on the part of SPS and its representatives. 
XXXX. Circumvention of Legal Process : SPS and XXXX XXXX XXXX XXXX appear to be improperly subsuming the partition lawsuit by moving forward with foreclosure proceedings. This action undermines the courts authority and disrupts the partition process currently awaiting the appointment of a referee. 

Given these factors, we believe the actions of SPS and its legal representatives not only lack justification but also pose a significant threat to the integrity of the judicial process and consumer protections. 

We respectfully urge your office to : -Investigate the practices of SPS and XXXX XXXX XXXX XXXX XXXX this matter. 
-Demand that SPS cease and desist any foreclosure actions while the partition lawsuit remains active.

-Ensure that SPS provides a clear and lawful rationale for their actions."
11478577,2025-01-11,Mortgage,Struggling to pay mortgage,Mr. Cooper Group Inc.,TN,"My current mortgage is with Mr. Cooper. I missed a payment in XXXX, and at the middle to end of XXXX requested a payment arrangement. The rep assigned to my account insisted on me going delinquent and she will work something out. When it was denied the beginning of XXXX she instructed me to go 60 days delinquent and THEN she could do a loan modification and then told me to call and ask for her and remind her of her plan and she would get me taken care of ( I have a witness ). In the midst of that I had personal things going on ( losing my dad ) and I told her about it and that I have XXXX kids and cant lost my house and she said dont worry shes got me.. after I was instructed that during underwriting to also NOT make payments, even though I said I could and wanted to. She still insisted on me not doing anything and shed handle it. Any rep since has said she was wrong, she shouldnt have done that and all that. I am now facing foreclosure, and absolutely can NOT find another lender that will lend to me BECAUSE were 6 months behind., my husband makes XXXX XXXXXXXX we have and had no problem making them payments but again was instructed otherwise. Mr cooper is full of crooks, and something needs to happen. Im not the only client theyve screwed over!! I would never recommend Mr Cooper to a soul, not even my worst XXXX."
11710322,2025-01-22,Mortgage,Trouble during payment process,Freedom Mortgage Company,TX,"Per letter dated XX/XX/XXXX, Freedom Mortgage , Insurance Department, notified me of a "" second and final notice-to provide flood insurance '' If not, Freedom Mortgage will purchase and provie one for an annual payment of {$2600.00}. Aprroximately a month prior, Freedom Mortgage sent the original notice. At that time, I phoned the Freedom Mortgage Insurance Department, to inform them flood insurance is not required, per FEMA. At that time, I recieved zero customer service, from their representive.

On the day I recieved the "" second '' notice letter, via USPS ( XX/XX/XXXX ), at approximately XXXX XXXX., I phoned Freedom Mortgage and spoke to a representative named, XXXX. This is the only information she would provide. She refused any other form of identification i requested, such as last name, employee number or phone extension. I notified her that we originally purchased our home in XXXX of XXXX, mortgaged by Supreme Lending, and that Freedom Mortgage recently purchased our note on the secondary market. In XXXX, we did not purshase flood insurance, due to the fact of it not being required by FEMA, per document, XXXX, issue date : XX/XX/XXXX, Effective Date : XX/XX/XXXX, XXXX XXXX. : XXXX ( XXXX identified as XXXX, with a date of XX/XX/XXXX ) XXXX refused to communicate or provide any supervisor/managers information. Just pointing to FEMA, and supplied me with the same information that is on the letter. So, again supplied the requested documents to Freedom Mortgage ( FEMA Docs/Map ). Again, I recieved zero customer service or feedback from the Insurance Department of Freedom Mortgage. 
Freedom Mortgage sent us another letter dated XX/XX/XXXX. Again, regarding flood insurance. I phoned and spoke with another representative that same day ( XX/XX/XXXX ), and once again supplied required FEMA 102-D-A Effective XX/XX/XXXX, which is XXXX years prior to us purchsing the property. Once again, no response from Freedom Mortgage. 
Then in XXXX of XXXX, Freedom Mortgage, proceeded to withdraw fradult funds out of our impound account, to purchase "" Lender-Placed Flood Insurance '' in the amount of {$2600.00}. 
I, again phoned Freedom Mortgage, and recieved negative results. 
Since then, XXXX XXXX, purchased our note from Freedom Mortgae on the secondary market. XXXX XXXX  currently holds our note. XXXX XXXX  originallly had the same actions of Freedom Mortgage, and for two years we had the same issues, until recently. I able to communicate and resupply all the FEMA documents that pertained to the property. Within a few weeks, we recieved a refund for the past XXXX years for which they purchased Lender-Placed flood insurance. As of now, XXXX XXXX  abided by FEMA, and reqtified the situation. A XXXX year refund and the updated XXXX actions were supplied to us. 
On, XXXX XXXX, after approximately XXXX minutes, I was directed to, and had made contact with a representitive named, XXXX XXXX XXXX ). XXXX said he worked for the Insurance Department. This was the only information XXXX would supply to me upon my request. He would not provide me with his last name, employee number, official title or his direct supervisor/managers contact information. After approximately XXXX minutes of attemping to explain, I asked XXXX for his email, in order to forward the documents to him directly. XXXX supplied me with his direct email ( XXXX ). I told XXXX that I was also going to supply him with the determination and documents provided by XXXX XXXX  XXXX XXXX XXXX ( SFHDF ) Flood Zone XXXX Effective XX/XX/XXXX. He refused them and said they do not want or need them. 
I again had recived no return communnication. I waited until Monday, XX/XX/XXXX, and emailed XXXX for an update. I recieved negative results on XXXX behalf, until XX/XX/XXXX, via email. XXXX claimed that our home is not in a flood zone. However, he claimed our tool storage shed is, therefore they refuse to refund the charge. On the same day, XX/XX/XXXX, I responded to XXXX email, once again requesting his immediate supervisor/managers information. I wanted to communicate directly with the person responsible for their corrupt design. On XX/XX/XXXX, XXXX responded to my request. The only information XXXX supplied to me, was the original phone number, for which had originall gotten me into contact with him. 
So, therefore I am getting no customer service. 
My family is being stolen from. 
And, Freedom Mortgage is NOT abiding by the Department of Homeland XXXX XXXX ( XXXX ) in addition, XXXX document XXXX REQUESTING FULL REIMBURSEMENT IN THE AMOUNT OF {$2600.00} FOR LENDER-PLACED FLOOD INSURANCE FOR PAST LOAN NUMBER XXXX FROM : XX/XX/XXXX TO : XX/XX/XXXX"
11742722,2025-01-25,Mortgage,Trouble during payment process,WELLS FARGO & COMPANY,PA,Iwant any money I am owed by wells fargo im the ongoing lawsuit against them
12127046,2025-02-19,Mortgage,Trouble during payment process,JPMORGAN CHASE & CO.,AL,I have disputed the amount owed on our mortgage for years now with no help. I have researched it to no end and realized that they are holding me responsible for a mortgage that is not mine. The mortgage information is for an ARM and for a home equity line of credit that i do not have. It is for my neighbors house. I want the original closing documents from when we purchased the home on XX/XX/XXXX with an actual payment history and why they started applying escrow in XXXX on the mortgage but i always paid for the property taxes myself.
12133582,2025-02-19,Mortgage,Applying for a mortgage or refinancing an existing mortgage,WELLS FARGO & COMPANY,NC,I was told I could refinance my house for a lower rate. I was going through a separation and was in school so this was perfect. This dragged on for a yearthe loan modification. I got e action notices from the sheriff on my door. I moved. A week later the bank told me the paper work went through and I was approved. I said I wished I had know. I just moved. They said I was no longer eligible to refinance since I had moved and my house would be foreclosed. I feel so stupid and taken advantage of. I lost the money I invested in the new windows and plumbing and I lost my home and equity. 12years later I am still struggling to enter the housing market. This was extremely shady practice. This occurred in 2013.
12187756,2025-02-24,Mortgage,Struggling to pay mortgage,WELLS FARGO & COMPANY,NJ,"On XX/XX/XXXX Wells Fargo filed for foreclosure. Stating payment due for XX/XX/XXXX, after forbearance agreement expired. My divorce final of XX/XX/XXXX Ex-spouse abandoned the property XXXX start of divorce. Wells Fargo located him as a XXXX  residence and served him there. I am a XXXX of XXXX. The company refused after years of me advising them of divorce and XXXX  XXXX victim. Please send all statements and info to me. They continue to state I am not on the note/mortgage. I advise I on warrantee deed XXXX later have a quit claim deed in XXXX. My XXXX. have ignored the divorce decree orders, nevertheless I forward them XXXX forbearance agreement under XXXX XXXX. It extended to XX/XX/XXXX. No one ever signed any of Wells Fargo forbearance. All mail was sent to my XXXX. I was not privy. At present day I ask them to stop foreclosure proceeding which I replied to notice as his Ex-wife and wasn't aware of any proceeding. Once I was served, I replied. In XXXX I became ill with XXXX XXXX XXXX and XXXX XXXX. I explain I could not read their papers and was denied eyeglasses and XXXX need XXXX to place case on hold until medications work. I have signed the papers for successors of interest, and they have all modification data needed to succeed. I advise XXXX was ordered by XXXX court to credit accounts with XXXX a pay mortgage on XX/XX/XXXX. Please send me copy of credit as Its not on account. I also as why payments increased from {$XXXX}. a month prior to forbearance and what was on statement to now after I become successor of interest and states clearly, I plan to rebuild as always since storm to {$XXXX}. a month. The plan shows it suppose be decreasing to around {$XXXX}. Then I advised in my reply to courts Wells Fargo have no standing to foreclose. The company as of XX/XX/XXXX was granted a summary Judgement. I sent letter they advise final Judgement next. I believed they stopped the matter since they had all my income and request, they needed supplied. I advised my housing XXXX is XXXX and forward to them completed XX/XX/XXXX. My health is better, and my XXXX appointment was XX/XX/XXXX for new blood work. I am now waiting for optimal appointment as still glair but can see enough to what they paper actually state while moving for final Judgement then sherif sale. On XX/XX/XXXX XXXX XXXX XXXX {$XXXX}. XXXX recorded with county {$XXXX} note Paid in full. XXXX issued a new Loan ( # XXXX ) and mortgage total now at XXXX interest rate to {$XXXX}. recorded XX/XX/XXXX. They filed a reconveyance back to homeowner paid in full. My XXXX. quit claim deed he checks the box he owes no mortgage to state of XXXX  affidavit. Wells Fargo submits a XXXX affordable Modification agreement supposedly sign by XXXX XXXX. XX/XX/XXXX with a cash out as the mortgage supposedly decreased interest rate to 2  % totals XXXX with payments of {$XXXX}. a month beginning XX/XX/XXXX. XXXX yrs ( XXXX  month ) XXXX yrs, {$XXXX} for ( XXXX  months ) then {$XXXX} for XXXX  months XXXX yrs. Now they appraised for over {$XXXX}. After finally able to review the documents as my eyes improved. It appears the new loan was not secured by a note. The modification dated XX/XX/XXXX they attached to the XXXX loan number ( XXXX ) and called it a second note??? The issue is the note must be in full possession and mortgage at time of filing foreclosure, or it can not be foreclosed. The note is separated from the mortgage. Its XXXX loan numbers. XXXX was not merged with Wells Fargo at time of closing XX/XX/XXXX. You can not retroactive a modification XXXX  years later on XX/XX/XXXX to XXXX loan number ( XXXX ). They were XXXX different entities. Wells Fargo did not acquire XXXX until XX/XX/XXXX. Hence, they did not secure the new loan # XXXX which is not recorded. Only company can modify a loan is the company that written the original mortgage/note. They recorded a reconveyance. Hence the loan is actually paid in full to XXXX. One can not mix apples and oranges. The loan number ( XXXX ) was issued XX/XX/XXXX after refinancing without a note attached is the subject they are trying to conceal. the foreclosure notice filed in court belong to XXXX for {$XXXX}. The loan number under the note XXXX ( XXXX a XXXX ) mortgage belong to XXXX. XXXX different entities and illegal to simply attach XXXX  years later in XXXX a modification to original note which actually was a refinance, hence new loan number. It will be fraud. The note is separated between the XXXX loan numbers. Wells Fargo customer service refuses to send me full file as per requested and all above. Advised me once I became a successor I can have access. They have not provided what requested. Too many phone calls and different representatives. A few weeks ago, after faxing them XXXX pages of data, the representative told me I could not use my daughter 's income as contributor as she must live in the house. I advise its over {$XXXX} Shes a nurse and my brother income as well. then I ask why requesting all the information and not reading the hardship form for financial support? there is no house. I have been jumping from couch to couch since storm XXXX. State of NJ failed me. The home is completely gone from the storm. I have been using my RV to sleep there, then to mobile home, now to daughter. it's sad, it has caused hardship, XXXX, anxiety etc. I feel as a XXXX female Wells Fargo have ignored all my request since XXXX when I first continue to ask them to allow me to take over the loan, as XXXX XXXX. had no interest, and I filed for divorce for domestic XXXX. I advised I have architecture drawings and completed. House demolished. I also requested modification papers or assumptions and financial support. It appears soon it will be on sheriff sale as they moving forward it seems. I have asked the courts and put on notice my health conditions, but the motion will be coming up or maybe in the mail, Wells Fargo applied for final Judgement. lastly, I ask Wells Fargo to send me copies of green/certified card that XXXX XXXX. did in fact received their final summary motion as on papers it was sent to XXXX XXXX  and he's a residence of Florida. I then ask if they can send the modification assumption request form, he needs to sign off on approving I can take over the mortgage to his Florida address. I can not call, text or email him as he will say I am harassing him, and he have not been cooperating since XXXX. I reminded them its them who discovered his Florida address and they promise they will send the letter via email on record as only he can update his address. It's not fair as they seem to serve XXXX XXXX. in the state of XXXX  with foreclosure documents and yet continue to send notices to XXXX, XXXX  old address. My XXXX XXXX copied me the email of the form address to XXXX, XXXX  giving XXXX XXXX. until XX/XX/XXXX to sign and return back. Wells Fargo advise me if he don't sign by XX/XX/XXXX I will not be approved for the modification. I text him and he was abusive. I ask Wells Fargo for copy of that same form via email addressing XXXX XXXX so I can take before a XXXX and compel him to sign. they couldn't give me at all. Again, it's my belief Wells Fargo have no standing to foreclose. What we have is XXXX loan numbers which requires XXXX separates "" notes. Mainly a security instrument securing loan ( # XXXX ) is missing. Their cover up or deceit actions for their own huge negligence It's unfair practice and bad faith. further it has placed me as a rightful owner in a hardship position."
12244932,2025-02-28,Mortgage,Struggling to pay mortgage,"Shellpoint Partners, LLC",UT,"I called them many times since online doesnt show any mortgage statement since XXXX, they kept saying they will send us one but never did. Then I called today they said a manager put a block on any from genegerting until after XXXX, which is against federal law. They wont do anything about it, they are rude every single time and dont care if they are breaking the law I am about to sue them if they dont fix it. Attached is proof no statements since XXXX"
12437749,2025-03-13,Mortgage,Trouble during payment process,"SELECT PORTFOLIO SERVICING, INC.",FL,"Initially I called and requested SPS apply my first payment to my account, as their records indicate I am past due. I mailed my first payment to XXXX before XX/XX/XXXX, which is what I was instructed to do ( per the enclosed letter from XXXX  notifying me of the transfer of the note. Please see the enclosed documents ). Please note I opened XXXX accounts with XXXX, however this check is most assuredly for the XXXX the XXXX fairway, because the amount is the proper amount for the monthly payment on that property, and I references account number XXXX in the memo. Account XXXX was the XXXX account number for this loan. 
I have sent SPS multiple copies of the check that the original Servicer cashed, however SPS refuses to rectify the issue with XXXX, and are currently charging me late fees. This is not appropriate. SPS purchased the loan, and the first payment was misapplied by XXXX. SPS needs to get the payment from XXXX, and reverse any late fees and additional interest they charged me because of XXXX error."
12480378,2025-03-14,Mortgage,Trouble during payment process,FIFTH THIRD FINANCIAL CORPORATION,OR,"XX/XX/XXXX - Called the mortgage company, Fifth Third Bank, to go over why my escrow account went negative and ask about new increased calculation. They told me they do not control taxes and did not elaborate or check their work, even though the tax increase was well above the XXXX yearly increase of 3 %. 

XX/XX/XXXX, XXXX I contacted Fifth Third Bank again after receiving documentation from XXXX XXXX XXXX that payments had been made on two property tax accounts that do not belong to me. This appears to be the direct cause of the substantial increase in my escrow payments. My neighbor 's property tax amounts were also calculated in my XXXX payment, in addition to my own taxes. There was also a live chat around this date, where the agent said they would submit a case, and I would hear back in XXXX business days. 

XX/XX/XXXX - I sent an email and engaged in a chat with a representative who assured me that a claim would be submitted on my behalf and that I would receive a response within six business days. I was also advised to email XXXX with supporting documentation, which I did the same day. 

I followed up again via email on XX/XX/XXXX to request a status update, but I still have not received a reply. 

XX/XX/XXXX - I engaged in another chat with a representative who once again stated that Fifth Third Bank does not control property taxes. They claimed that my escrow account went negative due to a tax increasecompletely disregarding the fact that the increase was caused by payments made on accounts that are not mine. After further discussion, I was advised to resend my documentation via fax to XXXX and email to XXXX. I was also told that a new request would be submitted, with a response expected within XXXX business days. The fax and email were sent again this same day. 

As of XX/XX/XXXX - I have not received a response from Fifth third bank or any type of resolution on this. However, they never fail to promptly call and send a past due letter if I am even a day late on payment. My monthly payments have increased significantly due to this error and created unnecessary stress and impact to my financials. I am sending an additional email for follow up today as well."
12544183,2025-03-18,Mortgage,Closing on a mortgage,"Shellpoint Partners, LLC",MI,"I have contacted the company continually and have been told that they will not provide the release of lien, they explained to me that the loan was downgraded to unsecure lien and sold to XXXX XXXX. 
XXXX XXXX does NOT have a release of lien as it was NEVER a lien on the property from them as it was UNSECURE when they purchased it. I was informed by my real estate attorney that New/Rez Shellpoint Mortgage who merged with the loan holder XXXX XXXX  would be responsible with providing the release of XXXX as XXXX downgraded this lien to an UNSECURE lein when a first mortgage foreclosure happened and then was also coded as SOL as the statue of limitations had expired on collection. Shellpoint provided this information to me when I reached out twice. Per your letter attached, New Rez aka Shellpoint sold the loan to XXXX in XXXX of XXXX and then XXXX downgraded it to a UNSECURE lien. This is the point that a release of lien should have been provided by XXXX. Because Shellpoint acquired XXXX, Shellpoint would be the ONLY company that would be able to provide the release of lien.

This has gotten completely out of hand and is ridiculous that three months later, The lien holder is still not providing the release of lien. When you sell an unsecure loan to a collection company, the release of lien would need to be provided as it is NO LONGER a secure lien on the property. 
Questions I need answered : 1. How do I obtain a release of lien from XXXX XXXX when no contact information can be provided, and when it was explained by your company ( See attached letter ) NEVER held a lien on the property.

2. Shellpoint acquired XXXX, therefore XXXX no longer exist, meaning Shellpoint that acquired them would be the only company that can provide the release of lien so please explain why is this not being executed? 
I will be filing a loan suit if this is not remedied and quite title is needed to obtain this release as this is now costing me money and countless time for a companies incompetence. 
Please see attached letter"
12680611,2025-03-26,Mortgage,Struggling to pay mortgage,"Fay Servicing, LLC",NY,"I am writing to file a formal complaint against Fay Servicing for their ongoing refusal to provide critical information about the mortgage related to my mother 's property and for their handling of my attempts to settle the mortgage account. 

Here are the details of the situation : Background : After my mother passed away in XXXX, I established an estate, which was formalized in XXXX. At that time, I sent all the relevant estate documents, including the death certificate and probate documentation, to XXXX XXXX XXXXXXXX, the initial mortgage servicer. In XXXX, the mortgage servicing was transferred to Fay Servicing, at which point I provided them with the same estate documents. I have owned the property alongside my mother for 36 years, and up until now, I had been able to communicate effectively with the mortgage company. However, since the transfer of servicing to Fay Servicing, I have repeatedly tried to communicate with them, but they have refused to provide any information regarding the mortgage. Despite sending the death certificate multiple times, I consistently receive the same response, and they continue to deny me the information I need. Furthermore, no documentation or authorizations have been provided that show Fay Servicing has the right to collect any payments or take any actions related to this mortgage. Additionally, my signature was the one that authorized the creation of the note that Fay Servicing has been monetizing. Despite this, they continue to call me constantly without providing the necessary proof of their legal right to collect on this loan.

Certified Letter and Payment : On XX/XX/XXXX, I sent a certified letter with return receipt, which included a payment of {$260000.00} to settle the mortgage account. In the letter, I specifically requested that if my payment was not going to be applied to the account, it should be returned to me. I have not received any acknowledgment of the payment nor have I received a refund of the payment. Additionally, Fay Servicing has not applied the payment to the mortgage account as requested. 

Fraud and Forgery Discovery : In XX/XX/XXXX, I hired a title company to conduct a title audit of the property associated with my mother 's mortgage. The title examiner discovered serious issues, including title fraud, forgery, and theft related to the mortgage. I am in the process of reporting these issues to the appropriate authorities. 

Current Issues : More than a year has passed since I made the payment, and Fay Servicing is now claiming that the payment was fraudulent. They have not provided any documentation to support this claim, nor have they returned my original payment or a check for the payment I made. I have already filed the necessary paperwork with the IRS regarding this payment and have provided Fay Servicing with the copies of my filings, but they continue to ignore my requests for resolution. 

This situation has caused me significant distress, and I am seeking immediate assistance from the Consumer Financial Protection Bureau to ensure that Fay Servicing resolves this matter. I am requesting that Fay Servicing provide the following : A full accounting of the mortgage account and the handling of my payment. 

A refund of the {$260000.00} payment if it was not applied to the account. 

A detailed explanation regarding their claim that the payment was fraudulent, along with any supporting evidence. 

Resolution of the issues related to title fraud, forgery, and theft, including any actions taken by Fay Servicing related to these issues."
12985916,2025-04-14,Mortgage,Struggling to pay mortgage,"Shellpoint Partners, LLC",VA,"This was one of the letters I sent to them, this will explain the best As the homeowner, I was discharged from XXXX XXXX bankruptcy and subsequently approved for a loan modification to retain ownership of my home. Despite this approval, I never received the final paperwork or any path to move forward, despite multiple documented attempts to follow up.It is important to emphasize that while my bankruptcy discharge removed personal liability for the mortgage debt, it did not resolve the existing mortgage default. The approved loan modification represented a viable resolution to that default, and your organization 's failure to finalize it constitutes a significant procedural failure and denial of good faith loss mitigation.Furthermore, I was not notified of the upcoming foreclosure sale scheduled for XX/XX/year>. I only became aware due to unsolicited third-party calls. This lack of formal notice violates servicing standards under federal mortgage servicing rules and due process expectations. It also adds to the harm caused by the failure to act on a valid, approved modification.I have funds currently available that I have tried to submit for some time now. The very first correspondence I received was today from a representative on the phone that stated a modification was opened up today, which I did not begin so Im not sure who did. This conversation was on a recorded line.

I am preparing to escalate legally if no resolution is reached. I also reserve the right to seek relief in court for wrongful foreclosure based on : - Failure to complete the modification process despite approval- Failure to provide proper notice- Servicing misconduct and lack of communication- Induced reliance on a modification that was never honoredI am requesting an immediate hold on the foreclosure sale and a formal reinstatement of the previously approved loan modification."
13196410,2025-04-26,Mortgage,Struggling to pay mortgage,Mr. Cooper Group Inc.,VA,I was XXXX on XX/XX/year> and tried to reach out Mr cooper and would have my family contact the attorney and they would not assist me. And they would assist me for mortgage. I filed bankruptcy on XX/XX/year> and mailed the paperwork to bankruptcy court in XXXX and they did not post the paperwork they posted the bankruptcy for XX/XX/year> but it was too late! And I want to file a complaint on Mr cooper because they did not assist me and I was incarcerated during this process and reached for assistance but no one returned my calls! And I feel this was done unlawfully and incorrectly and I lost my home for no reason. Please assist me!
13228833,2025-04-29,Mortgage,Trouble during payment process,Freedom Mortgage Company,SC,"In XXXX of last year my county mistakenly sent a tax bill to my mortgager at a 6 % rate instead of what it should have been at 4 %. The year before my tax was {$1300.00} and the incorrect bill the county sent for the new year was {$4300.00} My mortgage company paid the incorrect tax of {$4300.00} and never even brought it to my attention before doing so. 
A couple weeks later I found out this happened because my county sent a paid receipt of {$4300.00} to my address.

The following day, I went down to the county and proved to them that the {$4300.00} was the incorrect amount. During that visit the county agreed that the correct amount should be {$1300.00} and the county also said that they would issue a credit to my mortgage company for the difference and that it should be received by no later than XXXX of this year. 
On the last week of XXXX I received a mortgage payment in the mail for the upcoming month of XXXX. To my shock the payment was for {$1600.00}. Before this my payment was always {$1000.00}. 
So I called my mortgage company right away and asked them if they had received the tax credit yet from my county. The mortgage companies response was that my escrow had a shortage of {$2900.00} and that's why my payment increased. I told them I was aware of that but the tax credit from the county would take care of the shortage. My mortgager then told me they never received a credit and I had to pay {$1600.00} and they would not allow me to pay any less than that. I tried to explain to them that it was a billing error and the payment amount was incorrect and the credit had been sent to them. My mortgager still insisted on my {$1600.00} payment and would not let me pay my normal correct amount.

Later that day I went back down to my county tax office and they provided proof ( see attached ) that they not only sent the payment to my mortgage company but they also provided proof that the check was cashed by my mortgage company on XX/XX/XXXX. 
I called back to my mortgage company after my county visit and now they have suddenly found the credit in their system.

So I was then told by my mortgager that with the credit now received an escrow analysis would be performed by them and my payment would return back to normal.

So I asked them when would I expect the analysis to be performed so my payment can return back to normal? The answer I received from the tax department manager was "" I don't know. '' I called back to my mortgager the following day and asked a different agent the same question about when the analysis would be performed and this time the agent said XXXX of XXXX. The same agent then said that I would have to pay the monthly payment amount of {$1600.00} until next XXXX and that a lesser amount would not be accepted. I then asked the agent if you have received the credit from the county, then why do I have to pay an additional {$600.00} dollars every month until XXXX? She had no response to my question. 
I have had a mortgage on this house ( {$1000.00} ) since I bought it XXXX years ago and I have never missed or made any late payments. But now because of a billing error my payment is now {$1600.00} and I physically can't make a payment that large because I just don't have the income. 
My issue is that my mortgage company HAS received the over payment credit but they won't apply it to my account and if they would my payment would return to normal but they are refusing to do so and at the same time they are also refusing to accept any of my payments of {$1000.00} so I will end up losing my home to a foreclosure all because of a billing error and people that are too lazy to do their job of doing the analysis. My account would not have an escrow shortage if they'd just apply the credit to my account. 
They don't care that an innocent family will lose their home and equity and we have always paid them on time. This is amazingly unfair."
13250982,2025-04-30,Mortgage,Closing on a mortgage,Mr. Cooper Group Inc.,MS,I am selling my home. The Subordinate Mortgage is showing as a lien on the Title. Since XXXX I along with lawyers have been trying to acquire a Pay off for the XXXX. The Lien is showing as XXXX $ The Mortgage company said I had to get the payoff from HUD and HUD said the request had to come from Mr. Cooper. I have been trying to sell this home since XXXX. I have lost 2 buyers due to the fact that they will not release the pay off quote. I am about to lose the 3rd due to their inability to just give me the quote or tell me if it was a mistake to begin with. I did a loan modification and never actually received the money. I paid XXXX in arrears as well as XXXX in a bankruptcy after the modification was made. I was 3 months behind when i filed bankruptcy. I don't know why Mr. Cooper and HUD are refusing to release the payoff for the sub mortgage. I am moments before getting an attorney. This is causing my great stress and has since XX/XX/year>. My last contact with either of them was XX/XX/XXXX. I was told they would get the pay off in 2 days from HUD but now they will not answer my emails and have sent me a letter stating it would by 30 days before I would hear anything.
13252509,2025-04-30,Mortgage,Applying for a mortgage or refinancing an existing mortgage,"SOFI TECHNOLOGIES, INC.",NY,"On XX/XX/year>, I viewed a sponsored ad on XXXX by SoFi offering mortgage and refinance loans with Rates as low as 5.49 % and Rates as low as 5.625 %. These rates are well below current average market rates as of the same date, which made them appear highly attractive. The ad also included text like Then I was able to quickly apply, suggesting ease of access and rapid approval. 

The ad did not include required Truth in Lending Act disclosures such as APR, loan term, or fee assumptions tied to the advertised rates. Additionally, there was no mention of any state-based limitations. 

After clicking LEARN MORE, I was prompted to submit personal information, including my New York address. Only after doing so was I told that SoFi does not offer mortgage loans in New York. 

This appears to violate : TILA / Regulation Z, due to incomplete or missing disclosures related to the advertised rate MAP Rule / Regulation N, for advertising unavailable mortgage products to a consumer in a restricted jurisdiction without disclosure Given the below-market rates advertised, this created an artificially high consumer draw to a product not legally available to me."
13286214,2025-05-02,Mortgage,Trouble during payment process,"CARRINGTON MORTGAGE SERVICES, LLC",AZ,"They made me believe that the payment was going to be processed and it was not going to be late if I sent them the copy of original received they requested where the payment was sent and Carrington Mortgage waited until the last minute to resolve my payment issue, which ended up causing my payment to be late for 30 days and lowered my credit score dramatically by XXXX points and the payment was sent on the XXXX of XXXX and they waited until XX/XX/XXXX at XXXX to warn me that if the payment was not given by XXXX in the afternoon it would be 30 days delinquent. I send the payment around XXXX but it was already too late. On XX/XX/XXXX I send the XXXX payment and they rejected because store where I send the money send it as a XXXX and they only accepted XXXX XXXX"
13505941,2025-05-14,Mortgage,Trouble during payment process,Mr. Cooper Group Inc.,MN,"I sent in a payment which would have left a small amount of principal balance left. As part of the back story, I have been making the mortgage payments for my ex-wife. We were married more than 20 years ago and this is not in any way court ordered. She was diagnosed with a serious health problem and I have been voluntarily paying her mortgage to help her. Because of this I couldn't get the pay off amount myself even though my ex-wife had provided paperwork that the company could talk to me. The check was cashed from my account but later a check was sent from Mr. Cooper to my wife for the amount of the check-they stated they had a policy that any payments more than 90 % of the payoff had to be by certified check or wire. The loan documents or website doesn't say this. The check that they sent to be ex-wife was a regular check and when it was deposited at XXXX XXXX in order for my ex-wife to wire the full amount, she was told that there would be a ten day hold on the check before allowing this. The company apologizes for the inconvenience but I will still be liable for extra interest and the wiring fees."
13852161,2025-06-02,Mortgage,Trouble during payment process,Idaho Housing And Finance Association,TX,"I had entered in to an agreement with my Mortgage company to get caught up. 

All was going well up untill I got injured and could not make the full payment amount of {$2600.00} stated that I could do {$2000.00} at that time and they stated no this was on XX/XX/XXXX that I needed to hold on to that and that I would need pay the balance of $ XXXX to clear the account by the end of the month. 

I had spoken to them several times through out the month as they did call. 

On XX/XX/XXXX -- I called in at XXXX XXXX  had to leave a message - Stated that in my message to please call me back as I have a payment to submit By XXXX XXXX  I still had not heard anything so I called again and left another message By the end of the day they had not returned my call. 

On XX/XX/XXXX which is Saturday I still had not heard from them so I called in again at XXXX XXXX  and got the message they were closed. I then wen on line and tried to do it via web but it was locked out. I tried to send a message through there portal but it was not working either. 

I found a previous email from XXXX This is not currently inactive email as it did not go through so a follow up was sent to XXXX Showing the following Hello i was serching through my emails to try and find someone. 

I dont know if your in the right spot but i have been calling in for the past 2 days. I have not been called back so that i can make my payment. Im locked out of doing it online. And the automated system just repeats please enter your social. I dont know why i caint get a return call or why i can not pay online as i was told i could do. If you can gert this to the right peraon it would be great. 

Ive also attached photos and a video where the messaging is not working either The photos show that there system would not allow me to send them anything. 


Today XX/XX/XXXX at XXXX XXXX  I still had not received a call so I called back I was on hold for 5 min when a lady came on the line. She did not state her name just verified me through there system and stated that now my payment of XXXX was gong to be XXXX that I owed the XXXX and some change and then the month of XXXX as well and they would not take anything less This is a XXXX additional payment which does not make since as my monthly payment was XXXX this would be 2 months of payments and that is not right. She stated that I had untill the end of the month XX/XX/XXXX to make the XXXX payment and that didnt happen. 

I stated that I called in to there office multiple times and no one would call back she said that was not there responsibility as they have a high call volume. I said that is fine but I reached out to you guys and you guys didnt do your job the least that you all could have done is call and get payment clearance so that this could have been done and yet nothing nor have you called in today to catch up on your high call volume on friday She stated sorry that the XXXX amount is the only thing they will accept and there is nothing that is going to be done. I asked for her manager and she stated that nothing would be done and it is what it is. And again asked for her manager and should could not guaranty a call back today People should not have to suffer for the lack of a mortgage companies down falls or lack of personnel and then pass it off to the consumer as if it is there problem. I did what was asked of me and made every attempt to do so and still could not get them to call to get this payment through"
13936248,2025-06-06,Mortgage,Trouble during payment process,"Laelia, LLC",NY,"I have held a PMI mortgage since XXXX. In XXXX, I took a COVID-19-related forbearance. After making two payments in early XXXX, I discovered water damage and a leak in my kitchen leading to the basement, which was extended before I purchased the property. When I attempted to file an insurance claim, I learned my home had been uninsured since XXXX. The mortgage servicer, XXXX XXXX XXXX, had failed to pay my homeowners insurance to XXXX XXXX XXXX XXXX. They told me they would send proof of payment to the insurer, but instead they sold my mortgage to XXXX XXXX. XXXX XXXX accepted two payments but then claimed no payments had been made since XXXX. They refused further payments for several months before finally accepting {$16000.00} on XX/XX/XXXX, to bring the loan current. The next day, the loan was SOLD to XXXX XXXX XXXX XXXX XXXX XXXX, which has refused all of my payments and claims I have not paid since XXXX. Despite the large payment made just before the sale, XXXX XXXX XXXX has filed a foreclosure lien against my home. Meanwhile, the un-repaired leak caused mold throughout the basement and into my home, worsening my asthmaespecially after I had COVID-19 in XX/XX/XXXX. Ive been unable to work for over 22 months due to persistent respiratory issues. I have documentation of all payments, attempted payments, and refusals by the lenders, as well as proof of temporary repairs. This situation has caused severe physical, emotional, and financial harm. I am seeking immediate relief, including halting the foreclosure, having the missed payments corrected, holding all bank servicer and banks accountable for failing to maintain insurance and failing to apply payments properly."
14122375,2025-06-17,Mortgage,Trouble during payment process,"LoanCare, LLC",CO,"Loancare mortgage claims the information I provided, which was XXXX XXXX  statements of payments and bank statements, proving payments were made was insufficient. Which in turn they claim I'm delinquent on my payments, which I'm not."
14359130,2025-06-29,Mortgage,Trouble during payment process,"SELECT PORTFOLIO SERVICING, INC.",TX,"Over the past year, I have kept a balance of XXXX to XXXX in my bank account, because of the need to make home repairs. I learned on 3 separate occasions that the mortgage company, Select Portfolio Servicing , Inc. ( SPS ) had failed to withdraw the $ XXXX  monthly mortgage payment from my account. Each time, I immediately paid the arrearage. However, after the first incident, in which I was alerted to the problem with a "" Notice of Default '' letter from SPS I was told that XXXX XXXX  had refused the payments. The second time, two months later, I found a door knocker on my front door saying that my home was about to be foreclosed on. I met with my banker at XXXX, who called SPS, only to be told that they apologized for their mistake. This week I just so happened to check my bank statement to make sure that my mortgage payment had been deducted from my account and found that it was again in arrears by 2 months. My account on the SPS website showed a list of default letters, most of which were never mailed to me. In deciding that I needed to change mortgage companies, I then learned that my credit rating had been destroyed by all the SPS notices of late mortgage payments to the credit agencies. I'm not an accountant, but a retired professor. Having never had a problem with any of my online bills not being paid, it just did not occur to me after contacting SPS on two occasions about their oversight that this behavior would be perpetual. But at this point I'm concerned that they could foreclose on my home regardless of my efforts to pay the mortgage on time."
8686276,2024-04-04,"Payday loan, title loan, personal loan, or advance loan",Received a loan you didn't apply for,"MMG Law Group, PLLC",CA,"I was contacted by this company called MMG Law Group. They continuously called me for months spoofing their number. I got tired of receiving phone calls and called back to tell them to stop calling. They made claims that I took out a loan in XXXX and didnt pay it back. I never took out a loan that year. They told me I could settle for {$1000.00}. I told the lady on the phone that I would report them for fraud and she started screaming. Then I received a letter in the mail stating I need to pay them back. I ignored the letter and I looked at my credit report this morning and there is derogatory mark for not paying {$500.00}. It decreased my credit by XXXX points. The company has a website if you google MMG Law group. Published in XXXX. The address is XXXX XXXX XXXX XXXX XXXX XXXX, XXXX XXXX, MI XXXX. The phone number is ( XXXX ) XXXX. I was scammed in the past using the same technique."
8776882,2024-04-15,"Payday loan, title loan, personal loan, or advance loan",Struggling to pay your loan,VYSTAR CREDIT UNION,FL,{$1000.00} dollars was given to me on XX/XX/XXXX shorty after i started making {$150.00} dollars payments XX/XX/XXXX 2024
8958034,2024-05-08,"Payday loan, title loan, personal loan, or advance loan","Was approved for a loan, but didn't receive the money",QC HOLDINGS INC,VA,"I received a call today at XXXXXXXX XXXX from XXXX, XXXX at LendNation, XXXX XXXX XXXX XXXX XXXX, XXXX, KS XXXX, XXXX. And this is one of many stating that I filled out an online loan with them. I never did, nor do I do this type of thing. She said they have me on file which means I've done business with them or an affiliate before. Not me. I explained to her it's not me, it's my ex-husband. He's been doing this since our divorce he asked for, but got upset with me because he had to pay me XXXX XXXX. I've been divorced for 10 years, and fighting for my name and personal information back all of this time. I asked her to contact the police and file a report and obtain the IP address of where that online application came from and I can prove it's him. His current telephone number was given to me a few weeks ago because he contacted someone I know very well saying where he was, in XXXX, TX, in an attempt to find out where I am. She wanted to alert me just in case anything went down because she knows what I go through with this person. This has been going on non-stop since XX/XX/XXXX, which is when I filed the original FBI Report because he tried to get a home, a XXXX, and multiple Payday Loans in my name. I'm currently in hiding and must have protection on all of my accounts. XXXX refused to give me her last name, but tried to obtain information on me. I only verified what she had about me, but I don't deal with places like this, so here I go again for the third time since XX/XX/XXXX. I've been in and out of court multiple times by these people suing me for monies I've never filled out for nor received. He has an unidentified female accomplice who sometimes poses as me and they even changed my address at one point to obtain a XXXX account and phones. I had a horrible time getting that removed from my credit records and proving to them it wasn't me. These are always coming out of either XXXX XXXX XXXX or XXXX He apparently provides them with an address that's 10 years old with my email address and my telephone number. XXXX called because she said there was something she needed to check. I immediately let her know to report him to the police and why. She said she's more than happy to talk to the authorities about this situation and she's gon na report it as fraud. Let me be clear. There was no Category for this type of complaint ; therefore, forgive me for stating I was approved and didn't receive the money, as I've NEVER applied for anything such as this. This is the only way to process this report right now."
9017847,2024-05-15,"Payday loan, title loan, personal loan, or advance loan",Getting a line of credit,Self Financial Inc.,TX,"Good afternoon, I am posting this about a loan that I never received and that they never gave me and that I am supposedly having to pay for it. How is it possible that I have been paying a loan that they never gave me and that I never receive. That is why I demand the immediate return of the payments I made as well as the repair of my credit immediately. Here I leave the loan that according to them they gave me that I made the payments on the fraudulent credit that they never gave me and that damaging my credit and demanding payments from me. I want my money and they do not have the information or the Page itself, everything is very impossible to claim both online and by phone. It is a fraud promising things that it will never deliver and that is stealing and demanding payments. So I suggest that they be investigated because I must not be the only one. so I want my money now."
9057132,2024-05-20,"Payday loan, title loan, personal loan, or advance loan",Problem with additional add-on products or services,"Affirm Holdings, Inc",NJ,"Ive reach out to this community affirm on several occasions requesting them to dilute this transaction against this merchant since the merchant cancelled my order and never refunded me. Its always a hassle on long period of time for this company to open a dispute and investigate what happen, they always push you around and the end they never respond or update. I have submitted all the proof showing the merchant canceled my order and never issue me my refund"
9084253,2024-05-23,"Payday loan, title loan, personal loan, or advance loan",Getting the loan,WELLS FARGO & COMPANY,FL,In XXXX XXXXme and my partner went into Wells Fargo to get a personal loan to combine our credit cards together. The banker was very very helpful she did her best to help but we were denied and there were no explanation to as of why. We had and still have good credit the source of income was there but they couldnt not provide a reason and this was around the time weve notice it was due to a race issue. I did have a Wells Fargo savings and credit card with them.
9115398,2024-05-28,"Payday loan, title loan, personal loan, or advance loan",Problem with the payoff process at the end of the loan,Amscot Corporation,FL,"I took out a short-term with this company in XXXX due to emergency bills and gas money needed, I was not able to repay the loan due to employment issues, I tried to get a loan with them in XXXX and I was told that I owed a {$220.00} balance. I have no income, no unemployment benefits and NO OTHER RESOURCES. In addition this debt is PAST THE FLORIDA STATUE OF LIMITATIONS AS THEY DO NOT ALLOW ANY DEBTS OVER XXXX XXXX XXXX TO BE COLLECTED OR ANYTHING. SO THEREFORE THEY ARE REQUIRED TO FORGIVE THIS DEBT OR OTHERWISE I WILL SUE FOR {$5000.00} FOR FINANCIAL AND EMOTIONAL DURESS AND EVEN WHEN I HAVE SECURED EMPLOYMENT I WILL BE FILING BANKRUPTCY AS MY INCOME WILL NOT SUPPORT ANY DEBT REPAYMENT."
9271679,2024-06-16,"Payday loan, title loan, personal loan, or advance loan",Problem when making payments,MoneyLion Inc.,CA,I noticed an unauthorized payment of {$120.00} was made at XXXX this morning from Money Lion when I was assured by a XXXX XXXXXXXX that the autopay feature was turned off. I went to complain to someone else in customer service and was told nothing could be done.
9467861,2024-07-09,"Payday loan, title loan, personal loan, or advance loan",Struggling to pay your loan,BANKERS HEALTHCARE GROUP LLC,GA,I am no longer able to afford the monthly payments for this loan. I contacted them on XX/XX/XXXX to advise I could no longer afford the payments and inquired about a refinance for lower rates. I was told I did not qualify and there was nothing they could do. When I opened the loan back in XXXX  2022 I was told I could refinance within XXXX year of the loan. This is not the case and BHG has provided no financial support. I do not receive monthly loan statements and feel as though I was pressured into taking this loan to pay off credit card debt rather than support my business. I was not fully educated on how the repayments work with regards to interest and amoritization. The loan was structured around my business but I was told it was for debt consolidation.
9878812,2024-08-21,"Payday loan, title loan, personal loan, or advance loan",Charged fees or interest you didn't expect,OneMain Finance Corporation,TX,"My Loan began on XXXX, XXXX XXXX with ONE MAIN FINANCIAL FOR THE AMOUNT OF {$12000.00}, MY 1ST PAYMENT WAS {$420.00} XXXX XXXX, XXXX XXXX Afther that I had to pay {$320.00} monthly. I received my Total Bal, Due on line never seeing what they took out on me until XXXX of XXXX after I, ve made x 10 additional payment, s of {$160.00}, {$100.00}, or {$160.00} over. separately 7-10 days after my regular Monthly payment, With bold letter, s apply to Principal only!! In my Own envelope, stamp & etc after the on Line payment. For some odd reason they finally sent me a paper statement with my last three payment, s on it showing they took out {$27.00} intrest on the monthly payment then {$41.00} on the additional payments that states principal only!!! If they did this then My total bal due is wrong because I, ve sent them over {$1400.00} additional and they have been taking extra intrest out on me holding me XXXX, Stealing from me preventing me from paying this loan off ahead of Schedule! This is Fraud, / theft and will lead into a LAW SUIT! I have already PD this CO Over the {$12000.00} I borrowed. They still have my Bal due almost {$3900.00}.!!"
9909488,2024-08-25,"Payday loan, title loan, personal loan, or advance loan",Charged fees or interest you didn't expect,Rosebud Economic Development Corporation,NC,"I had taken out a loan from zoca loans around XX/XX/2020 for the amount of {$1000.00}. I tried making payments on the website which had been down numerous times. I reached out to customer support in which they set up a bank draft but something went wrong on their end. As of recent, they have been calling my family members ( not sure how they got their information ) by a third party company they have hired and are trying to take legal action and charge me a total {$10000.00} for a {$1000.00} loan. They just recently called my sister and left and threatening voicemail on hers and my cellphone saying my legal rights would be taken away and could face some kind of jail time which is absurd. I did not recognize the number because my phone silences unknown callers and when I looked at the number is says "" XXXX XXXX ''. I need this matter taken off my credit and for them to stop harassing me in the extent they are going. It is unfair and morally wrong."
10076195,2024-09-10,"Payday loan, title loan, personal loan, or advance loan",Incorrect information on your report,"Affirm Holdings, Inc",CA,"On XX/XX/year> I received an email from the company Affirm stating a loan was approved for {$530.00} for a purchase from XXXX. I emailed them right away disputing the unauthorized charge. I did not place that order. I have emailed them and called them numerous times disputing this transaction. They have been no help. I receive emails from them stating after their investigation that I am responsible, I disagree with their findings because I did not place that order and open any loan. On XX/XX/year> I called XXXX to inquire about the order because I do have the order number, I figured maybe someone on their end could help me. XXXX order # XXXX is what I'm disputing with Affirm. I was able to find out that another email and phone number was used with my name and information. XXXX did send me an email and I forwarded it to Affirm but they still say I'm responsible for this fraudulent charge. As I stated before, Affirm has not been much help and I have been a victim of fraud. This has impacted my credit score tremendously. I have been trying to address this since XX/XX/year>. It is being reported on my credit file and it is not mine."
10218210,2024-09-23,"Payday loan, title loan, personal loan, or advance loan",Charged fees or interest you didn't expect,"PatientFi, Inc.",CA,"I took out a {$30000.00} loan on XX/XX/XXXX for a medical procedure. There was a XXXX promotional offer for one year. I was able to easily enroll in autopay online for my monthly payments. However, I have been trying for months to pay off the full remainder of the loan balance online before the end of the promotional period. The website repeatedly displayed error messages ( see attached screenshot ) and would not allow this. I was using the same payment account I had been using for my monthly auto-payments, so I am not sure why it did not work for the remaining balance. I have not missed any monthly payments. 

I sent a secure message on XX/XX/XXXX through the online portal, plus a regular email from my XXXX account on XX/XX/XXXXXXXX  I never received a response other than an automated reply to my XXXX on XX/XX/XXXX advising me to send a secure message ( which I had already done ). Whenever I tried calling the company, I was put on hold for a long time. It has been very difficult to contact a representative for assistance. They even admitted in their auto-reply that they have been experiencing "" higher than normal volume '' and have been unable to reply in a timely manner. 

Additionally, the PatientFi website has two separate login areas. The first account screen showed that I owed a different, smaller loan amount ( {$19000.00} ) reflecting only my initial remaining loan amount. I had to actively log into the second screen to see that I apparently actually owed a larger amount ( {$27000.00} ), because the accrued interest from the end of the promotional period had been added on. This was not reflected in the initial account login screen, leading me to believe that the post-promotional accrued interest had not yet been applied to my account. 

PatientFi 's process feels deceptive. Needing to login a second time to a different area of the website to see my "" real '' loan balance amount is confusing and misleading. I have been unable to obtain assistance with their website 's technical problem. My secure message and email were completely ignored. All I am requesting is for PatientFi to reimburse the interest accrued after the end of the promotional period, since the website 's technical problems, lack of access to support, and misleading website display are the only reasons I was unable to repay the loan before the end of the promotional period. 

I was eventually able to submit a larger, one-time payment after entering a different payment type, which I was trying to avoid entering for security reasons. Once I was able to successfully link my second payment source to my PatientFi account, I did pay the remaining {$19000.00} I appeared to owe. 

When I tried to use the new live chat feature on XX/XX/XXXX for clarification, the online representative told me to call the Billing department. They were unable to give me any other assistance or explanation. When I then tried calling the Billing department on the same day, I was again put on hold for a while but was finally able to reach a Billing representative. They were also unable to help me. All they did was advise me to pay off the remainder of my balance and said they would enter a "" complaint ticket '' for me, which they said may or may not resolve anything. They said I had to pay off the remainder of the balance, or else they couldn't fix my problem and would continue charging me more interest. No one addressed my concerns in a meaningful way."
10359103,2024-10-05,"Payday loan, title loan, personal loan, or advance loan",Struggling to pay your loan,"Upstart Holdings, Inc.",PA,I HAVE CONTACTED UPSTART MULTIPLE TIMES ASKING FOR HARDSHIP ASSISTANCE AS SOON AS I HAD A CHANGE IN INCOME AND INCREASE IN EXPENSES DUE TO XXXX LOANS. I HAVE NEVER BEEN LATE. I WAS TOLD TO CALL FOR ASSISTANCE IF STRUGGLING TO MAKE PAYMENTS AND I KEEP BEING DENIED. I APPLIED XX/XX/year> AND WAS DENIED AND WHEN I CALLED AGAIN I WAS TOLD TO TRY AGAIN JUST TO BE DENIED AGAIN. THEY ARE STATING I HAVE EXCEEDED THE AMOUNT OF TIMES ASSISTANCE CAN BE GIVEN AND THEY WILL NOT REFINANCE THE CURRENT TERMS. THEY ARE NOT WILLING TO HELP. THEY ARE CALLING ME MULTIPLE TIMES DURING DAY AND DO NOT OFFER ANY OPTIONS FOR PEOPLE IN DISTRESS OR TO AVOID NEGATIVE CREDIT REPORTING.
10418966,2024-10-11,"Payday loan, title loan, personal loan, or advance loan",Can't stop withdrawals from your bank account,Kashia Services,OH,I can not access my loan information on the website. I can not make any changes to my account in order to stop automatic withdrawals. I cant even access my loan agreement.
10550122,2024-10-23,"Payday loan, title loan, personal loan, or advance loan",Getting the loan,"CITIBANK, N.A.",TX,"I have applied for a personal loan and I filled the application online but they sent me a form to fill, this form is for income verification and I had filled the form twice but the representative instruct me to fill the application and I sent the application and they denied my loan because they couldn't verify some information on my application, after citi bank made a hard inquiries on my credit they denied my loan although all my personal information is correct and they have to provide a better explanation for the denial and better customer service."
10836732,2024-11-19,"Payday loan, title loan, personal loan, or advance loan",Charged fees or interest you didn't expect,Westcreek Financial,NV,"Koalafi is charging for my car repairs including saying that they are renting and leasing my own car for car repairs? Can they tack on rental AND lease charging for car parts? this does not make since!? 

Date of transaction : XX/XX/XXXX Amounts being charged : XXXX XXXX cost @ XXXX XXXX XXXX # XXXX : {$3500.00} within XXXX mo. or falter to Koalafi lease-to-own total Charges : {$650.00} per mo. for a rental / lease Koalafi Total Ownership Charges : {$7900.00} in XXXX RENTAL payments Koalafi charging a minimum of {$1800.00} plus {$49.00} ( and Paid ) initial payment I'v contacted this company on XXXX XXXX, XXXX, XX/XX/XXXX, & XXXX via phone and email to make some kind of arrangement to be denied after getting a email from them to call and make arrangements! I am at my wits end with this company. 
Most of the reps were not able or refused to help me. They state that they can't or won't provide documents that I requested. I asked for my initial application proving I am credit worthy, my income verification and how much I am approved for and they will NOT provide this information stating they don't have ACCESS to that information .... 
After speaking to a Supervisor ( I'm told ) that they will NOT revise this contract, even though I'm on a fixed income. 

I ask how did they determination how much am I approved for and they could not or will not give me this information! They stopped talking to me and said that if I don't comply, I am to remove my car parts and return them the car repair place or they will repo my car in XXXX for parts! I DON'T UNDERSTAND!! 

Please see contract that I had NO opportunity to view before signing! I had to wait until I got home to see it. Once I saw the terms, I was shocked! I don't understand. I've spoken to the company. Their charging cost of rental of {$4400.00} my car! 

Please help, this company is a Predatory actions to acuire property! 

I Thank You in advance, XXXX XXXX XXXX can the charge me for car parts in excess of the purchase price?"
10977180,2024-11-29,"Payday loan, title loan, personal loan, or advance loan",Charged fees or interest you didn't expect,"Duvera Billing Services, LLC",PA,"I was at XXXX XXXXXXXX XXXX XXXX getting my car fixed and the owner brought up a payment. Plan from a company called Easy Pay Finance. He had me sign an online document to get installments of {$190.00} biweekly. I was told that there would be a bit of an interest rate after 90 days if my loan wasnt paid off by then. I only had {$2400.00} to pay off and I assumed the {$190.00} biweekly would pay it off within the 90 days however, the finance company made it so that I barely hit my mark by the 90 days and charged me an interest rate of 173 % along with several other fees. Instead of starting the interest rate on the 90 days, they took {$960.00} out of the 2000 that I had already paid and put that towards interest, then charged me {$9.00} every single day that I dont pay the {$2400.00} off. Mind you I had already paid {$2000.00} but when they took the XXXX away it made it so that I still had {$2000.00} left to pay. I am a XXXX XXXXXXXX XXXX  working full-time and still barely making ends meet. I found out about this in late XXXX, a few days after the interest kicked in. I called the company and theyre not willing to work with me and told me theres nothing they can do about it. I had {$2000.00} almost exact to pay from XX/XX/XXXX I believe when I last called them. After never missing a payment of {$190.00}, I still have {$1000.00} left to pay. At this point I might just starve because I literally cant afford anything else. Please. I need help. This isnt at all fair. After looking at the reviews it appears that everyone that used this finance company has been bamboozled out of thousands of dollars from a small loan amount. We all need justice. Again this company is called Easy Pay Finance and it preys on people who cant afford things and makes it so that they will never make it through a paycheck without being in debt. I couldnt even access my contract. Ive tried many times. XXXX XXXX XXXX XXXX and I have no idea how to get out of this dilemma. I dont want my hard earned good credit to be effected by this."
10982505,2024-11-30,"Payday loan, title loan, personal loan, or advance loan",Received a loan you didn't apply for,CCF Intermediate Holdings LLC,TN,XX/XX/year>. This is a peace treaty to surrender my title and close title loan account request. As I have fraudulent records and evidence of your company opened a new title loan account under my name using my personal information as you are identified as me. Im willing to take legal actions against this crime that your company as committed to local news and law attorney.
11026483,2024-12-05,"Payday loan, title loan, personal loan, or advance loan",Charged fees or interest you didn't expect,"WHEELS FINANCIAL GROUP, LLC.",OR,"I took out a secured loan on my vehicle in XX/XX/XXXX. I made payments on this loan monthly until a major XXXX  incident that lasted over a year and is still being treated. I was financially forced to file bankruptcy. During this stay I was not able to make payments. In XX/XX/XXXX my XXXX was discharged. The loan company XXXX XXXX XXXX ) tried to work with me as my XXXX attorney did not submit for a reaffirmation, so the company was set to repossess my car. I made payments to bring the account current. In XX/XX/XXXX, I set the account up on auto payments. Each month the payment came out on time and there was never a missed or late payment. 
On XX/XX/XXXX, I called to get the payoff amount on my account as a family friend wanted to help my stop paying such a high interest. I paid {$4800.00}. Once I made this payment my account updated and my account transaction history showed late payments from XX/XX/XXXX to XX/XX/XXXX even though the account was on auto. In addition to these fees, I was charged for the XX/XX/XXXX payment even though the account was paid off before this date. The only late fees that should have been on the account were for XX/XX/XXXX to XX/XX/XXXX. I was aware those late fees would remain on the account until the account was paid off. Those fees were billed and paid under confirmation # XXXX. No late fees were additionally billed on my monthly e statements. 
I called on XX/XX/XXXX and spoke with XXXX in the XXXX department, she could not give me an answer as to why this had happened. She advised she would have a manager called me back. On XX/XX/XXXX no manager called back. XX/XX/XXXX was a holiday. On XX/XX/XXXX I called back again to find about getting my refund of these incorrect billings. I was transferred to a manager in XXXX XXXX we went over the account, he did not appear to understand the billing either. He advised he would get with accounting on XXXX  XXXX and give me a call back once there was some resolve. He did not call me back on XXXX, or XXXX ( by end of business day ). Based on the companys own transaction history there was no monthly late fee charged, the payment were billed and paid in full ( via auto pay ). 
Requested resolve the company to refund me the invalid late fees and the XX/XX/XXXX payment. {$30.00} late fee x 9 months= XXXX plus the XX/XX/XXXX payment of {$300.00} for a total of {$570.00}. In addition, I would like the interest refunded that was paid on this balance at 99.59 % APR."
11152057,2024-12-13,"Payday loan, title loan, personal loan, or advance loan",Problem when making payments,SOP Pioneer Partners LP,NC,I inquired about a loan with Pioneer Military Credit. This loan gets paid via allotment from XXXX before the paychecks enter my checking account. I started this loan and allotment on XX/XX/year>. The first payment was due XX/XX/year>. The first payment went through and then was returned several times before they took the payment. Pioneer military credit is saying showing a deliquent status for 30 days. It gets paid but they are still carrying over the 30 day late month after month. Pioneer says that there is nothing they have done wrong and will not take the 30 day late away even though I set the allotment up to pay.
11254492,2024-12-21,"Payday loan, title loan, personal loan, or advance loan",Struggling to pay your loan,CCF Intermediate Holdings LLC,TX,"I borrowed {$XXXX} on XXXX XXXX from Titlemax XXXX Texas XXXX Inc. D/B/A Titlemax.My car title is attached as a surety in XXXX XXXXXXXX XXXX  On XXXX XXXX, I made a payment of {$XXXX} which was credited to my account after receiving several threatening and verbally abusive calls with an intent to repossess my car from employees of Titlemax. I used my car to make income generating deliveries.However, my car developed a transmission ( CVT ) mechanical problem making it barely drivable as a consequence ending my delivery job. I am in a situation of lack of income. Currently, I am on the State of XXXX  wait list for regular employment opportunities and I am working with the XXXX  XXXX XXXX on modalities of going back to regular employment as soon as an opportunity opens up. 

I have explained the above situation to Titlemax representatives and told them to stop calling me with threats to reposes my car, but they can not stop. The loan agreement had given me till XXXX XXXX to repay the title loan from Titlemax. I hereby urge Titlemax to detest from threatening me with repossession of my car. Looking forward to much needed assistance on this matter. Thank you."
11374569,2025-01-03,"Payday loan, title loan, personal loan, or advance loan",Incorrect information on your report,LendingPoint Holdings LLC,CA,"I obtained a personal loan approximately 2 years ago, always paid on time, never late, and the lender, Lending Point, updates the payment information every 4.5 to 5 months, which greatly impacts my credit score. This delay has caused me hurdles in getting a car loan, even though I don't have one single late payment history with any lender/credit card company."
11508460,2025-01-13,"Payday loan, title loan, personal loan, or advance loan",Problem with the payoff process at the end of the loan,Florida Financial Management dba Lend A Dollar,TX,They always try to take money out when I am broke and then they leave me without no money and they charge me interest that I can not afford and they keep charging me and charging me and then my bank calls me and sing somebody is defrauding my account all the time
11558778,2025-01-17,"Payday loan, title loan, personal loan, or advance loan",Problem when making payments,OneMain Finance Corporation,CA,"I reached out to OneMain on Monday and talked to a representative about stopping my autopay due to a hardship I am experiencing and my bank account was overdrawing. I explained to the representative on the phone I was going to walk in payment later on. I received an email that I was no longer enrolled in auto pay. This morning, XX/XX/year>, they tried to pull the funds again, after I already explained there were no funds in that account, hence why I needed the auto pay removed. This is creating further financial hardship for me."
11830854,2025-01-30,"Payday loan, title loan, personal loan, or advance loan",Charged fees or interest you didn't expect,"ACIMA CREDIT, LLC",TX,"Back in 2021, I "" leased '' furniture with Acima under the assumption that this was a lease. I fell behind on a few payments and was told that i could not return the furniture and was hit unexpectedly with a large payment. For what was originally an ~ {$700.00} set I paid a total of {$1400.00}. at the end of 90 days. 

I also took out another "" lease '' and completed the payment of {$860.00}"
11971890,2025-02-06,"Payday loan, title loan, personal loan, or advance loan",Problem with additional add-on products or services,"Affirm Holdings, Inc",GA,"I was scammed by a company into some services that were never fulfilled. After attempting to contact the company with no success, I opened a dispute with Affirm providing online reviews and information showing the company participates in deceptive practices. I opened this dispute at first citing unsatisfactory product. I provided evidence that the company admitted the product was unsatisfactory. I received a resolution against me and asked for an explanation since I did not receive my full products and what little I had received was unusable. I was told the dispute was closed. I asked for it to be reviewed and reopened since more evidence had come to light in the meantime. I was told there was no way to reopen. The case. In short, I did not receive a product I purchased from a scam group. The dispute process was not thorough enough."
11987912,2025-02-07,"Payday loan, title loan, personal loan, or advance loan",Problem with the payoff process at the end of the loan,Thaxton Investment Corporation,GA,"Heights Finance in XXXX, XXXX XXXX called and requested the payoff amount. The person on the phone verified our address to make sure she confirmed which account to apply the payment. Then gave us someone elses balance to payoff another account. I confirmed the amount to make sure I was paying the right amount and was told yes that amount of {$XXXX} was the correct amount to pay the loan off in full in XXXX. We paid this amount. And later found out that the payment was for someone elses account and they credited that amount to my loan. They advised that there was still an outstanding balance and by them crediting the other payment would move out the due date to XX/XX/2025 for {$XXXX}. I just went in to pay this amount of {$XXXX} to pay it in full only to be told that the balance is now over {$XXXX}. There has been no communication whatsoever from this company since XXXX. In my opinion the {$XXXX} should have been written off due to the error that their employee made. They refuse to do that and refuse to provide who took that payment and applied it to the incorrect account. To me this is fraudulent activity on my account and a breach of contract for privacy information due to my banking information being put in someone elses account information."
12214267,2025-02-25,"Payday loan, title loan, personal loan, or advance loan",Struggling to pay your loan,"Affirm Holdings, Inc",MI,"1. Unfair and Inaccurate Negative Credit Reporting : I am writing to file a formal complaint against Affirm for unfair and inaccurate credit reporting practices. Specifically, Affirm has reported late payments on my credit report, negatively impacting my credit score. 

However, Affirm has never reported any of my previous on-time payments to the credit bureaus. This selective reporting, where only negative information is shared, is fundamentally unfair and misleading. 

This practice creates a skewed perception of my creditworthiness, as it only reflects negative events without any corresponding positive payment history. 

2. Lack of Consistent Reporting Standards : It is my understanding that Buy Now, Pay Later ( BNPL ) companies, including Affirm, should not report negative information if they have not consistently reported positive payment history. This is based on the principle that a complete and accurate credit profile requires a balanced representation of both positive and negative financial behavior. 

Many consumer advocacy groups and financial experts have raised concerns about the inconsistent reporting practices of BNPL companies. Reporting only negative data creates an incomplete and potentially damaging picture of a consumer 's creditworthiness. 

It is my understanding that the CFPB has been looking into the BNPL sector, and the unfair practices that are being used. 

XXXX. Difficulty Accessing Assistance During Financial Hardship : Furthermore, Affirm does not provide easily accessible avenues for customers to seek assistance during periods of financial hardship. 

Navigating their customer service channels to request payment arrangements or other forms of support is unnecessarily difficult and frustrating. This lack of transparency and accessibility exacerbates the negative impact of late payments, particularly during unforeseen financial challenges. 

I have attempted to contact them and have received no assistance."
12370183,2025-03-07,"Payday loan, title loan, personal loan, or advance loan",Problem when making payments,JPMORGAN CHASE & CO.,NJ,"I had a personal line of credit ( PLOC ) with the XXXX XXXX XXXX. The PLOC was sold to JP Morgan Chase as part of the sale of XXXX XXXX. Subsequently, JP Morgan Chase put XXXX in charge of servicing my PLOC. 

XXXX, which is servicing my PLOC on behalf of JP Morgan Chase, has withdrawn from my bank account ( XXXX XXXX XXXX checking ) to pay off the entire loan amount ( {$25000.00} ) without my authorization on XXXX XXXX XXXX. 

This mistake by XXXX has resulted in an overdrawn status for my checking account as well as delinquent payments for my mortgage payment, credit card payments, etc. 
I noticed this mistake by XXXX on XX/XX/XXXX, when I was notified by my bank ( XXXX XXXX XXXX checking account ) that my balance was below zero. I called the XXXX customer service to reverse their mistake, and I have not heard back from XXXX to correct this mistake. 

I am shocked to learn about the lack of controls at XXXX, which allowed this type of mistake to be made by a customer service agent, and I am even more shocked by the lack of response and communication from XXXX in terms of resolving this issue as soon as possible. As I understand that XXXX is a servicing entity, but the PLOC is owned by JP Morgan Chase, so I am filing my complaint against JP Morgan Chase, who is responsible for choosing the servicing company.

Due to their mistake, my credit score is suffering tremendously, which will result in higher interest payments for future mortgages, missed investment opportunities, mental stress, embarrassment, and mistrust in the financial institution."
12424267,2025-03-11,"Payday loan, title loan, personal loan, or advance loan",Getting the loan,FIFTH THIRD FINANCIAL CORPORATION,FL,"I had a solar system installed at my primary, XXXXhomestead residence around XXXX XXXX Dividend Solar provides loans for home solicitation sales of solar systems in Florida. I was sold a system by XXXX XXXX that was financed through Dividend Finance. The contract I signed with XXXX XXXX, and that was also forwarded to and signed by Dividend Finance is NOT the system I was delivered. I complained many times about the system not producing what I was expecting and the solar company kept trying to sell me more panels. Through much effort and research, I determined that the solar company had undersized my solar inverters. While doing so, they guaranteed on the attached contract to deliver me a XXXX system. That is the size system that Dividend Finance sent me a letter of completion about on XX/XX/year>. I have come to find out that the solar system size is in fact XXXX because that is the maximum that the inverters will produce. I was very adamant throughout the process that I was comparing systems based on total potential XXXX production and the system size told to me was XXXX and that is what I was expecting. I was not expecting a system, that under ideal conditions, would only product XXXX - that is a 33 % under sizing. Not only that, but I also think that they do this purposely, so the system underperforms, and they can sell you more panels. Every time I call to complain, I am bombarded for weeks with daily marketing calls trying to sell me more solar panels, and the only reason I need them is because they did not install the system we contractually agreed to. I think they target veterans in the area because they know we often have to move and can't be caught in the middle of a loan/credit dispute on a residence. They also target elderly in the area with high-pressure tactics, confusing contracts, and contracts that they downright lie about- they installed a similar system with the same contract errors on my mother 's house in the same neighborhood. My contract unambiguously states XXXX production- it does not state that is the panel size, it does not state that the inverters do less, it states XXXX - that is what I was sold, that is what I was charged for, but that was not delivered. I want this loan cancelled and the panels promptly removed from my house at Dividend 's and XXXX 's expense. 

In dealing with XXXX, with them trying to hide this fact, I've discovered that they appear to be systemically and purposely under sizing inverters ( beyond that recommended by best practices or the manufacturing specifications ) in order to charge consumers more, while taking advantage of federal tax incentives. I have years of usage data to support this, as well as an "" engineering document '' that XXXX uses to try to undermine this claim. However, this document, unsigned and supposedly from XXXX, contradicts itself and the tables used to illustrate that under sizing is not an issue, in fact show that it is ( whoever put it together was not qualified to interpret the data ). My particular system design has panels so much larger than the inverters, that not only is it inefficient, but it is also potentially dangerous due to early component failure. XXXX 's response to me was to try to sell me more solar panels. I had them conduct another evaluation on a rental property of mine, and when I brought up the design issue of under sizing inverters, they immediately corrected it, of course, in order to get my business. So, I have one design from XXXX that they say has to be 35 % undersized and another one where that is not the case at all. Solar is supposed to be about resource-consciousness and efficiency, not fraud and greed. I've collected all the documents needed to show my personal claim, and for what I believe is a systemic fraud by a company going door-to-door, often targeting seniors, failing to deliver contractual obligations, and hiding behind pseudo-science writeups to defend those practices. I think this is a very concerning case and I look forward to your reply."
12441729,2025-03-12,"Payday loan, title loan, personal loan, or advance loan",Struggling to pay your loan,"Select Management Resources, LLC",TX,"I am submitting this complaint against XXXX XXXX XXXX, located in XXXXXXXX XXXX, regarding a car title loan that has resulted in an excessive and unreasonable amount of interest charges. The company 's lending practices appear to violate federal and state regulations, including potential violations of the Truth in Lending Act ( TILA ) ( 15 U.S.C. 1601 et seq. ) and Unfair, Deceptive, or Abusive Acts or Practices ( UDAAP ) provisions under 12 U.S.C. 5531. 
Details of the Complaint Loan Amount : {$1500.00} Loan Date : XX/XX/year> Interest Charged to Date : {$13000.00} + State of Residence : XXXX XXXX Contact Information XXXX XXXX XXXX XXXX XXXX XXXX XXXX Despite making regular payments, the interest accrued has reached an unreasonable amount, causing significant financial distress. Upon reviewing my loan terms, I believe the company has engaged in predatory lending practices, including : Excessive and Unlawful Interest Rates The company charged an XXXX far exceeding reasonable and permissible limits under XXXX  XXXX, possibly violating XXXX XXXX XXXX XXXX governing credit access businesses. 
Failure to Clearly Disclose Loan Terms Under TILA ( 15 U.S.C. 1638 ), lenders must provide clear and accurate disclosures regarding finance charges and APR. The terms provided were misleading, and the full cost of the loan was not properly explained. 
Unfair, Deceptive, or Abusive Acts or Practices ( UDAAP ) The companys structuring of the loan terms resulted in a cycle of debt, where payments were primarily applied to interest rather than principal, a practice potentially violating 12 U.S.C. 5531 under the Consumer Financial Protection Act ( CFPA ). 
Failure to Provide Reasonable Repayment Options The company has not provided reasonable options to settle the balance without accumulating excessive fees, trapping borrowers in continuous debt."
12595203,2025-03-21,"Payday loan, title loan, personal loan, or advance loan",Charged fees or interest you didn't expect,OneMain Finance Corporation,IL,I wanted to know if the XXXX XXXX interest rate could get better with good payment history and they said no its the law. So I was going to try another loan company with a better interest rate they said I could not transfer to another loan company.
12668177,2025-03-26,"Payday loan, title loan, personal loan, or advance loan",Problem with the payoff process at the end of the loan,"Duvera Billing Services, LLC",TX,"I signed up for a loan with EasyPay to cover car repairs in XXXX of XXXX. I was told I had XXXX  days to pay interest fee, and an automatic withdrawal was set up. What I was not told is that the autopay is not high enough to cover the XXXX  day requirement, so now there appears to be a ridiculous amount of interest being charged, and no clear instructions on how to pay it off early."
12745936,2025-03-31,"Payday loan, title loan, personal loan, or advance loan",Incorrect information on your report,"Marlette Funding, LLC",GA,XXXX XXXX sold this account to XXXX XXXX XXXX after they negotiated a lesser settlement amount with my attorney during a debt consolation. XXXX XXXX has placed it into collection. Only XXXX and XXXX are reporting it. According to the fcra and by law it should be removed because all three bureaus are required to report the same thing.
12828941,2025-04-05,"Payday loan, title loan, personal loan, or advance loan",Getting a line of credit,OneMain Finance Corporation,MN,"I applied for a loan with One main financial company for a personal loan for about XXXX dollars for bathroom repairs on XX/XX/XXXX. They asked me to send over my paystubs and other documents for verification of income. The woman called me back a few days later to inquire about why there were not any taxes taken out of my checks for one of the companies I submitted to her. I explained that I was not required to pay taxes on the income I received. She told me that she would have to check with her supervisor to find out if they could use income that did not have taxes withheld and would call me back XX/XX/XXXX. I received a call back from her on XX/XX/XXXX stating my loan was denied because they could not verify my income. However, I have reason to believe I was denied because I did not have taxes taken out of my check. The company I work for is a reputable company, and they would have provided proof of income if they would have verified with the company. I purchased a home with the same income with no issues. but since there were not any taxes taken out of my check I was denied and that is not fair."
13547315,2025-05-16,"Payday loan, title loan, personal loan, or advance loan",Problem with the payoff process at the end of the loan,"Bliksum, LLC",TX,"I took out a {$5000.00} installment loan from XXXX ( XXXX XXXX. XXXX ) in XX/XX/XXXX with a XXXX XXXX XXXX I paid $ XXXX until XX/XX/XXXX. The loan was modified to $ XXXX and XXXX XXXX interest starting XX/XX/XXXX. 

Despite this, LoanMe ( or related entity ) is still withdrawing {$88.00} monthly, including the most recent on XX/XX/XXXX, shown as LOANMEBPIISA on my bank statement. 

XXXX website and customer service are inactive. I can't stop the automatic withdrawals or get any response. XXXX requesting an investigation into unlawful overcharging and continuing debits. 

I want all further withdrawals stopped and a full audit of what was charged vs. what was owed. 

XXXX XXXX XXXX"
13552387,2025-05-16,"Payday loan, title loan, personal loan, or advance loan",Received a loan you didn't apply for,"CashRepublic Holdings, Inc.",GA,"I am submitting a complaint regarding a fraudulent loan account reported on my credit by XXXX XXXX. The account was opened in XX/XX/year> for the amount of {$3300.00}, and it was done without my knowledge, authorization, or consent. I did not apply for this loan, receive any funds, or sign any agreement with XXXX XXXX 

I believe the loan was fraudulently taken out by my former spouse while we were still legally married. She had access to my personal information and used it to apply for this loan online without telling me. I was unaware of the existence of this account until I recently reviewed my credit report. I have never had any direct interaction with XXXX XXXX  and have not made any payments on this account. 

I have already filed an identity theft report through the FTC, which is attached, and I am in the process of disputing the account with the credit bureaus. I am requesting that XXXX XXXX fully investigate this matter and that the account be removed from my credit report as it was opened fraudulently. I am also asking for confirmation in writing once this issue has been resolved."
13575193,2025-05-18,"Payday loan, title loan, personal loan, or advance loan",Charged fees or interest you didn't expect,"Tilt Finance, Inc.",AL,"There were several issues that arose with Empower Finance with my Personal Line of Credit account XXXX. First of all, there was a membership fee of {$8.00} that was required to open the Thrive account, on top of the 35.99 % interest rate. They made it seem as though the membership could be cancelled at any time. However, this was not true. When I tried to cancel the membership in XXXX & XXXX XXXX, I was given an error message that I could not cancel until my line of credit was 100 % paid off ( including interest ). I continued to use the app because at the time I was low income and unable to repay the loan in full. My limit on the line of credit was {$320.00}, and I made payments to get the balance down to only {$130.00} by XXXX XXXX In XXXX they charged my account in unexpected ways ( breaking up the amounts withdrawn ) leading to my bank account becoming overdrawn which incurred fees I could not repay. My bank account was closed, and I reached out to Empower near the end of XXXX to try to repay the {$130.00} balance through other means when I started a new job making a little better money, but they would not accept my new bank account in the app because it is through XXXX. I tried to make arrangements through their Support in the app but was met with a chatbot who only responds to certain prompts. I tried to email them and never received a response. I would have even be willing to send a money order in the mail to repay this amount, but they refused to work with me to get this matter resolved, and have been using their ability to report to Credit Bureaus as retaliation. They reported the balance to collections and have been reporting the most serious Derogatory remark to all major credit bureaus ( even after they charged off as profit/loss ) which has negatively impacted my credit score. There are inaccuracies with their reports as well. All in all, I feel like the company took advantage of me ( the customer ) from the get go by not disclosing the full nature of the agreement and by charging exorbitant interest and fees, trapped me ( the customer ) with their subscription fees ), refused to communicate with me so that I could make arrangements on the amounts owed, and then reported the balance ( which I tried to pay off but was not given the opportunity to ) to the credit bureau with the most severe remarks."
13826797,2025-05-31,"Payday loan, title loan, personal loan, or advance loan",Improper use of your report,OneMain Finance Corporation,TX,This establishment ran my credit 5 times and didnt give me a credit card or loan!!
14077110,2025-06-15,"Payday loan, title loan, personal loan, or advance loan",Incorrect information on your report,"RFNA, LP",AL,"This company has put the wrong amount of {$5300.00} owed on my credit report. It is the wrong amount reporting on my credit report. The loan date is for XX/XX/year> ; I am writing to formally dispute the validity and continued reporting of the alleged debt referenced above, which has been reported by your company on my credit report. This negative item is causing significant harm to my ability to obtain credit and secure housing for my family, and I demand its immediate removal. They have failed to comply with your obligations under the FDCPA,15 U.S.C.1692 et seq, FCRA.15 U.S.C 1681 et seq never received such notice of the debt within five days of initial communication. No Notice of Debt Was Provided 15 U.S.C. s1692g ( a ). This debt is causing undue harm and hardship to by damaging my credit score which is impairing my ability to obtain housing for my family. I demand following ; Immediate cessation of all credit reporting related to this account."
14128212,2025-06-17,"Payday loan, title loan, personal loan, or advance loan",Problem when making payments,"Affirm Holdings, Inc",TX,"I agreed to a 12-month loan through Affirm for a {$4900.00} purchase. I made an early payment of {$2500.00} expecting to reduce my monthly payment amount, but Affirm unilaterally shortened my loan term without clear communication or consent. Their support team repeatedly gave misleading or conflicting answers. One representative even told me it was possible to reduce my monthly payments, only for that to be walked back later. Their practices lack transparency and flexibility, and they refused to honor the original loan structure despite admitting fault. 

Loan ID : XXXX"
14149008,2025-06-19,"Payday loan, title loan, personal loan, or advance loan",Charged fees or interest you didn't expect,"Opportunity Financial, LLC",VA,Interest is 160 %. I didnt realize this when I applied for the loan. Ive been paying {$440.00} a month for a {$3000.00} loan and wont have it paid off for years
14244636,2025-06-23,"Payday loan, title loan, personal loan, or advance loan",Problem with a company's investigation into an existing problem,SECURITY FINANCE CORP,MO,"I reached out to Security Finance asking them to validate the alleged debt they say I owe, they received my letter on XX/XX/year>2025. I received a letter dated XX/XX/scrub> 2025 that DID NOT include ALL of the documentation that I requested for the alleged debt to be validated."
14277529,2025-06-25,"Payday loan, title loan, personal loan, or advance loan",Struggling to pay your loan,WLCC,MI,"XX/XX/year> XXXX XXXX  text attempting to contact me about my XXXX  account. I responded with my attorneys information. 
XX/XX/year> XXXX from XXXX  wanted to offer me a settlement solution and I responded with Im filing XXXX  and the information I sent was my lawyers information. 
XX/XX/year> XXXX reached out again to offer me a discount if I paid XXXX XXXX that day and I responded with lawyers information again and said Im filing XXXX. 
XX/XX/year> XXXX texted again to offer me another special deal. I responded with you have been given my attorneys information I dont know why you keep contacting me. They asked for my XXXX  paperwork and I said my lawyer handles all of that. 
XX/XX/year> XXXX texted me for payment and I didnt respond. 
XX/XX/year> XXXX texted again to offer me a settlement and I said do not contact me again you are aware I have an attorney. She responded and asked me to submit my XXXX  paperwork and I said you have my lawyers information do not contact me again. She said I have escalated your account and attorneys information to the concerned team and she said that once my account was marked all future communication would be stopped. I responded with harassment. 
XX/XX/year> XXXX texted again offering a special to get me to pay but at the bottom of her text it said reply stop to opt out. I responded with stop and they responded with youre opted out of explore credit alerts. No more text messages sent. 
XX/XX/year> XXXX from XXXX  texted again to offer me a half off settlement. I responded with Im going to sue you. XXXX said that she was sorry but my attorney didnt share any XXXX  documents with them yet. To which I said she is on vacation until XX/XX/XXXX. I have asked you repeatedly to contact her and to stop contacting me. When shes back I am going to see what I can do about you harassing me. 
XX/XX/year> I received an email from XXXX at XXXX  to let me know that they have created a simple and stress free way to resolve my debt. I responded and said contact my lawyer not me and I also said have a great night. 
XX/XX/year> XXXX sent a follow up email to let me know that I had to submit all of my XXXX  information to them and to include them in my reply. To which I responded I have given you my XXXX  attorneys information numerous times. It is not my responsibility to do all of this for you. She has advised me to keep any and all communication from your company. I also said that I knew that once I told you I had a lawyer, which I had done numerous times, you need to contact her. I said do not contact me again your harassing me. He responded and asked me to confirm my attorneys details again so they could update their records and reach out to them directly. I didnt respond. 
XX/XX/year> XXXX from XXXX  texted to help me find the perfect payment plan. I said you keep harassing me and I have a lawyer. Harassment is illegal and I have asked you to stop and you havent. I followed that up with lawsuitshe replied this is for your active loan with explore credit and I said that I have a lawyer that is handling my XXXX. You havent stopped harassing me. I have sent my lawyers information and you keep harassing me. She asked me to submit my XXXX  paperwork and I told her to leave me alone. 
XX/XX/year> Text from XXXX  that said my ach was inactive but not to worry because they had flexible payment options to fit my needs. I responded with Im suing you for harassment. Dont XXXX contact me again. 
XX/XX/year> Another text to let me know my ach payments were no longer active but they had flexible payment plans. I said Im suing the XXXX XXXX XXXX out of you. 
XX/XX/year> XXXX from XXXX  wanted to discuss payment options with me because my ach was inactive. I asked her if there was a reason they kept harassing me. I have told you repeatedly I have filed for XXXX  and have given you the information and I sent stop to stop receiving texts then I get a message that they stopped and then you start texting me again. XXXX XXXX XXXX isnt a joke and Im suing you. Then she asked me to submit my XXXX  paperwork. I said again, contact my lawyer I have already shared the information with you. I am suing you. She then said until you share the documents we wont have your lawyers information. I said that is your fault. My lawyer has sent out all of the notifications. Again stop contacting me. They said they were currently waiting to receive my XXXX  documents and to have my attorney contact them or for me to upload my XXXX  paperwork. I said stop contacting me and received the text message core collections XXXX : you have opted out and will no longer receive messages. 
XX/XX/year> XXXX from XXXX  texted because my auto pay was inactive and to call them to discuss payment options. I said I love that I have saved all of these messages of your company harassing me. My lawyer had already contacted you. Ive already been to court for my XXXX  and you keep harassing me. Why do you keep harassing me? She said because they didnt get my XXXX  documents from my attorney. I said yes she has I have proof of all of that. You guys are XXXX. I have repeatedly asked you to leave me alone and you havent. Every text message is proof of harassment. You keep digging deeper. She asked if she could know when the XXXX  documents were shared and I told her to find it in XXXX  court under my XXXX  name and to leave me the XXXX XXXX XXXX alone. 
XX/XX/year> XXXX from XXXX  texted to let me know my auto pay was inactive and to contact them to discuss payment options. I didnt respond. 
XX/XX/year> I received a text that said my payments were inactive and a lower payment plan could put me back on track. I didnt respond. 
XX/XX/year> XXXX from XXXX  texted to let me know that they noticed I missed several payments and before it was reviewed by their legal team or possibly reported to the credit bureau he wanted to offer me a chance to settle with a special discount. I said that I have kept every piece of communication from you people and I want to pursue my own legal action and have asked my attorney if I can sue you for harassment. Please take me to court so you fools can look even more stupid. He then asked if I needed a copy of the loan for reference. I said no my attorney already has that and you have been harassing me for months knowing I filed XXXX  in XXXX. He then asked if I shared the documents with them and if I hadnt then he request that I do. Once they receive it they will mark my account accordingly. I said my lawyer actually sent out another correspondence XXXX XXXX  ago. You were already notified and given all of the information. I told her that you were harassing me and she sent out another letter. He asked me to confirm my attorneys email address so they could identify the documents that were shared and I told him to stop contacting me. To do your job and leave me alone. XXXX XXXX of harassment. I was clearly wrong when I said XXXX XXXX It goes back further than that. The response I received from them was core collections : you have opted out and will no longer receive messages. 
XX/XX/year> XXXX from XXXX  texted to let me know that he noticed I missed a few payments on my account and wanted to connect before it moves to the next stage .. he said lets take a moment to find a solution -Im confident we can sort this out. I didnt respond. 
XX/XX/year> XXXX texted again to see if I was interested in closing my XXXX  account and if so reply to learn about the available options. I said when your company is sued for harassment do they list everyone that keeps contacting them and the company or just the company? He said my account has been unpaid for a long time. He was trying to help me close the loan. Then I said I filed XXXX  and lawyer contacted you multiple times. He said we dont have any update regarding that, can you share the XXXX  document? I then said I am filing a complaint with the XXXX and my lawyer is going to the judge. He then said let me update this to our concern team. As we didnt receive any notification from your attorney. Our team will get in touch with your attorney."
8697944,2024-04-04,Prepaid card,Unexpected or other fees,Experian Information Solutions Inc.,DC,"On XX/XX/2024 I called Experian Credit Reporting to request they reverse charges for Experian XXXX XXXX : {$24.00} per month. 

I asked Experian to reverse the charges and cancel the membership for Experian XXXX, they said they will cancel the membership but not reverse the charges. 

They say they will not charge me anymore."
8716846,2024-04-08,Prepaid card,Trouble using the card,AMERICAN EXPRESS COMPANY,NY,"I bought a XXXXXXXX XXXX American Express prepaid gift card and I used XXXX XXXX but I cant use the XXXX XXXX that are left, when I try to it states its been declined."
8730130,2024-04-09,Prepaid card,Trouble using the card,AMERICAN EXPRESS COMPANY,MI,"I was given 4 separate prepaid American Express cards, each with {$500.00} balance ( {$2000.00} total ). This was part of a reward scheme through an airline. I was provided with these cards on XX/XX/2024. 

I was only provided with virtual cards, no physical cards. 

I have been unable to use any of the cards at any online retailer, with the exception of one {$5.00} transaction at XXXX. For any other amount, all cards have been declined. I have tried at different times, multiple different retailers ( including XXXX, XXXX, XXXX ), and multiple different transaction types ( buying other gift cards, buying products ). 

I spent over an hour with customer support at AMEX and no help was provided. One of the cards was closed, but a replacement was not provided as they claimed they were having 'difficulty ' doing so. Their customer portal does often not work. 

The proposed solutions from AMEX were not feasible, including : - Replacing the card due to damage to the magnetic strip ( when I was only provided a virtual card ) - Trying at different retailers ( already tried ) - Trying as a debit transaction ( most online retailers do not offer this option ) - Trying in-store ( only provided with a virtual card ) - Adding to my XXXX XXXX  account and spending through that ( did not work ) From internet searches, this appears to be a known issue by AMEX, and there are hundreds of similar complaints on various internet forums. 

The customer support from AMEX has been incredibly poor. Providing gift cards that are known to not work at most locations ( even those listed on their website as 'accepted ' ) while offering no serious remedy when issues are found is a disgrace."
8771819,2024-04-15,Prepaid card,Trouble using the card,AMERICAN EXPRESS COMPANY,MI,"Ref complaint XXXX Reopening this complaint, as it was not resolved. I missed XXXX calls from the company requesting the card numbers, but was unable to answer as I was at work. I have tried to call them back XXXX times but only reach a mailbox. See attached call logs. The letter they sent did not provide any email address for correspondence. I believe they are intentionally making this difficult to deal with, so that people with relatively small amounts on their cards ( or poor literacy skills ) give up. Ref previous complaint : XXXX Original complaint below : I was given XXXX separate prepaid American Express cards , each with {$500.00} balance ( {$2000.00} total ). This was part of a reward scheme through an airline. I was provided with these cards on XX/XX/2024. I was only provided with virtual cards, no physical cards. I have been unable to use any of the cards at any online retailer, with the exception of XXXX {$5.00} transaction at XXXX. For any other amount, all cards have been declined. I have tried at different times, multiple different retailers ( including XXXX, XXXX, XXXX ), and multiple different transaction types ( buying other gift cards, buying products ). I spent over an hour with customer support at AMEX and no help was provided. XXXX of the cards was closed, but a replacement was not provided as they claimed they were having 'difficulty ' doing so. Their customer portal does often not work. The proposed solutions from AMEX were not feasible, including : - Replacing the card due to damage to the magnetic strip ( when I was only provided a virtual card ) - Trying at different retailers ( already tried ) - Trying as a debit transaction ( most online retailers do not offer this option ) - Trying in-store ( only provided with a virtual card ) - Adding to my XXXX XXXX  account and spending through that ( did not work ) From internet searches, this appears to be a known issue by AMEX, and there are hundreds of similar complaints on various internet forums. The customer support from AMEX has been incredibly poor. Providing gift cards that are known to not work at most locations ( even those listed on their website as 'accepted ' ) while offering no serious remedy when issues are found is a disgrace."
8792047,2024-04-17,Prepaid card,Trouble using the card,AMERICAN EXPRESS COMPANY,NC,"I received a {$50.00} prepaid AMEX gift card as a graduation present in XXXX of XXXX Card says expiration date of XX/XX/year>, Ive tried to use it multiple times, all with purchases UNDER {$50.00} and doesnt work. Followed advice found online to try to add to my XXXX wallet and still doesnt work. What is the point of a prepaid card if you cant use it for anything!"
8991151,2024-05-12,Prepaid card,Trouble using the card,AMERICAN EXPRESS COMPANY,IN,"Hello! I received 2 American Express gift cards, one through my employer, XXXX and the other through a coworker as a gift. One is a physical card, worth {$1000.00} and was received in the mail between XX/XX/XXXX & XX/XX/XXXX. The other, worth {$750.00}, was received digitally on XX/XX/XXXX at XXXX XXXX. 

I attempted to use these for discreet purchases on XX/XX/XXXX, XX/XX/XXXX, and XX/XX/XXXX, and more, both online and in-store. I attempted to add the cards to my XXXX account and XXXX XXXX. I attempted to make purchases through XXXX, XXXXXXXX XXXX XXXX XXXX XXXXXXXX XXXX, and XXXX XXXX a subsidiary of XXXX ). Purchases ranged from {$75.00} to {$750.00}. Each of these transactions was declined. 

Upon doing further research in online message boards ( https : XXXX ) and other online platforms, I learned that other consumers were affected by the same challenge. I contacted American Express XXXX XXXX at XXXX on XX/XX/XXXX at XXXX XXXX. I requested a declined transaction history and other details, which the support rep was unable to provide digitally, but did provide verbally. The support rep informed me my issue had been entering the card number incorrectly. This is not the case, as it was declined both in-store and online. Following this unsatisfactory support experience and learning more about the experiences of others, I decided to file with the CFPB."
9204153,2024-06-07,Prepaid card,Unexpected or other fees,"Credit Karma, LLC",MO,Credit karma institution took my IRS money and close my account for no reason at all. Try to dispute but was denied XXXX  XXXX took my SSI for one month and I disputed it they would denied me my claim and provisional credit and this is still an ongoing thing of disputing transaction
9217275,2024-06-11,Prepaid card,Unexpected or other fees,"BANK OF AMERICA, NATIONAL ASSOCIATION",CA,I had obtained a XXXX XXXX XXXX XXXX XXXX XXXX XXXX  and was paid by the XXXX for the pandemic unemployment benefits which I had been a victim of identity fraud and my money was stolen from my bank account. I reported it and I have been denied more than XXXX  times although I provided documents of hospital stays where my account was hacked during a long stay in the hospital and I provided supporting police reports.
9220879,2024-06-10,Prepaid card,Trouble using the card,FISERV FINXACT CORE,CA,"On XX/XX/2024 my California EDD benefits were load onto a Monet Network prepaid card, I attempted to transfer my {$580.00} to my external bank account. My bank account was verified and approved for transfers within my Money Network account. I checked my bank account on XX/XX/2024 expecting my funds to be available as they have been the previous two times. I realized I was locked out of my account with Money Network and was prompted to call customer service for Money Network, I was informed that suspicious active had occurred and they are closing my account, XXXX was the operator assisting me. I asked what kind of suspicious active, the operator said she didn't have access to that information. I asked to speak with the fraud department and was told I could not. I asked to speak with a supervisor and was placed on a 20 min hold then hung up on. I called back didn't get that operators name, it was a man, I was told I would receive a check in 14 days. This situation has put a financial strain on me and my living situation. Edd informed me that I had to file a complaint with Money Network since the funds was already transferred to their company. As I type this complaint I've been on hold with Money Network for 45mins. I need my money with interest."
9238651,2024-06-12,Prepaid card,Trouble using the card,Incomm Holdings Inc.,MI,The card is declined every time I attempt to use it.
9332032,2024-06-25,Prepaid card,Trouble using the card,AMERICAN EXPRESS COMPANY,WI,I have a {$25.00} American Express eGift card that I am unable to use ANYWHERE. I have tried using it numerous places with no success.
9404058,2024-07-02,Prepaid card,Advertising,"Block, Inc.",TX,"I was looking to use cash appXXXX XXXX XXXX offer. When going to cash app to apply the offer, I click the offer and it says shop where activate would have been! AS I TRIED TO TELL THEIR REPRESENTATIVES, this exact process would happen with XXXX offers where you go to apply the offer and it redirects you to the actual app that the offer will be applied to! 

Well it redirected me to XXXX app with shop Cash app reps will not speak to this! They keep saying I wasnt supposed to have another offer active.. I didnt! They say I was supposed to activate it before purchasing- I did! They wont say anything else just disconnect!"
9482576,2024-07-12,Prepaid card,Problem with a purchase or transfer,"BANK OF AMERICA, NATIONAL ASSOCIATION",CA,"My roommate of years was activateing my cards using them without my consent, I have sent in over 100 pages of documents stating the fraud did to me not only with this account but over 20 others. I've been asking for proof it was me and bank of America has not sent me one document from any merchant stating that it was me using my funds I did not give my roommate consent to use my credit or cards at any time, she new I have a kid with XXXX and I was saving for a car to get him to his much appointments. Please help me with this situation"
9628025,2024-07-25,Prepaid card,Problem with a purchase or transfer,AMERICAN EXPRESS COMPANY,CA,"My Account Available Balance {$0.00} Card Number : XXXX Expiration Date : XXXX/XXXX Status : ACTIVE Original Value : {$100.00} Print Icon Print Transactions Check balance for another American Express Gift Card Balance & Transactions Balance Summary XXXX Thru XXXX Value $ XXXX Transactions $ XXXX $ XXXX $ XXXX Balance {$0.00} Transactions XXXX XXXX XXXX XXXX XXXX XXXX XXXX XXXX XXXX XXXX XXXX XXXX XXXX XXXX XXXX XXXX XXXX XXXX XXXX XXXX XXXX XXXX XXXX XXXX XXXX XXXX XXXX XXXX XXXX XXXX XXXX XXXX XXXX XXXX XXXX XXXX XXXX XXXX XXXX XXXX XXXX XXXX XXXX XXXX XXXX XXXX XXXX XXXX XXXX XXXX XXXX XXXX XXXX XXXX XXXX XXXX XXXX XXXX XXXX XXXX XXXX XXXX XXXX XXXX XXXX XXXX XXXX XXXX XXXX XXXX XXXX XXXX XXXX XXXX XXXX XXXX XXXX XXXX XXXX XXXX XXXX XXXX XXXX XXXX XXXX XXXX XXXX XXXX XXXX XXXX XXXX XXXX XXXX XXXX XXXX XXXX XXXX XXXX XXXX XXXX XXXX XXXX XXXX XXXX XXXX XXXX XXXX XXXX XXXX XXXX XXXX XXXX XXXX XXXX XXXX XXXX XXXX XXXX XXXX XXXX XXXX XXXX XXXX XXXX XXXX XXXX XXXX XXXX XXXX XXXX XXXX XXXX XXXX XXXX XXXX XXXX XXXX XXXX XXXX XXXX XXXX XXXX XXXX XXXX XXXX XXXX XXXX XXXX XXXX XXXX XXXX XXXX XXXX XXXX XXXX XXXX XXXX XXXX XXXX XXXX XXXX XXXX XXXX XXXX XXXX XXXX XXXX XXXX XXXX XXXX XXXX XXXX XXXX XXXX XXXX XXXX XXXX XXXX XXXX XXXX XXXX XXXX XXXX XXXX XXXX XXXX XXXX XXXX XXXX XXXX XXXX XXXX XXXX XXXX XXXX XXXX XXXX XXXX XXXX XXXX XXXX XXXX XXXX XXXX XXXX XXXX XXXX XXXX XXXX XXXX XXXX XXXX XXXX XXXX XXXX XXXX XXXX XXXX XXXX XXXX XXXX XXXX XXXX XXXX XXXX XXXX XXXX XXXX XXXX XXXX XXXX XXXX XXXX XXXX XXXX XXXX XXXX XXXX XXXX XXXX XXXX XXXX XXXX XXXX XXXX XXXX XXXX XXXX XXXX XXXX XXXX XXXX XXXX XXXX XXXX XXXX XXXX XXXX XXXX XXXX XXXX XXXX XXXX XXXX XXXX XXXX XXXX XXXX XXXX XXXX XXXX XXXX XXXX XXXX XXXX XXXX XXXX XXXX XXXX XXXX XXXX XXXX XXXX XXXX XXXX XXXX XXXX XXXX XXXX XXXX XXXX XXXX XXXX XXXX XXXX XXXX XXXX XXXX + {$0.00} Note : If you have recently completed a transaction , it may take 15 minutes for your Card balance to be updated. 
Gift Card Tips Dining Out Two Forms of Payment Hello, this is their record of my attempts to use my card. I did try to use this card at XXXX XXXX, and it didn't work. I tried to use it in my XXXX "" wallet '', and it again was not accepted. Lastly, I tried it at XXXX and again it did not work. Each time I tried to use the card I gave the four-digit security code. After so many times of trying to use the card and not being able to, I asked that my money for the card be refunded. The next thing I knew, there was a charge on the card for {$100.00} ( the cards limit ) at a "" XXXX XXXX '' on the XXXX XXXX. I let them know right away ( within 24 hours ). They said they would open a dispute for me. I just got the results of their "" investigation '' a short time ago saying they are denying my dispute and I have lost my {$100.00}!"
9668859,2024-07-31,Prepaid card,Unexpected or other fees,AMERICAN EXPRESS COMPANY,RI,"I am writing to bring to your attention a concerning experience I had with American Express Serv Card Services. As a loyal customer who has been doing my taxes at XXXX XXXX for the past XXXX years, I encountered several unauthorized charges on my American Express Serv Card XXXX years ago. I promptly called to dispute these charges, and I was directed to speak with a representative from the fraud department. 

Unfortunately, my interaction with this representative was highly unprofessional. He insisted that the charges were legitimate and that I was still liable to pay them. His tone was rude, and he dismissed my concerns about compromised passwords and potential phone security issues. To my dismay, he even laughed at my situation. 

In response, I faxed over a detailed declaration of truth along with evidence of the unauthorized charges. Despite my efforts, I faced further challenges. Recently, when I filed my taxes at the same location in XX/XX/XXXX, American Express Serv Card Services informed me that they were holding my tax refund. Their reason? They needed to determine the amount owed due to fraudulent subscriptions that I had been reporting for the past XXXX years. 

I promptly sent a letter disputing their decision to withhold my funds. In this letter, I reminded them that I had reported the subscriptions as fraudulent back in XX/XX/XXXX. Furthermore, I emphasized that withholding my refund was against my rights as a consumer. 

I sincerely hope that my conversations with the fraud department are being recorded, as the unprofessional behavior I encountered was uncalled for. As a responsible cardholder, I seek resolution and fair treatment. 

I still have not received my federal or state income tax checks yet. 

Thank you for your attention to this matter. I appreciate any assistance you can provide in resolving this issue promptly."
9936218,2024-08-27,Prepaid card,Trouble using the card,Incomm Holdings Inc.,MA,"On XXXX I used my XXXX gift card at XXXX XXXX for a small purchase of {$4.00} which was successful. A minute later I proceeded to purchase the rest of my groceries in the amount of {$91.00} at the same store with this same card. The transaction was declined and I had to return my items to the shelf. This was embarrassing. 

The balance on the card was {$210.00} before I used it at this store. 

In order to complete my case the company wants a lot of personal information such as my address, government photo ID, name, birthday. I refuse to share this information, and they do not need it. 

This is the second complaint against the same company and card. They are showing a pattern of consumer abuse where every time I use the card they shut it off. This is preventing me from using my gift and they intended to keep my money."
10001939,2024-09-01,Prepaid card,Problem with a purchase or transfer,Netspend Corporation,AR,"My Paypal prepaid card was stolen and funds were fraudulently taken from my account. I immediately contacted Paypal and filed a dispute with them on XX/XX/year>. I got a notification that I wouldn't get an update for 30 days about my claim, so I would have to wait to even see if my funds could be recovered. I expedited a replacement card and was charged {$25.00} but I never received my card. Now I have been blocked online access and got an email to contact them. I am requesting this claim and situation be governed for constructive fraud due to the tactics used by this company only after a claim was filed."
10153977,2024-09-17,Prepaid card,Trouble using the card,AMERICAN EXPRESS COMPANY,CO,"I have an American Express XXXX XXXX with a balance of {$750.00} issued on XX/XX/2024. I have tried to use it approximately 8 times with different merchants and it has been denied every time. Upon web searching, it seems that everyone experiences this same problem with this company. I tried calling and they say they can't do anything because their systems are down."
10187580,2024-09-20,Prepaid card,Trouble using the card,Incomm Holdings Inc.,FL,ON XX/XX/XXXX2024 AT XXXX i brought a vanilla gift card loaded {$310.00} on there ( im homeless just lost my apt ) was gon na use this for my phone bill and an cheap XXXX many issues and phone calls later i couldn't use my card anywhere. later that day someone got access to my gift card without having the physical card meanwhile i couldn't use the card anywhere online or in store minutes after purchase. after several calls to the company they cant being dishonest and deceitful which is unacceptable today is XX/XX/XXXX i called them to get an update on a dispute case to be told its not dispute case anymore without any notification from them to be hung up.
10579294,2024-10-25,Prepaid card,Trouble using the card,Incomm Holdings Inc.,PA,"On XX/XX/XXXX, I purchased a Vanilla Gift Card valued at {$450.00}. Unfortunately, the next day, the card was lost and subsequently reported missing by someone else. I promptly contacted Vanilla customer support and was provided with Case Number XXXX. They instructed me to send images of the card ( front and back ), the purchase receipt, my ID, and proof of address to their designated email. 

On XX/XX/XXXX, I submitted all the requested documents as instructed. Over the past few months, I have sent multiple follow-up emails, but I have not received any response from Vanilla. Each time I called to inquire, I was told they did not receive my documents, despite my having re-sent them several times."
10642996,2024-10-31,Prepaid card,Problem with a purchase or transfer,Comerica,CA,"I called Direct Express and reported fraudulent transactions made on my card on the day it occurred. I asked if I could fill out or send my information via email. I was told by the first customer service representative that I could only fill out the form she was sending to me in the mail. After a week went by and I had not received the dispute form or my new card I called Direct Express to follow up on my dispute status. I then spoke to another person who did tell me I could send the information by email so I did. My concern was the delay in resolving my claim since they told me I had to get my dispute back to them by XX/XX/year>. This initial misinformation added days to my claim being investigated and getting my funds returned back to me. I live in California and the transactions were made in XXXX MI. The activity on my card verified there is no way I could have made these transactions that totalled over {$800.00}. The provisional credit I was told would not be issued until my dispute would be reviewed on XX/XX/XXXX and my account not credited until several days or weeks afterwards. 

I had my physical card with me at the time of the transaction and had not given my card info to anyone. My overall concern is the speed of returning my funds to me as I was left without resources to make my financial obligations. Direct Express does not have a direct line to file a dispute and a consumer must wait on the phone to get help and often the phone disconnects in the process of transferring to the card dispute area. 

I am on a fixed income and this length in getting a resolution impacts how I am able to live."
10655811,2024-11-01,Prepaid card,Problem with a purchase or transfer,"BANK OF AMERICA, NATIONAL ASSOCIATION",CA,"Back in XX/XX/year> XXXX XXXX XXXX XXXX XXXX charged my card for merchandise I did NOT request. I was told by Bank of America that the charges were pending and NOTHING could be done until they posted. I did not authorize and waited for the transactions to drop. 1 transaction dropped off, but the other did not! XXXX XXXX XXXX even sent a letter to Bank Of America on my behalf regarding this issue. I NEVER received ANY merchandise from this transaction as I did not authorize it! Now Bank of America has denied my claim! Bank of America is well aware that. I did not want to get anyone in trouble but Bank Of America knew those cards were getting compromised and often times REFUSED to give clients their money back! This is the 3rd time this happened with Bank of America!"
10747842,2024-11-10,Prepaid card,Problem with a purchase or transfer,REGIONS FINANCIAL CORPORATION,NY,"I have had fraud on this account and the company is claiming they do not have evidence to support my claim and will not refund my money. I noticed a problem in XX/XX/XXXX when logging in online. I called the company and they told me there was an issue and to call my employer to allow me to sign on. They also said the current card I had ending in XXXX was reported lost. I told them I still had the card in my possession and did not report it lost. At that time I stopped all future direct deposits and requested a new card. The card never arrived. I then received a new card from my employer on XX/XX/XXXX because a new other card never arrived. The card ends in XXXX. I tried to use my card on XX/XX/XXXX and it was rejected. I called and discovered all my money was gone. The company told me the purchases were made with card ending in XXXX. I stated it was not me as I was never in possession of that card. I tried to file a dispute on XX/XX/XXXX but was told I had to wait 7 days. I was able to file the dispute XX/XX/XXXX. Comdata sent me an email on XXXX stating no evidence to support my claim. I have requested the documentation and have not received it yet. I do not even know what "" evidence '' they have to support that these transactions were made by me. You will see the number of times someone got into my account or called Comdata  to change the address to Florida and PA. I do not and never lived in these states. I have only lived in XXXX. The transactions and fees related to this fraud are : XXXX : {$25.00} XX/XX/XXXX : {$25.00} XX/XX/XXXX. {$.00} ( there are XXXX transactions for this amount on this day ) XX/XX/XXXX : {$.00} XX/XX/XXXX : {$16.00} ( includes a XXXX fee ) XX/XX/XXXX : {$990.00} ( includes a {$3.00} fee ) Total : {$1000.00} They did refund me {$25.00} but not sure what for. However, the current balance in the account is {$23.00}. Not sure how it is less then the {$25.00} refunded. 

Comdata 's security measures as utterly pathetic. They only ask for a card number and date of birth when you call in. 

I did not make these purchases and want my money back. I am a single mother with XXXX XXXX  and feel victimized not only by the person ( s ) who have stolen my money but also by Comdata."
10826591,2024-11-17,Prepaid card,Trouble using the card,AMERICAN EXPRESS COMPANY,NJ,"I bought an American Express gift card in XXXX for my mom, it's been over two weeks since I gave it to her and she can't use it anywhere. Every place that she has tried appears as an error, it has been activated and it does have money. I took the card I decided to try for myself and added in XXXX XXXX  tried online nothing works. I have called all the numbers that are available online, even american Express regular numbers. The customer service for gift cards doesn't provide anything that is not automated, it just says go to the page of american express when you have tried to go further. The bank can not help me. I just want a solution since I pay to buy that gift card and it can't even be used."
11170288,2024-12-16,Prepaid card,Trouble using the card,Incomm Holdings Inc.,MA,"This is a follow-up complaint regarding my earlier case ( Complaint ID : XXXX ). 

I sent the requested documents to the company on XX/XX/XXXX and provided an additional document as per their request on XX/XX/XXXX. However, I have received no response from them. When I followed up with their customer service multiple times, and the latest XXXX is on XX/XX/XXXX, I was informed that my case had not been processed at all. Instead, I was told to restart the process entirely, which is both frustrating and unacceptable. 

Issue Summary : I am filing this formal complaint regarding my purchase of XXXX Vanilla Gift Cards, with a total value of {$990.00} ( {$490.00} and {$490.00} ). 

Unfortunately, I have been unable to use these cards due to persistent issues with the company locking the funds. I purchased the gift cards in XXXX, only to find shortly afterward that both cards were inexplicably locked, rendering them unusable. Upon contacting Vanilla Gift Cards customer service, I followed all their instructions, including uploading the requested documents to verify my identity and purchase. Despite my compliance, the company has failed to activate my replacement cards. 

It has now been over XXXX months since my original purchase, and I am still unable to access the funds I paid for. This delay has caused significant inconvenience and financial loss. I find this situation unfair and unreasonable, especially given that I have fulfilled all the companys requirements."
11228208,2024-12-20,Prepaid card,Trouble using the card,AMERICAN EXPRESS COMPANY,CA,"Amex electronic gift card does not work anywhere online despite being advertised as being widely accepted. They say that "" Your American Express eGift Card may be used at US merchants that accept American Express Cards '' on the website, but this is clearly not the case. 

I have tried using it to pay my XXXX XXXX XXXX XXXX XXXX, but now it no longer works as an accepted method of payment. I tried using it at XXXXXXXX XXXX but it was declined. I have also tried using it at XXXX, but it was declined as well and there is a pending hold on the gift card balance. I have tried doing this in the span of XX/XX/year> to XX/XX/year> and no sucessful results. I do not know how I can use theis gift card and without a physical card I can not use it in any retailer. My worry is now the cash is stuck in the account."
11283366,2024-12-20,Prepaid card,Unexpected or other fees,Comerica,GA,I filed a claim actually two claims on XXXX2023 one for the amount of XXXX dollars and the other for XXXX dollars and they obviously told me that they was denying my claims but this form finally got sent to me after I called them on more than several occasions and getting redirected over and over this money was taken on maybe twenty-five or thirty transactions that I didn't make over a two to three months period I couldn't believe that it was actually happening on my government benefits card company but the more and more it happened I got furious and demanded some answers but not that aggressive please help me recover my money and my back pay was mishandled also
11345114,2025-01-01,Prepaid card,Unexpected or other fees,"Block, Inc.",MD,"On XX/XX/XXXX at XXXX AM I was notified by my phone that there was a transaction from Cash App, which made my Cash App balance negative. I immediately looked at the transaction and did not recognize the merchant. XXXX the merchant and got too many answers to even figure out who to contact directly because I didnt make this transaction Immediately afterwards, I contacted Cash App and within a few hours I was denied by Cash App and the reason was I authorize the transaction which is completely untrue. Not only did I not authorize this transaction I do not know who the merchant is I I wasnt even awake when it was made. It wasnt made online or on the phone by me. I also explained to Cash App that they should be able to see that my card was not only locked, but it didnt even have enough funds in the account. I looked up what to do when your account is in negative balance with Cash app and why it happens and none of the reasons were applicable to me. I didnt authorize it. I did not tip anyone and there were any late charges with this merchant."
11357212,2025-01-02,Prepaid card,Trouble using the card,AMERICAN EXPRESS COMPANY,MN,"I received 5 {$100.00} Amex gift cards from a supplier as a thank you. I tried using one of the {$100.00} cards at several different places online and all of my efforts came back as declined or "" couldn't complete transaction '' I called and spoke with customer service and they said the card "" should '' work since it was active with a balance and to maybe try to use it inside a physical store. I tried to use it at a spa and they couldn't get it to work and then I tried to use at a XXXX store and it also couldn't be used. I tried using it several more time at a gas station and a XXXX XXXX. All declined or wouldn't work. How embarrassing! I knew there were funds on this card. I finally googled to see if anyone else had been having this problem with these cards and found a bunch of complaints about them. After following some of the advise on the internet, I was able to add a card to my XXXXXXXX XXXX even though I didn't want to do that. It was more of an experiment to see if that advise from the internet worked. For many people, it hadn't. 
That's insane to me! Why should I have to be restricted to use PRE-PAID cards at certain places or jump through hoops and cross my fingers that one of these places that I try and use this card works. AMEX customer service said they should be accepted and work all places that accept their card. It's quite ridiculous to me that there should be any struggle to use them. They have been nothing but struggle!! If the organization that sent them to me, and paid for them, knew what a pain these cards have been, I am sure they would be mortified that they wasted their money on them and sent them as a gift. THESE CARDS SHOULDN'T EVEN BE ALLOWED TO BE SOLD IN STORES if this is what happens. They are basically fraudulent because they rarely can be used."
11624544,2025-01-19,Prepaid card,Trouble using the card,U.S. BANCORP,CO,"I have XXXX XXXX XXXX XXXX. Both for XXXX I do not believe either of them go ever be used. 

Cant spend, cant check balance. Website looks very sketchy Number says backed by XXXX XXXX, but says no record of card when doing prompts. 

XXXX XXXX XXXX XXXX"
11898255,2025-02-02,Prepaid card,Trouble using the card,"Block, Inc.",TX,Cashapp doesnt provide a live customer service agent to assist with issues
11926825,2025-02-04,Prepaid card,Problem with a purchase or transfer,"Block, Inc.",TX,"This complaint regards cash app. There has been three times, where money has been withdrawn or transferred with out my consent. The first time, {$20.00} got withdrawn or transferred. The second time was {$15.00} it was transferred into XXXX, then withdrawn.the last time was {$35.00} withdrawn or transferred into someone else 's account without my consent. I asked cash app to supply me with records of the transactions but they could not. Please help me with this. 
Thank you"
12095359,2025-02-17,Prepaid card,Problem getting a card or closing an account,"Credit Karma, LLC",TN,"When doing my taxes on XXXX XXXX, I was offered several ways in which I qualified to receive my tax refund. XXXX of which was a XXXX  XXXX  which I selected. In order to receive the refund advance, I was required to open a Credit Karma XXXX Account. When trying to link my existing Credit Karma account, I could not log in due to my phone number needing to be updated.. I contacted support and over the course of XXXX week went back and forth because the system was saying my new phone number was associated with another account. XXXX days and XXXX reps later, I was finally able to update my phone number after submitting to an identity verification process for which a link was sent to me and I successfully completed and it was accepted. I then proceeded to log in and was able to link my XXXX XXXX account and my Credit Karma account. I then confirmed I wanted to open the Spend account and agreed to the terms and conditions. I then received a message stating there were problems verifying my identity and that they were working on a solution. When XXXX was found, someone would contact me to open my XXXX  account. I contacted Credit Karma by the only means possible which is by chat and asked why this was happening given I had just verified my identity. I was told that it was yet a XXXX party bank who was denying me the account. That is not what the error message stated and further discussion made me doubt how knowledgeable the rep really was because they tried to tell me that XXXX XXXX and Credit Karma are not related and have nothing to do with XXXX another. XXXX owns both of them and the rep seemed oblivious to this and offered no help except rudeness in telling me to stop trying to figure out a reason. 
Because support was no help, I turned to online discussion groups to see if anyone had encountered the same problem and was able to overcome the problem. I learned that I am not the only person with this problem and gathered some tips such as making sure my name in Turbo Taxes was an exact match to Credit Karma, that my contact info was the same, use a different browser, and clear my cache etc.. I have tried off and on now for XXXX weeks since I first tried thinking that maybe the glitch would resolve on its own or that maybe enough people had brought their attention to the problem and they would fix it. Unfortunately, that is not what happened. I even contacted XXXX XXXX support and allowed them to remotely access my computer screen as I attempted to open the required pre-paid XXXX  account through Credit Karma. This time, I received a message stating "" we're sorry we can not open a XXXX  account for you at this time ''. It went on to say it could happen for a variety of reasons but did not give the reasons. The rep from XXXX XXXX commented that she had never seen someone unable to open a XXXX  account and was baffled. I contacted XXXX once again and they again told me it was out of their hands. I do not understand this as it is named a "" Credit Karma XXXX  Account ''. During my research of the problem, I learned that it is ongoing since 2022 without any real solution ever been made available. The company has known about the problem but refuses to do something in order to prevent it from affecting others. In all honesty, I do not understand why I have to open a pre-paid account through Credit Karma in order to take advantage of the refund advance option I am approved for if I have an already existing account that the funds can be routed to."
12305619,2025-03-05,Prepaid card,Problem getting a card or closing an account,Incomm Holdings Inc.,CA,"I received a {$300.00} Vanilla Visa gift card on XX/XX/XXXX. When I tried to activate it, I got an error, and the card was declined. I contacted customer service, who said the card was on hold and requested photos of the card, receipt, and ID. I provided everything, but they kept asking for more documents. On XX/XX/XXXX, their website said my case was resolved, but the card still didnt work. Later, they claimed a replacement was sent on XX/XX/XXXX ( XXXX business days ). As of XXXX, no card arrived. A supervisor then admitted no card was ever sent and told me to restart the process. After months of delays, false claims, and conflicting answers, they are now blaming XXXX and refusing to help. I want my funds restored or a full refund. 

Attached are documents that were requested by Incomm during the process. The documents were sent several times at the request of various representatives and supervisors/managers and multiple representatives and supervisors/managers confirmed they were received. Also attached are screenshots of the case status from the companys website, as well as the receipt from XXXX XXXX confirming the purchase and the packaging that came with the gift card."
12437875,2025-03-13,Prepaid card,Trouble using the card,Incomm Holdings Inc.,FL,"Sunday, XX/XX/XXXX I placed an order for XXXX {$500.00} gift cards. The total of this transaction was {$10000.00} which included an activation fee for each card. The purchasing fee for each card is {$5.00}. I was able to activate 5 of the cards and have used 4 of them. The remaining 15 are blocked and will not activate. These have been paid in full and have been processed by my credit card company. I have requested a resolution as I need those cards now but they are telling me that I have to wait and call them back. They have blocked my phone number from activating cards and when I use another phone they have put a block on the cards."
12479977,2025-03-14,Prepaid card,Problem with a purchase or transfer,FISERV FINXACT CORE,CA,"XX/XX/year> - I have tried to activate my XXXX XXXX XXXX XXXX XXXX for the first time. I was unable to. I contacted customer service and verified my identity. I was told the debit card was flagged as suspicious We discovered someone else had already activated the card before me and made unauthorized transactions for the entire {$1300.00} balance in the debit card. I was never notified about the card being activated nor received any notifications about the unauthorized transactions. They opened a customer dispute claim on the same day. 

XX/XX/year> - I received the customer dispute claim forms in the mail XX/XX/year> - I sent in the customer dispute claim forms to XXXX XXXX XXXXXXXX XXXX through email at XXXX XX/XX/year> - I call in the confirm with the XXXX XXXX  Customer Service for XXXX debit card to check if they have received my customer dispute claim. They said that the claim they opened for me was rejected XX/XX/year> and now I need to go through an appeal process that takes XXXX days. The reason why was because of "" due to failure to report the transaction errors timely ''. They rejected my claim before I had a chance to submit my customer dispute claim with the evidence and they never notified me about the unauthorized activation and transaction of my XXXX debit card. 

XX/XX/year> - Filled out an appeal claim for the initial denial."
12566592,2025-03-19,Prepaid card,Problem with a purchase or transfer,Conduent Incorporated,TN,"I received {$27000.00} in back XXXX  at the end of XXXX on my XXXX  Way2go card issued by XXXX XXXX. From XX/XX/XXXX through XX/XX/XXXX there have been {$11000.00} worth of purchases made fraudulently by XXXX people that I know. When I realized these charges on XX/XX/XXXX I immediately called and canceled the card, made a police report at my local sheriffs department. I have tried to contact the card issuer and see if I can recover the stolen money, I am XXXX XXXX XXXX I do not make any purchases online, these people have made online payments to accounts that are in their name, as well as purchasing {$1600.00} worth of charges at an online casino. I can not talk to a human being at any of the phone numbers I have found for the Way2go card or XXXX XXXX. On my statement it says Im FDIC insured, it also says they may contact me if any concerning purchases appear on my card, they never contacted me when the thieves were stealing my {$11000.00}. I had not used the card at all from XX/XX/XXXX through XX/XX/XXXX, on XX/XX/XXXX by balance was {$13000.00} and on XX/XX/XXXX it was {$20.00}. Please I need to speak to someone at the card issuer to try to recover this stolen money. Any help is greatly appreciated. Thanks, XXXX XXXX"
12666047,2025-03-26,Prepaid card,Unexpected or other fees,Chime Financial Inc,FL,Have been trying to get my funds put back into my account I have been dealing a lot of run around when I have sent everything I needed an still they are not accepting the letter
12802745,2025-04-03,Prepaid card,Trouble using the card,Comerica,TX,"I am a senior on retirement and XXXX who was issued a XXXX card for my benefits, I have repeatedly been denied making transactions to online retailers and personal contacts that I have used previously on a monthly basis for at least XXXX years now. When questioned Comerica bank says that XXXX flagged the transaction as fraudulent and there is nothing they can do, when I try to call XXXX and enter my card number their system automatically connects me back to XXXX ( Comerica ) with no resolution. The employee I spoke with at XXXX says that 90 % of her calls are due to this same problem. I pay my roommate rent through XXXX every month and this has happened at least XXXX times in the last year and a half. this just happened again yesterday on XX/XX/year>"
12846125,2025-04-07,Prepaid card,Advertising,"Block, Inc.",NC,"Product : Buy now, pay later Issue : Charged for a product or service you didnt receive / misleading purchase Company : XXXX XXXX XXXX XXXX XXXX 

Complaint Narrative : I purchased a {$400.00} XXXX XXXX gift card through XXXX, fulfilled by XXXX. At the time of purchase, the gift card description and checkout process did not disclose a critical usage restriction : that the gift card can only be applied to new cruise bookings after a deposit is made, and not for onboard purchases or upgrades through the XXXX XXXX XXXX  ( such as beverage packages or excursions ). 

My intent was to use the gift card for my upcoming cruise, which is already paid for. This limitation was not presented anywhere in the XXXX or XXXX purchase flow, nor in the how it works section during checkout. I have attached screenshots showing the misleading flow. 

I contacted both XXXX and XXXX. XXXX referred me to the Terms of Sale ( which were not visible at checkout ), and XXXX has refused to refund or cancel the transaction, even after acknowledging my request and conducting a final review. 

This purchase was made under a false pretense due to lack of full disclosure, and I am now paying off a {$400.00} product that is completely unusable for its stated purpose. 

I am requesting that XXXX reverse or refund the transaction, as it violates fair consumer sales practices and transparency at XXXX XXXX of purchase."
13108414,2025-04-23,Prepaid card,Trouble using the card,AMERICAN EXPRESS COMPANY,IL,"Received an AMEX giftcard and attempted to use on today XX/XX/year> at XXXX, XXXX, XXXX, and XXXX to purchase items. Card declined everytime. 

Tried adding card to XXXX XXXX to use at same retailers and payment still declined. Had over 20 % more left on card for purchase and it continued to decline."
13216185,2025-04-28,Prepaid card,Trouble using the card,AMERICAN EXPRESS COMPANY,TX,"I got a gift card with {$100.00} on it, it was processed at a XXXX in XXXX, CO  on XX/XX/year>. This card was a gift from an employer. I have since tried to use it on several platforms and it does not work. I spoke to someone from the number listed on the card and they pretty much told me to just use it in a store, that there is not way around it. I have the card and I have proof there is funds as well as it showing the card is active, yet it will not work ANYWHERE. I just want the funds to use. 
I tried to use it on XXXX, XXXX, XXXX XXXX, and there is not real reason why it shows it keeps getting declined."
13627823,2025-05-20,Prepaid card,Problem with a purchase or transfer,"Block, Inc.",CA,"Dear XXXX, Recently, you requested the documents Cash App relied on to determine the outcome of the dispute claim you made in case # XXXX, XXXX, XXXX and XXXX.. 
An investigation of your claim submission and account details concluded that this is an authorized transaction, and no error occurred. 
For your reference, we have included a summary of the transaction ( s ) we analyzed in making our determination. In addition, we also reviewed your account/transaction history and profile settings. As a result, your dispute has been denied.

Date Status Amount Last 4 of Card Type Statement Description I RECEIVED REFUND FOR {$92.00} FOR ONLY THIS DISPUTE 1. Date XX/XX/year> at XXXX Status XXXX Captured Amount {$92.00} last 4 of card XXXX Funding Transaction XXXX XXXX XXXX REQUESTING REFUND FOR THE FOLLOWING DISPUTES 2. Date XX/XX/year> at XXXX Status XXXX Captured Amount {$54.00} last 4 of card XXXX Account Funding Transaction XXXX XXXX adelakurpitova XXXX XX/XX/year> at XXXX Status XXXX Captured amount {$54.00} last 4 of card XXXX Account Funding Transaction XXXX * XXXX 4 . Date XX/XX/year> at XXXX Status XXXX Captured amount {$51.00} last 4 of card XXXX Account Funding Transaction XXXX XXXX XXXX TOTAL AMOUNT TO BE CREDITED TO MY ACCOUNT {$160.00} I received a email from CFPB that Cash App would be handling this. So I tried to contact the support dept and was given no information they asked me to go to the help desk they have a statement that at this time they have no information regarding the status of refunds. I called the number on the help desk page and I got the same response they have no status. No live person is able to speak with. I don't see any changes in their customer service. They are not making an effort to obtain the customers that are due funds. The only way to get refund seems to be direct contact with the CFPB."
13799276,2025-05-30,Prepaid card,Unexpected or other fees,REGIONS FINANCIAL CORPORATION,NV,Excessively charging me fees to withdraw money at a fee free arm. Also cancelled card without knowledge than charged a fee for it.
13923924,2025-06-05,Prepaid card,Trouble using the card,AMERICAN EXPRESS COMPANY,NY,"I was gifted an amex gift card. I have tried for months to use it to pay for things. It has been rejected every time. As an example, I tried multiple time to place an order on XXXX on XX/XX/XXXX and the order kept getting cancelled because of the payment method used ( this is one of many attempts, at many retailers ). I have tried so many different things, including charging less that the amount on the card, leaving large balances to account for any temporary holds that might be placed on the card etc. Nothing has worked. I have tried to look for solutions online and have run in to many complaints from people that have run into the same problem as me, where the payment for a purchase kept getting denied."
8800107,2024-04-18,Student loan,Dealing with your lender or servicer,"Maximus Federal Services, Inc.",FL,"I spoke to Aidvantage on the phone on XX/XX/2024 and XX/XX/2024 asking to be taken out of forbearance. They asked me upload a document to the upload center stating that I wanted this to happen. I did. It is not showing my uploaded documents on my account. I also emailed them on them on XX/XX/2024 stating I wanted to be taken off forbearance. They sent an email back on XX/XX/2024 saying I need to call the borrowers defense hotline to do so, which is false. I recently received a mail correspondence stating today ( XX/XX/2024 ) that the DOE requested that I should be put on administrative forbearance, which is not true. Again today, I uploaded a request to be taken off forbearance. I requested to not be placed on forbearance on my original borrowers defense request application. Therefore, they made this choice for me without my consent."
8894390,2024-04-30,Student loan,Dealing with your lender or servicer,"Navient Solutions, LLC.",CA,"In XX/XX/2004, I began taking out private students loans to attend XXXX XXXX XXXXXXXX XXXX XXXX XXXX XXXX XXXX however I was unaware that they were XXXX XXXX XXXX. I was informed by XXXX XXXX XXXX officers that the XXXX XXXX I was receiving was all part of the XXXX programs. I have been struggling to pay those same XXXX XXXX  to this date, almost 20 years and XXXX XXXX XXXX XXXX XXXX in interest later. 
Thousands of XXXX  were scammed by Navient into taking out predatory XXXX XXXX  to attend for XXXX XXXX  such as the one I attended. XXXX XXXX XXXXXXXX are no longer in business due to these predatory practices. 
Because of the numberous claims of fraud and misconduct perpetuated by these for XXXX XXXXXXXX, I was able to file a XXXX 's XXXX claim with the XXXX XXXX XXXX 
I am aware that Navient was sued by XXXX state AGs regarding their predatory lending practices and that XXXX XXXX/Navient were the "" preferred '' lending company in a "" deal '' with those XXXX during the early XXXX. 
I am aware of a "" pilot '' program by which Navient is sending out "" applications '' to "" select '' XXXX who may have filed XXXX XXXX claims against their XXXX and were approved. This application is a sham. Why do we need to prove anything? Navient has all of our information. Under the XXXX "" XXXX XXXX '' Navient is liable for giving predatory loans in connection with for XXXX XXXX 
Time is running out for Navient to do right by XXXX who were scammed into taking out XXXX XXXX XXXX 
XXXX XXXX XXXX has sent a letter to Navient 's CEO asking to discharge these loans now."
8908846,2024-05-01,Student loan,Dealing with your lender or servicer,"Nelnet, Inc.",WA,"Starting on XX/XX/year>, I called Firstmark Services regarding my payment not properly being applied to my loan on the online portal ; I was told that the date of repayment was wrong and began a month earlier. This was an internal system error that also caused my payments to not be applied to the correct date which has resulted in all my statements showing a "" past due '' and "" current amount due '' that is wrong ; I am unable to fix this, even if I pay the entire amount due- I've tried this and it did not fix the issue. 

Since then, I have repeatedly called Firstmark Services to rectify this issue, I've submitted tickets, escalated the tickets, and spoken with supervisors who told me that their team is working to fix it, but its been several months and the issue is no closer to being resolved. I had to personally call them to change the priority status of my loan or else it would have negatively impacted my credit even though its entirely their fault. 

I have been trying to refinance a group of loans including the one serviced by Firstmark Services since XX/XX/year>, the refinancing company I have chosen requested an updated statement showing {$0.00} past due ; Firstmark Services is unable to provide me with this since their system is/has been having issues. Providing a confirmation of payment and current loan statement for my Firstmark Services loan was not a sufficient replacement for this. 

Now on XX/XX/year>, Firstmark Services has still not fixed their internal system issue and I am still unable to get an updated statement with my accurate loan information."
9075936,2024-05-23,Student loan,Dealing with your lender or servicer,"Navient Solutions, LLC.",MA,I have a cosigned student loan for roughly XXXX from The XXXX XXXX XXXX XXXX XXXX that was closed years ago and had multiple class action lawsuits against it for predatory lending practices and deceiving students. All of my Federal Loans have been officially discharged by the government. Navient is still trying to collect a private loan associated with the school. There is a form my father and I have asked for called Navient XXXX XXXX XXXX that they will not send for my private loan ( s ) with them to be discharged as well. I do not owe this loan to Navient. They know fully well these loans to students should be forgiven. I have also filed a dispute with the credit card agencies against Navient. My father has called Navient and they said my school was on the misconduct list they have but they will still not send the application because they know my loan will have to be forgiven.
9279159,2024-06-17,Student loan,Dealing with your lender or servicer,EdFinancial Services,NC,"On XX/XX/XXXX I submitted a student loan payment of {$98.00} to Edfinancial Services web portal for my monthly payment due on XX/XX/XXXX. The webpage informed me that any payment made by XXXX on XX/XX/XXXX would be accepted as on time. I received a confirmation email that my payment was submitted. 
I checked the website again on XX/XX/XXXX and saw that my payment was still listed as "" pending. '' Unsure as to why, I paid another {$98.00}, thinking it might have not gone through the first time. Once again, I received an email confirmation for this payment. 
This morning, XX/XX/XXXX, I checked the website, which still lists both payments as "" pending, '' and that my payment is "" past due ''. Only one of the two payments has been charged to my bank account, and was only posted XX/XX/XXXX, despite me making the payment last week. 

Edfinancial has now listed my payments -- that they confirmed -- as "" past due '' and has not responded to any of my inquiries to resolve this matter. I have emailed and used their online chat services to no response."
9402891,2024-07-03,Student loan,Dealing with your lender or servicer,"Nelnet, Inc.",WI,"on XX/XX/2024 Nelnet withdrew a payment of {$730.00}. that same day onother company brought and satisfied the loan with Nelnet. Nelnet acknowledged there was and overlap and they would issue my payment to the new company XXXX XXXX, but after XXXX phone calls and a lot of excuses no payment has arrived at XXXX XXXX, I understand the overlap and onther company XXXX also took a payment on XXXX. One phone call and XXXX month later my payment was credited to my account at XXXX XXXX. Al I want is my payment that Nelnet took to be credited to XXXX XXXX ... My Nelnet acc. # is XXXX their phone # is XXXX... My XXXX XXXX XXXX # is XXXX their phone # is XXXX. When I call they agree the money was taken but they haven't forwarded it to new company, I don't understand"
9411792,2024-07-02,Student loan,Struggling to repay your loan,"Navient Solutions, LLC.",MO,"I have been consistently dealing with trying to pay down my loans with the income I currently am making. Navient has been deceptive and flat out unhelpful in the process. I've had my loans with them since XXXX  and according to my account, I am set to pay them off in XXXX. My loan amount is currently {$25000.00} but my interest amount is {$38000.00}. Navient has been the most deceptive loan company I've ever dealt with."
9486462,2024-07-11,Student loan,Dealing with your lender or servicer,"Nelnet, Inc.",NC,I submitted claim XXXX in regards to Nelnet. The response was payment was sent to XXXX on XX/XX/XXXX but no proof or confirmation of any kind was provided. I cant track down the payment with XXXX without some proof of payment from Nelnet.
9584803,2024-07-22,Student loan,Struggling to repay your loan,MOHELA,NY,"I have been a XXXX XXXXt and caseworker for XXXX XXXX XXXX XXXXXXXX XXXX XXXX since XX/XX/XXXX of 2008 ( 16 years to date ). I have made well over 120 consecutive payments to Mohela and/or XXXX XXXX XXXX for over 10 years. They have forgiven XXXX of the XXXX student loans. 5 of the last 6 remaining loans have received XXXX payments and the XXXX has received XXXX payments, and have yet to be forgiven. 

I have received conflicting information. Letters I have received state that I have been delinquent in my payments. Further scrutiny on their part will reveal that this is not true. I have received a letter stating that payment is due with a payment schedule enclosed. Another letter I received indicates that my loans have completed a transition to Mohela who will handle my loans. Mohelas outgoing message indicates that my loan is in the hands of XXXX  and Mohela has no information. Upon speaking with a Mohela representative by phone I am told that my remaining loans are in a Mohela induced administrative forbearance, no payment is due, and they are possibly being reviewed for XXXX eligibility. When asked when I might hear from Mohela regarding loan forgiveness the representative stated she was told to say ; the end of summer. When pressed for a more specific or even ball park date for the end of summer the representative said, this is all they told me to say. 

My aim is to retire from my job as soon as I know my loans are forgiven. I have documentation showing over 120 consecutive payments being withdrawn from my bank account in payment for Mohela/XXXXA student loans. My employer for all 10 years has been XXXX XXXX XXXX ( a government institution and PSLXXXX eligible employer ). I am eligible for Loan Forgiveness by MohelaXXXX definition XXXX Please help me obtain confirmation that the last 6 of the 17 loans have been forgiven. 

Thank you, Most Sincerely."
9760309,2024-08-11,Student loan,Struggling to repay your loan,AES/PHEAA,MO,"There has been regular communication with AES, my attorney XXXX XXXX and myself since XX/XX/year> related to AES not providing documents that support the loans meet the criteria of 11 USC 523 ( a ) ( 8 ) of the Bankruptcy Code to be considered non-dischargeable after the completion of a XXXX XXXX  payment plan and received a discharge of debt. My attorney sent them a letter stating this on XX/XX/year> via mail and fax, I also sent this same documentation through certified mail. Our position is that the loans were originally made by a private lender, XXXX XXXX XXXX XXXX and the loans were not funded, in whole or in part, by a governmental unit or non-profit institution as required by 11 USC 523 ( a ) ( 8 ) ( A ) ( i ) to be non-dischargeable. The two proofs of claim do not show any information to meet the requirements to be non-dischargeable. They have not responded with any communication or documentation, yet I still receive phone calls, and past due bills while they continue to turn this into the credit bureau."
9811641,2024-08-15,Student loan,Dealing with your lender or servicer,MOHELA,NY,"MOHELA is my student loan servicer and they have been unreachable since they launched their new servicing portal. I tried to use my old log-in and was told to make a new account. Once I made the new account, I still could not log in. 

I have called MOHELA once a week, every week, for XXXX  months trying to get connected with a representative to make my payments. Each time the call is disconnected by the company after approximately XXXX minutes of being on hold. 

They are still sending me monthly emails letting me know that my payments are late, but will not give me a way to pay them."
9895315,2024-08-22,Student loan,Credit monitoring or identity theft protection services,EdFinancial Services,PA,"EDFinancial Services LLC opened two different student loans for someone posing with my name and SSN in XX/XX/XXXX. I already had a credit freeze on all of my credit in XXXX because I was a victim of identity theft previously in XXXX. No one should be opening credit in my name without checking my credit report - if a creditor were to do that, they would see my credit is frozen and not open the new credit account/loan. EDFinancial Services did not check my credit. Instead, they opened up two loans for someone to attend XXXX XXXX XXXX XXXX in Louisiana. I have never been to XXXX XXXX, I have never lived in Louisiana. If EDFinancial Services had checked my credit report, they would have seen that I have had the same address in XXXXXXXX XXXX  for the last 10 years. I have been employed by the same employer in XXXXXXXX XXXX for the last 8 years. EDFinancial Services allowed someone to fraudulently use my name and SSN to open up new lines of credit because they do not run credit checks on applicants. They should change their policy. This will continue to happen. They are being scammed through this loophole in their practice and policy and they will continue to be scammed. It is not right that I have to jump through hoops to prove that I did not open those loans and did not attend community college in Louisiana last summer. EDFinancial Services allowed me to become the victim of identity theft again- and while I have a credit freeze on my account. It is not right and I want to warn others that this is happening and will continue to happen."
9928193,2024-08-26,Student loan,Dealing with your lender or servicer,MOHELA,NY,"Mohela transitioned my account to their new platform in XXXX. When doing this, they did not transfer over my payments totaling about $ XXXX. This resulted in an increased loan balance back to the original amount, a hit to my credit score, and interest added to my balance as if I hadn't been making my payments. After calling, they said to wait XXXX days and that they could see my payments on their old system. After further communication, they tell me to wait. It's been well past XXXX days and nothing has been resolved."
10106445,2024-09-12,Student loan,Struggling to repay your loan,"Navient Solutions, LLC.",MI,"My issue was with Navient, also back when it was Sallie Mae. At the time, I was in repayment but not making enough money to meet the monthly payments. Their only solution was to defer the loan for months at a time while the accrued interest was added to the principal amount. This created a scenario where Ive been paying on this loan for 14 years now. I did move the loan to a different company since I was sick of dealing with Navient and their unreasonable interest rates which kept me from making any sort of dent in my principal amount. However, enough damage was done back when Navient had control of the loan that Ill be paying this still for many years to come. I can do nothing to get forward in life because of this, and XXXX almost XXXX."
10154567,2024-09-17,Student loan,Dealing with your lender or servicer,"Nelnet, Inc.",IL,Most information I have received are complaints and inquiries including nelnet XXXX XXXX XXXX XXXX discharge. I asked if they could verify the XXXX XXXX XXXX XXXX with XXXX XXXX because the loan status changed from paid to XXXX XXXX XXXX  XXXX Nelnet sent a payment history and said XXXX XXXX XXXX  were not included in the XXXX XXXX XXXX XXXX. Understanned the bann from Federal student aid published on XXXX ( payments ) that XXXX XXXX XXXX XXXX would fall under social security administration to verify XXXX. Nelnet is a different student loan servicer from the payment history sent to me it appears loans were written off more so than paid.
10173828,2024-09-18,Student loan,Dealing with your lender or servicer,MOHELA,CT,"Prior to Mohela taking over, my loans were held by XXXX  XXXX XXXX who I believe incorrectly placed me in a "" mandatory administrative forbearance provided to borrowers for processing supporting documentation '' when I submitted my annual required income recertification paperwork well in advance and on time and/or incorrectly placed me in forbearance when it was not requested. 

XXXX  XXXX placed me in this forbearance without notifying me as I continued to make payments. I am not sure how they coded the forbearance and believe that it was coded incorrectly. I did not request these forbearances and they were not in-school deferments, so it should have been coded as an administrative forbearance or not as forbearance at all since I was never notified of it and continued to make payments and receive bills. I believe they placed me in this forbearance because they wanted time to process me new payment amount, but they also could have done so just completely in error. 

When Mohela inherited my loans, this improper forbearance coding was not corrected. When I called MOHELA to ask about this and clarify what type of deferment or forbearance I was incorrectly placed in during these periods in as well as the recourse available to correct it, they informed me that they only have access to my records from XXXX and that Federal Student Aid is responsible for correcting the XXXX  XXXX XXXX error. 

When I called Federal Student Aid, they directed me back to MOHELA. The below payment periods should be properly coded as a mandatory administrative forbearance or the forbearances/deferments should be removed or waived all together as it was coded in error by XXXX XXXX XXXX XXXX XXXX XXXX XXXX XXXX XXXX XXXX XXXX XXXX XXXX XXXX XXXX XXXX XXXX XXXXXX/XX/XXXX Why was I placed in forbearances or deferments for the above pay periods? How can they be properly coded to administrative forbearance if it was due to XXXX  XXXX XXXX processing income re-certification paperwork that I was required to submit or otherwise processing an Employment Re-certification form? OR alternatively, If the forbearance or deferment was in error, can the forbearance or deferment be waived or removed from my account for these pay periods? I would like to formally request that either the forbearance or deferment be removed from the above pay periods especially since I was not notified of them by XXXX  XXXX and continued to make payments and/or that they be properly coded as a mandatory administrative forbearance."
10253224,2024-09-27,Student loan,Dealing with your lender or servicer,"Maximus Federal Services, Inc.",CA,"On XX/XX/XXXX I submitted an XXXX XXXX XXXX ( XXXX ) application for my federal student loans through the studentaid.gov website. My loan servicer, Aidvantage, confirmed receipt of my application on XX/XX/XXXX. They asked me to provide my income information on XX/XX/XXXX, which I did on XX/XX/XXXX. Aidvantage confirmed receipt of my income documents on XX/XX/XXXX. I graduated from California XXXX XXXX XXXX XXXX in XXXX of XXXX. 

I received no further messages or correspondence of any kind from Aidvantage until XX/XX/XXXX, nearly XXXX ( XXXX ) months later. On XX/XX/XXXX, Aidvantage sent me a letter stating that I had a first payment of {$2400.00} due on XX/XX/XXXX. I immediately reached out to Aidvantage since my income for fiscal year XXXX was only {$21000.00}, to find out how they calculated my monthly payment. 

At that time, I was told that I had selected the "" help '' option when I applied, when I fact I selected the Saving on a Valuable Education ( XXXX ) plan. Aidvantage then told me that my XXXX application was not processed due to my loans being in a grace period since I had just graduated in XXXX of XXXX. I asked for Aidvantage to provide me with a copy of my original IDR application since I am unable to download it and get a "" XXXX page not found error '' when I click on the link to try and download my original IDR application. 

Aidvantage still has not provided me with my original IDR application that I submitted on XX/XX/XXXX, and is now claiming as of XX/XX/XXXX that my IDR application was denied because "" it was submitted through studentaid.gov '' without providing any information as to how a new XXXX application can be submitted through Aidvantage 's website so that it will not be denied. 

Best regards, XXXX XXXX XXXX, XXXX."
10354962,2024-10-05,Student loan,Dealing with your lender or servicer,MOHELA,VA,"On XX/XX/year> the portal showed that XXXX of my loans had a balance due on XX/XX/XXXX for {$55.00}. I turned autopay on and verified on XX/XX/XXXX that autopay was turned on. The page now showed that {$0.00} was due and that {$0.00} was scheduled for XX/XX/XXXX. I know this is not true. No payments had been applied to my balance yet. And regardless of any payments made, autopay will always be pulled on the due date. So problem XXXX ) the amount of {$0.00} scheduled is wrong. Problem XXXX ) the amount due XX/XX/XXXX is wrong, it should have said the actual amount due of {$55.00}. This information is crucial because I am trying not to pay ahead while my employer also makes payments."
10668072,2024-11-04,Student loan,Getting a loan,AES/PHEAA,CA,"Thousands of students were scammed by American Education Services ( AES ) into taking out predatory private loans to attend for profit schools such as the one I attended, XXXX XXXXXXXX XXXX XXXX XXXX XXXX XXXX XXXX  ). As a matter of fact, The XXXX XXXX was investigated by The U.S. Department of Education. 
Because of the numerous claims of fraud and misconduct perpetrated by these online for profit schools, such as XXXX  XXXX XXXX, I was able to file a Borrower Defense claim with the Dept. of XXXX against XXXX XXXXXXXX XXXX, and my Fed. loans of {$48000.00} were discharged and my credit repaired.

My Borrower Defense Claim was also part of the XXXX XXXX XXXX  settlement for which I was a full class member. 
I am aware that Pennsylvania Higher Education Assistance Agency ( PHEAA ) was sued by XXXX state AGs regarding their predatory loans to attend these online for-profit schools and that AES was XXXX "" preferred '' lending company in a "" deal '' with these schools during the early XXXXXXXX XXXX These private loans with a high risk of default were part of a package deal offered to "" for profit online schools ''. But loans made to students in states outside of the agreement, or those who were not in default for 7 months or more during a "" specific '' time frame, were excluded. I am sure this was a big win for PHEAA, but what a sham of a settlement deal for the rest of borrowers scammed into taking loans to at least XXXX for profit schools. After the AG settlement, didn't AES also get out of the Federal student loan business due to scrutiny from lawmakers and borrower advocates? Didn't AES have to pay restitution to the Federal student loan borrowers for not informing students of XXXX payments students could have enrolled in, but instead steered toward forbearance? Furthermore, hasn't AES been sued at least a half dozen times for other predatory loan practices and illegal collection practices? 
I am also aware of a "" pilot '' program by which AES is sending out "" applications '' to select students who may have filed Borrower Defense claims against their schools and were approved. This application is a sham. Why do we need to prove anything? AES knows who we are. Under the FTC "" Holder Rule '' AES is liable for giving predatory loans in connection with for-profit schools. Time is running out for AES to do right by students who were scammed into taking out private loans to attend online for profit colleges who have committed misconduct and misrepresented themselves to the public to entice students to enroll. XXXX XXXX XXXX has sent a letter to AESs CEO asking to discharge these loans NOW! It's time AES do the right thing and discharge all these predatory private loans made to attend online for profit schools NOW!"
10747952,2024-11-11,Student loan,Issue with income share agreement,MOHELA,TX,"The representatives always suggested I just did not understand how interest is calculated and accumulated on a daily basis. No matter how much my balance went down, my interest accrued each month remained the same."
10796073,2024-11-14,Student loan,Dealing with your lender or servicer,MOHELA,NY,"On XX/XX/XXXX, {$1800.00} was erroneously taken from my savings account because I had not recertified my income as I was on PAYE, an IDR and was put on the standard repayment plan. However, per federal regulations I was not due to recertify at that time. Since then, MOHELA has corrected the error of being put on the standard repayment plan and I have not needed to recertify, but I have made more than ten calls, each lasting hours on end, with no resolution to try to get my money back. Most recently on XX/XX/XXXX I was still not able to resolve the issue on a call to MOHELA. It has been more than half a year and I would like to escalate the situation. I have tried to make a complaint today as well on studentaid.gov, but after multiple attempts at submitting I get an error message every time."
11416786,2025-01-07,Student loan,Dealing with your lender or servicer,AES/PHEAA,OH,"I received an alert on my credit report that I had a loan in default. I had not received any information regarding what loan, who it was with, or how to schedule payment. I spoke with PHEAA and was told they could not help me with the loan that I had to go to Student Aid and submit a consolidation claim. I requested a statement or breakdown of detailed info on the loan from PHEAA and was told "" we don't have to send that '' and "" when we do it is sporadic. '' I then asked for the specific loan number and school name which he did supply. This loan is part of a class action lawsuit which started in 2020 when the pandemic hit. I filed all the paperwork and was told I qualified for loan forgiveness due to this specific school. I since had not received any updates. I have no problem starting to repay on this loan, but I do not understand why I received no notification or assistance from the loan servicer regarding the need to start payment. All the government agencies told me I had to contact PHEAA, but the PHEAA rep is telling me "" we can not help you. '' All my other loans are in repayment, and setting up payment is not an issue, but I was not even supplied with the loan number until today. The loan did not appear on my loan list until it was in default."
11420930,2025-01-08,Student loan,Struggling to repay your loan,"Nelnet, Inc.",CA,In XXXX I received notification regarding my loan being in forbearance even though I did not request this and had been paying on a XXXX plan monthly. The loan distributor did not disclose that my loan would be a reusing interest which it didn't in XXXX or XXXX. But my debt has now increased by XXXX dollars between XXXX and XXXX.
11541891,2025-01-16,Student loan,Dealing with your lender or servicer,MOHELA,OH,"My student loan under SAVE plan and forbearance is accruing interest and is being added to the principle. However, I have realized my interest may have been accruing for more than I have noticed."
11663209,2025-01-17,Student loan,Dealing with your lender or servicer,MOHELA,NC,"MOHELA has been the servicer for my wife and myself and out Direct consolidated loans that were consolidated back in XXXX. We attended an out of state University XXXX and graduated with XXXX XXXX and huge student debt as a result of the fact that the University refused to consider us as in state residents as had originally been promised- out of state tuition was at least XXXX times that of instate but we had no choice. 

We have been working toward PSLF ( public service loan forgiveness- work in non profit public service qualifying job and make XXXX consecutive payments ) since the very beginning- I had my first application denied in late XXXX XX/XX/XXXX was the beginning of the program- we were in the very first batch of PSLF applications able to be reviewed. As is widely known as fact- Like XXXX % applicants were were declined due to this or that rule. There was XXXX  oversight or guidance over this XXXX XXXX month stretch. We made payment after payment in consolidated loans ranging from {$400.00} early on- to {$520.00} a month as the payments were income contingent. We never missed a beat. We were making $ XXXX a year when we started repayment. Our entire careers have been fixated on PSLF as a result we have been in non profit sector jobs since XXXX our earning potential has been truncated by this program and our pursuit of it. 

With the Biden administrations focus on student loans- the enacting of TEPSLF Temporary expanded ) We reapplied- and as of late XXXX our then servicer XXXX XXXX XXXX XXXX of XXXX on our balance. This represented my portion of the balance even though XXXX XXXX and I had taken out exactly the same amount. We did not find out and were not told until XXXX that XXXX XXXX also had to submit XXXX applications- and that this was the remaining balance now XXXX $ XXXX. She completed the required forms, jumped the hoops ( not an issue as she had put in the time ) and we were told every single time we called in XXXX by MOHELA that "" all looks good, just keep waiting. It's in FSA 's hands now ( Federal Student Aid ) "". We regularly received conflicting information we were placed on endless holds, our calls were dropped. 

We received a forgiveness letter from FSA on XX/XX/XXXX indicating that the remainder of our loans ( $ XXXX ) were to be forgiven- the letter states that they await MOHELA to process this and discharge our loans. MOHELA have said that it "" XXXX not in their hands "" Any day now, just keep waiting for FSA- ''. Since that letter ( correspondence I had to submit to MOHELA myself and they denied for XXXX weeks they even had ) we have had to call MOHELA every other month to extend forbearance until such time whomever or however they decide to XXXX  the balance and we are deemed free form the predatory clutches of MOHELA. Nothing has happened since XX/XX/XXXX and I have thought for months something must be askew. 

TO THE FINAL STRAW and reason for me seeking you : We called XX/XX/XXXX as our forbearance was set to end again XXXX we waited on hold XXXX hours and were curtly told that "" there's nothing we can do you are in forbearance until XXXX call back closer to your loan due date and we will reinstitute the forbearance '' ( XX/XX/XXXX ). 

We called yesterday XX/XX/XXXX and held for XXXX hours combined. The only time we actually spoke with a live person after holding XXXX hours- ( XXXX XXXXouldn't help usXXXX didn't have the 'access ' she needed to fulfill our request then had to transfer our call ) phone disconnected after XXXX minutes on their end- they disconnected the call- We called back at XXXX XXXX held XXXX more hours- no answer. No option to put in call back request- slave to sitting waiting for the hold to end and speak to a live person. Didn't happen. We hung up at XXXX as we actually have lives. 

We called again this morning XX/XX/XXXX right before XXXX held for XXXX hours- we were told by MOHELA XXXX you have no more forbearance to be applied- you have a payment due XX/XX/XXXX. '' They stated forbearance was "" up to FSA you need to call them about it we cant do anything- you have a payment due XX/XX/XXXX. '' We plead for more info- got placed on hold at least XXXX  times during which they stated "" I'm conferring with my mentor and asking how to proceed ''. She finally came back on- bottom lined that "" it's not in their hands and we have a payment due XX/XX/XXXX. '' We asked that she put us to a supervisor- she FLAT OUT STATED NO "" You need to call FSA ''. She refused to transfer the call. We asked again to be transferred- she again declined. 

We then called FSA about XXXX XXXX got someone quickly who transferred us to a specialist- she was informative and basically stated that based on the real time information they could see that MOHELA did not have XXXX XXXX in their system and was not correctly reflecting the status of our loans in the registry/ database as they had been joint consolidation loans- they only reflected my info- that her PSFL application essentially had been dropped in XXXX and that this has to be the issue as to why the loans have not been XXXX % discharged. We were told by FSA to call MOHELA back- inform them of their error- to update their records to accurately reflect XXXX XXXX in the registry. Called MOHELA back at XXXX We have been on hold since - XXXX XXXX and I are both on what is stated to be a "" hold time XXXX hours ''. They will not pick up. 

They are using this loophole that they are fully aware of to block our loan being discharged, they simply want our money. They are doing whatever and whenever to put us off. 

XXXX XXXX shows XXXX loans in XXXXSA and as such our process to get her PSLF application and Employee certification forms back in place can not be done on her dashboard ( "" you have no loans that qualify for PLSF '' ). We have since prepared the ECFs for her current qualifying employer with whom she has been since XXXX full time XXXX hour a week. Also have XXXX for her other employer ( also a qualifying XXXX where she was XXXX ). I also contend that the employer she was with from XXXX XX/XX/XXXX qualifies but we have had little luck as they have changed hands a few times. 

Here 's a little kicker : As a result of our overpayment ( anything paid over the XXXX qualifying ) we are owed a refund : it's roughly {$15000.00}. 

Bottom line- she meets the requirements for PSLF as I did- we had the same employers ( except for XXXX comprising XXXX  months which still is a qualifying XXXX ) MOHELA dropped the ball amidst the transfer or somewhere along the way and as a result we have to pay them until this gets sorted or we will take a credit hit. 

Per the XX/XX/XXXX court case XXXX v. MOHELA- this is the regular practice of theirs- they deceive, deflect and derail a loan holders attempts to have their loans discharged. Mohela have had multiple other issues and the Federal government took away their contract for PSLF for a period as they had made such a mess of it. Lets be clear- we have MORE than paid the amount we borrowed as from XXXX XXXX None of those loan payments counted toward PSLF. In XXXX before we hard of PSLF we were resigned to pay on XXXX years of loans. PSLF gave us hope we'd be able to get out form under in XXXX years- and then possibly pursue higher paying jobs in the private sector or different careers altogether- XXXX theme was clear- keep your head down for XXXX  years- pay the monthly payment. We did this. PSLF is a government created program- we arent asking for handouts or crying for something we haven't earned or been explicitly promised. If I had entered private sector work in XXXX when I was supposed to be originally forgiven- I'd be making twice as much as I do now. 

We need ASSISTANCE : someone to intervene and hold this repeat offender and their ongoing willful deflection, misinformation and incompetence that are tantamount to criminal business practices- I am considering taking legal action vs MOHELA. They have caused us immeasurable anxiety and they have greatly truncated our finances. 

-Incessant hold times ( XX/XX/XXXX and XX/XX/XXXX combined going on XXXX hours ) -Misinformation -Call deflection -Blatant lies If we are enduring this- thousands of others are. This has been haunting us for XXXX  months since we were first declined in XX/XX/XXXX. We stand at the finish line- we now have a son in college ( guess who didn't qualify for financial aid because his dad showed $ XXXX in outstanding student loans? ) - MOHELA are the only barrier between us being done with this page of our lives. They are a horrible company ad they prey on people. This needs to stop. 

Thank you."
11751231,2025-01-25,Student loan,Dealing with your lender or servicer,Servicer under contract with Federal Student Aid,PA,"Subject : Request for Resolution of Public Student Loan Forgiveness Employment Verification and Payment Count Update Dear Consumer Financial Protection Bureau, I am writing to file a formal complaint regarding the lack of response and resolution from Federal Student Aid concerning my Public Student Loan Forgiveness ( PSLF ) Employment Verification submissions. 

I have submitted multiple Employment Verification forms, including one dated XX/XX/, to update my qualifying payment count. Despite these efforts, I have not received any correspondence or confirmation. As of now, I have over 120 qualifying payments and need these counts updated to proceed with a buyback of months placed into forbearance by a Texas judge. This situation occurred while I was, and continue to be, enrolled in the Saving on a Valuable Education ( SAVE ) Plan. 

On XX/XX/, I submitted another Employment Verification Form via both file upload on their website and fax, as advised by their representatives. Despite following their instructions, I have not received any updates. Additionally, I submitted formal complaints through their website twice, as directed by their staff, but no progress has been made. 

This lack of communication and action has left me unable to move forward with resolving my loan situation. I am seeking your assistance to ensure my Employment Verification is processed, my payment count is updated, and I can proceed with the buyback process. 

Thank you for your attention to this matter. I look forward to a resolution soon. 

Sincerely, XXXX XXXX XXXX"
11878560,2025-01-31,Student loan,Struggling to repay your loan,MOHELA,GA,"I enrolled in XXXX XXXX XXXX XXXX XXXX XXXX XXXXXXXX XXXX XXXXXXXX under the promise of "" vast '' career opportunities and financial stability based on the institutions history of former student body. 

I was misled as to the career opportunities that would await me upon graduation. I am still struggling at the age of XXXX for steady employment. I have acquired additional professional licenses to enhance my marketability."
11882218,2025-01-30,Student loan,Dealing with your lender or servicer,MOHELA,OH,"I have been trying to communicate with the "" Advanced Department '' at Mohela since XXXX XXXX XXXX. 
I have been accepted into the Public Safety Loan Forgiveness ( PSLF ) and just paid my XXXX qualified payment in XX/XX/year>. I verified my employment thru the proper methods multiple times and all of my payments indeed qualified. This XXXX milestone was the target to complete the PSLF terms. I contacted XXXX XXXX XXXX to request the next step. 
They informed me that they are ready to process the PSFL forgiveness but Mohela has not updated their website since XX/XX/year>, which shows that I had only made XXXX payments. As soon as they get the payments updated from Mohela, they will forgive the loans. I have been trying to communicate with the correct people at Mohela since XXXX. 
I have tried several times waiting XXXX minutes each time just to get thru the phone trees and then eventually several hours either on hold or awaiting a call back. XXXX times, after waiting for hours I did end up speaking with a representative. They informed me that I was indeed compliant with the terms of PSFL program. They have been receiving all of my payments and that I was now paying extra payments. They assured me that any additional payments would be refunded, however they informed me that they were not the correct department to update the XXXX XXXX website. They forwarded me to the Advanced Department who would be able to update the XXXX XXXX website. I sat on hold for hours and there was not an opportunity to have them call me back. 
The XXXX time I waited XXXX hours on hold until I could not longer wait any longer. The XXXX time I waited XXXX hours with no answer. I have since tried the phone tree to call and leave a message to try and attempt to reach this department again. I did receive a call from another rep who reviewed the notes on the case and tried to forward again to the Advanced Department. She would not provide me with a direct number to call the appropriate department to prevent me for waiting hours, She reported that I needed to go thru the process each and every time. She did apologize and I sat on hold a final time only to be disconnected after XXXX hours. 
In the meantime, my automatic payments continue to be deposited into Mohelas accounts and I am not able to cancel these payments. I tried signing into my Mohelas account. I signed in and there was a message that they have a new platform wit a link. I was redirected to this website and none of my credentials will work. When I try to hit forgot my username, this new platform does not recognize my SS #, Mohela account # or name. 
I can not get anyone from Mohela to discuss this case and have them place me into a forbearance to stop taking additional payments and give them the opportunity to update to XXXX XXXX website so they can process the PSFL process. 
Please, please, please, help."
12008624,2025-02-09,Student loan,Improper use of your report,"Nelnet, Inc.",MN,"Student Loan Dispute My personal information was compromised without my authorization. The Department of Education unlawfully shared financial aid datasets with the XXXX XXXX XXXX XXXX, or XXXX, that include students names, Social Security numbers, dates of birth, contact information, demographic information and bank account information. Educational Rights and Privacy Act ( FERPA ) protects the confidentiality of student records. This breach is a clear violation of FERPA and your responsibility to safeguard my information. 
Given the severity of this breach and the resulting compromise of my personal and financial information, I request that you immediately cancel and discharge my student loan in full."
12042028,2025-02-11,Student loan,Improper use of your report,"Maximus Federal Services, Inc.",FL,"Under **the Family Educational Rights and Privacy Act ( FERPA ) ** ( 20 U.S.C . 1232g ) and **the Privacy Act of 1974** ( 5 U.S.C. 552a ), my student loan information is protected from unauthorized access and disclosure. The Department of Education and loan servicers are legally required to safeguard my personal and financial data, ensuring that it is not accessed or shared without my explicit consent.

If Elon Musk has gained access to my student loan records without lawful authorization, this constitutes a clear violation of federal privacy laws. Such unauthorized access compromises my rights and may constitute grounds for legal action, including but not limited to, seeking the discharge of my student loans due to privacy breaches and noncompliance by the responsible entities.

I formally request an immediate investigation into this matter and the appropriate remedial actions, including the potential cancellation of my student loans due to this serious breach of privacy."
12136310,2025-02-19,Student loan,Dealing with your lender or servicer,MOHELA,NV,"On XXXX XXXX  ( payment full processed XX/XX/year> ), I made a payment toward the interest on my student loans in the amount of {$1000.00}. I have checked every month, and there is no evidence in my MOHELA payment history that shows I paid {$1000.00}, it only shows {$54.00}. But the money was taken out of my account and I have bank statements to show. When I called to ask that they either update my payment history or refund my money, they never complied."
12191103,2025-02-24,Student loan,Struggling to repay your loan,"Maximus Federal Services, Inc.",FL,"XXXX XXXX XXXX XXXX XXXX XXXX XXXX XXXX XXXX Fl XXXX XXXX XXXX XX/XX/year> XXXX XXXX XXXX XXXX XXXX XXXX, TX XXXX XXXX XXXX ) XXXX Subject : Dispute of Incorrect Credit Report Information - Student Loan Debt Dear CFPB I am writing to formally dispute the inclusion of a student loan debt in my credit report. The debt is listed under XXXX XXXX and is reported and being collected. According to the Florida Consumer Credit Protection laws and relevant federal regulations governing student loans, student loans can not be treated the same as general consumer debt, and debt collectors are not authorized to collect on federal student loans in the manner this debt has been reported.

Please review this information carefully. I believe this entry violates the Fair Debt Collection Practices Act ( FDCPA ) and other applicable laws regarding federal student loan collections. I request that you investigate this matter and remove the debt from my credit report if it is determined to be inaccurately reported. 

Please provide me with a written response confirming that this dispute has been processed and, if necessary, the actions taken to correct the issue. 

Thank you for your immediate attention to this matter. 

Sincerely, XXXX XXXX XXXX XXXX XXXX XXXX XXXX XXXX XXXX XXXX XXXX FL XXXX"
12456974,2025-03-13,Student loan,Dealing with your lender or servicer,"Maximus Federal Services, Inc.",TX,"XXXX XXXX and DOGE has violated my rights and has been allowed access to my private records. This is a violation of privacy as I did not consent for a third party nor XXXX, to have access to my personal records. As a result, i am requesting full release and forgiveness from my loans that I attained during my enrollment at XXXX and XXXX XXXX."
12483809,2025-03-14,Student loan,Dealing with your lender or servicer,"Navient Solutions, LLC.",TN,XXXX XXXX XXXX XXXX  has accessed my private student loan information without my consent and without my knowledge until after the fact. They have breached the contract and I would never have granted such a person or organization any of my financial information.
12699172,2025-03-27,Student loan,Struggling to repay your loan,EdFinancial Services,NJ,"Subject : Illegal Student Loan Reporting & Collections Following Department of Education Abolishment To Whom It May Concern, I am filing a formal complaint against Edfinancial, XXXX, XXXX, and XXXX for continued reporting and collection of student loan debt that is now legally void following the executive order to abolish the U.S. Department of Education. Complaint Details : 1. Illegal Credit Reporting The credit bureaus continue to report student loans that are now unverified and legally questionable due to the dissolution of the Department of Education.

2. Failure to Verify Legitimacy of Debt The loan servicer has failed to provide evidence of legal ownership, collection rights, or servicing obligations in light of the agencys abolish
ment.

3. Unfair and Deceptive Practices The continued collection of these debts constitutes a violation of my rights under the FCRA ( 15 U.S.C. 1681 ) and FDCPA ( 15 U.S.C. 1692 ).

I demand an immediate investigation, deletion of these accounts from my credit report, and cessation of any collection efforts by my loan servicer. If this matter is not resolved promptly, I will pursue further legal action."
13008812,2025-04-15,Student loan,Dealing with your lender or servicer,EdFinancial Services,MI,This issue is due to the data breach. There is inaccurate data on my credit report.
13317381,2025-05-03,Student loan,Dealing with your lender or servicer,MOHELA,WA,"My student loans are currently under the XXXX plan with paused repayments due to legal challenge. I have checked periodically and seen no increase in interest rates or received information that they were increasing. I recieved an email titled "" Interest Accrual During Forbearance '' on XX/XX/XXXX showing correct loan principle amounts. I have had XXXX emails since this point showing no increase in interest rate with the most recent email on XX/XX/XXXX telling me my loan have been placed in a forbearance at 0 %. My loans have increased from {$57000.00} to {$59000.00} since the XX/XX/XXXX email. This is illegal."
13420602,2025-05-09,Student loan,Struggling to repay your loan,"Nelnet, Inc.",NY,"To Whom It XXXX Concern, I am writing to formally dispute the validity of the private student loan ( XXXX ) associated with my name and Social Security number, on the basis of violations under the Truth in Lending Act ( TILA ) and the Family Educational Rights and Privacy Act ( XXXX ). 

First, under 15 U.S.C. 1650, I retain the right to bring a civil action in any court of competent jurisdiction for violations of the Truth in Lending Act, which requires creditors to make accurate and complete disclosures about the cost and terms of credit. Upon review of my loan documents, I believe that the required disclosures were either : - Not provided at the time of signing, - Misleading or inaccurate regarding interest rates, total repayment costs, or - Delivered in a manner that did not allow me a fair opportunity to review and understand them. 

Additionally, I am invoking my rights under XXXX. If any educational records, including enrollment status or academic performance, were accessed or disclosed without my informed written consent in connection with the loan 's origination or servicing, such actions would constitute a violation of federal law. 

Given the above, I request the following : XXXX. A complete and itemized account of all disclosures provided at the time of the loans initiation. 
XXXX. Documentation of any and all educational records used to originate or certify this loan, along with proof of my consent. 
3. Immediate suspension of all collections and reporting activity related to this loan while this dispute is under review. 
XXXX. A formal response to this dispute within 30 days of receipt, as required by federal law. 

Please note that failure to adequately resolve this matter XXXX result in legal action, where venue XXXX be established either where the original loan transaction occurred or where the creditor is located, pursuant to 15 U.S.C. 1650. 

Thank you for your prompt attention to this matter. Please confirm receipt of this letter and address all future correspondence regarding this dispute to the address listed above. 

Sincerely, XXXX XXXX Furthermore, I did not give written consent for this loan information to be reported to any credit reporting agency. If such reporting has occurred, it is a direct violation of my rights under XXXX and XXXX."
13622089,2025-05-20,Student loan,Issue with income share agreement,"Nelnet, Inc.",IL,I went to XXXX College in 2011 I did not complete my program due to hardships in my life. I went for there master degree program in XXXX XXXXXXXX XXXX XXXXXXXX. Due to the new administration and accreditation the school was null and void. Yet my loans and interest are substantially bigger than what I was told. I also have the majority of my loans through Nelnet which recently ben under suite .
13629085,2025-05-20,Student loan,Struggling to repay your loan,AES/PHEAA,VA,"I attended the XXXX XXXX of Washington between the years of XXXX and XXXX. During this time I had to take out several private loans in order to go to this school. My parents took out these loans not knowing the consequences of the high interest rates. We were bamboozled by the XXXX XXXX into thinking that we would all have a job after graduation as well as that we were getting the best education possible for our field ( I was in animation ). These loans are now in the XXXX due to the high interest rates and my inability to pay them. My federal loans from the XXXX XXXX were discharged due to the fraudulent nature of this school and I believe that this should apply to the private loans as well. 
Within the last two years my mother and I were told that we had to make payments. I initially had payments that were XXXX $ but I couldn't afford it so the company made a payment plan of XXXX XXXX My mother has been helping me pay this every month, but it is an undo hardship on her and me and the XXXX $ does nothing for how much is left. I do not feel that it is fair that we continue to pay for loans for a school that was fraudulent in it's practices and pushed us to take out as much money as possible and convince us that I would have a job after graduation. Most of my peers did not graduate. Most of us are debt up to our eyeballs and are suffering mental health consequences for this."
13742381,2025-05-27,Student loan,Dealing with your lender or servicer,MOHELA,MI,"RE : Complaint Against MOHELA, XXXX, and XXXX XXXX To Whom It May Concern : I am filing this formal complaint regarding egregious misconduct, misrepresentation, and unfair and deceptive practices by MOHELA, XXXX, and XXXX XXXX concerning my private student loan XXXX. 

1. * * Excessive and Fraudulent Interest Charges : * * * Original principal loaned was approximately \ {$6200.00}. Despite paying more than \ {$6500.00}, the servicers claim I now owe an additional \ $ XXXX, totaling nearly \ {$18000.00}. 
* Such interest charges significantly exceed the original loan amount, constituting deceptive and predatory lending practices. 

2. * * Fraudulent Misrepresentation of Default Status : * * * Despite documented records indicating multiple defaults and arrears during my enrollment, the servicers falsely claim my loan was never in default, adversely affecting eligibility for loan forgiveness programs. 

3. * * Wrongful Denial of Loan Forgiveness : * * * My institution, XXXX XXXXXXXX XXXX XXXXXXXX XXXX University, was part of recognized private student loan forgiveness settlements. I was improperly excluded from forgiveness eligibility. 

4. * * Improper Payment Handling and Refusal : * * * My final payment of \ {$27.00} was improperly rejected, breaching contractual obligations and unjustly increasing my loan balance. 

Given these severe violations, I request that your office : * Investigate these fraudulent practices and hold MOHELA, XXXX, and XXXX XXXX accountable. 
* Demand that these entities correct their records, refund improperly charged amounts, and cancel any alleged outstanding balances. 
* Ensure compliance with applicable consumer protection laws and prior regulatory settlements. 

Thank you for your immediate attention to this critical matter."
13749602,2025-05-28,Student loan,Dealing with your lender or servicer,MOHELA,MD,"I am attempting to receive discharge of ( XXXX ) outstanding Student Signature private student loans, collectively amounting to approximately {$35000.00} of debt. These loans were incurred while attending The XXXX XXXX of Washington. I have already received discharge of my federal student loans from that school due to borrower defense. 

On XXXX XXXX, XXXX, I submitted a private student loan discharge request to loan servicer, MOHELA ( XXXX ). In the request I submitted numerous documents including : a discharge request form, loan history, personal financial documents- including tax and bank statements, personal testimony of my time spent at XXXX, faculty emails, and numerous citations to publicly available information- including federal and state court documents, XXXX memoranda, news articles, and survey data- which evidence profligate consumer misconduct, fraud and liability on the part The XXXX XXXX, XXXX XXXX XXXX ( its parent company ), and the prior servicer of my loans, XXXX. 

On XX/XX/year>, I received a letter from MOHELA stating that my request was denied. The following statement was given : "" A review of your application was completed by XXXX, as your lender or on behalf of your lender, and it has been determined the applicable private student loans are not eligible for discharge due to the following reason ( XXXX ) : A variety of factors are considered in determiningwhether a private loan should be XXXX based on school misconduct and youdo not meet the requirements for discharge based on misconduct by your school. '' On XX/XX/year>, I called the MOHELA servicing department ( XXXX ext. XXXX ) for further details. I asked the representative why the request was denied and I was told that they were not provided with that information, because the approval process is "" proprietary. '' When I inquired about what further documents I could submit I was only given vague examples, including financial documents such as those I had submitted, and was simply told, "" Every case is different. ''"
13845895,2025-06-02,Student loan,Dealing with your lender or servicer,MOHELA,NC,"Mohela manages my student loans. I am suppose to be under the XXXX program 's forbearance, which means 0 % interest applied to my account. I noticed on my credit history that there has been a total increase of my loans in the amount of {$970.00} spread across the accounts."
13850374,2025-06-02,Student loan,Dealing with your lender or servicer,MOHELA,NY,"Hi, my loans have been placed into forbearance because I consolidated and tried to reapply for an IBR plan ; loans are now frozen due to pending court cases. I received a letter in XX/XX/year> saying that interest would not accrue during this forbearance, but interest has been accruing the entire time. I just received another letter today saying that interest is accruing during the forbearance. I called and spoke to a customer service representative at Mohela to ask what was going on; she said they have no control as the federal government sets interest rates."
13866318,2025-06-03,Student loan,Dealing with your lender or servicer,EdFinancial Services,CA,I never recieved any loan disbursement from XXXX XXXX! I need help Ive filed complaints nothing is being done and they want me to pay back what I never was disbursed.
8678199,2024-04-02,Vehicle loan or lease,Problems at the end of the loan or lease,HYUNDAI CAPITAL AMERICA,GU,"On XX/XX/XXXX my wife and I leased the XXXX Kia XXXX from XXXX XXXX Kia XXXX XXXX XXXX XXXX XXXX XXXX XXXX The total value of the Vehicle on the date was {$24000.00} with {$12000.00} paid on the date of lease. 
Before committing to the lease, we asked about the process of leasing while XXXX XXXXXXXX XXXX. We were informed that we were authorized the lease and if a permanent change of station ( PCS ) comes up, we could take the car as long as a Kia dealership was available. Shortly after a XXXX, we received orders to XXXX. Upon receiving the news, we made contact with XXXX XXXX XXXX to verify we are authorized to take the vehicle which they confirmed via telephone. 
Before reaching the port in XXXX, we received a notarized authorization letter from Kia Finance on XX/XX/XXXX which is required to move a vehicle on lease. After verification from Kia Finance and the port of operations, the car was subsequently prepared and taken into possession by the shipping authority to relocate it to XXXX. 
After receiving the vehicle, it was registered and cared for as states in the lease. 
At around XXXX miles the engine ended up blowing due to mechanical malfunction common in Kia/Hyundai engines . After contacting Kia, it was determined the issue was a manufacturing problem and the new engine was covered by Kia in-full and the engine was shipped directly to a dealership here, on XXXX, to be replaced. At that point, we expressed desire to return the vehicle so it would not happen again, attempting to mitigate risk to the family. We were simply told that there was an early turn-in fee and it was left at that. 
Before the expiration of the lease, we contacted the local authorized Kia dealership of which was identified to be the return location for return of the vehicle, which they denied because it was not leased from them. At this point, we attempted to contact Kia Finance and Kia XXXX XXXX 
Once we eventually got in contact with Kia Finance and the Kia XXXX XXXX, we conveyed the message that the Kia dealership on XXXX denied our return to which they replied if they do not take it, we are responsible for shipping it back to the XXXX United States, driving it from the port to XXXX  and returning it there which was not agreed to in any conversation between XXXX XXXX Kia or Kia Finance. 
Throughout the following months, we attempted to contact Kia and XXXX XXXX many times only to be answered about 8-10 times. During those phone calls, we were told "" someone [ from Kia ] messed up and should not have authorized the car to go '' as well as "" this is absolutely not your fault at all '' by multiple representatives. Most importantly, we were told "" Since you've constantly been attempting to contact us, you are in good standing and no repercussions will come from this. '' At that point, we felt relief that we truly were working together to get through this problem. During the phone conversations, we were informed that they sent mail to us but never updated our mailing address after we confirmed with representatives the new mailing address. Attempt to change the mailing address on file totaled nearly 8 separate occasions, which was each time we could successfully get in contact with a representative. Following these sporadic conversations when we could get a hold of Kia, we seemed to be put on a list where our phone calls were never answered. 
Whenever the caller forwarded the problem to a manager position or higher, we could never get a call back or follow-up. 
A solution was never presented to us throughout or persistent attempts to help resolve this issue besides the purchase of this vehicle we did not want to purchase or to come out-of-pocket approximately {$6000.00} dollars to ship a car and fly back to return it to a dealership which are both ludicrous "" solutions. '' By this time, we are clearly being targeted by a big corporation for a mistake that they made. We did our utmost to ensure everything was in-line on transportation, use during lease, and return upon termination of lease which seemed to go swimmingly until the termination date arose. 
At this point, we have tried everything we can in our power that would be ethically sound to return this car and remain in good-standing with Kia and XXXX XXXX to no avail. We still have the vehicle and conveyed that we would keep it safe on our property until Kia can take or until a return solution is offered. We assumed that the company would be trying to solve this issue since it was an internal mistake they made and our offer to hold it until they could mitigate this issue sounded morally generous. 
Most recently, throughout our screened phone calls, awaited call-backs and unanswered emails, we have been reported to collections for this lease. Not only was it sent to collections, but it was sent to collections TWICE for the total amount of {$34000.00}, effectively tanking our credit scores nearly XXXX XXXX"
8807027,2024-04-18,Vehicle loan or lease,Problems at the end of the loan or lease,ALLY FINANCIAL INC.,NY,"I have finished my lease term and am looking to purchase the vehicle. During my lease term, I filed a XXXX  XXXX bankruptcy. This loan was not included in the bankruptcy. A re-affirmation agreement was signed and included in the bankruptcy court. Due to my account being flagged as bankruptcy, which it should NOT be due to the re-affirmation agreement, I have limited access to my online account with ALLY. I am not able to use the chat or email function or access my lease end paperwork. When I call ALLY, because my account is flagged as bankruptcy, they automatically transfer me to the "" post bankruptcy '' department after pleading with them not to. I have spoken to post bankruptcy department almost XXXX times. I have been given XXXX different amounts as the amount I need to pay. Ashin in post bankruptcy told me the amount I owe is {$15000.00}, then he said {$16000.00} and then it changed to {$18000.00}. When I asked him why the difference he was unable to answer. I asked for the paperwork to be mailed or emailed to me so I can review it and he said that is against the policy. He would only fax. I provided a fax number and was told I would receive the information in XXXX hours. This was on XX/XX/year>. I have not received a fax as of XXXX today XX/XX/year>. I attempted to call yesterday and explain the situation. I asked for a supervisor and was refused. I was placed on hold until ultimately I was hung up on. I called again XX/XX/year> and attempted to have the paper work faxed. The representative said XXXX hours. I have not received any paperwork to but the lease and can not get through to a supervisor or another department to assist. I am starting to feel as though this department is trying to scam money out of me."
8968061,2024-05-09,Vehicle loan or lease,Problems at the end of the loan or lease,HYUNDAI CAPITAL AMERICA,MA,"-While living in California XX/XX/XXXX - I leased a car through Kia Finance . 

-Moved back to my home state of Massachusetts XXXX XXXX. 

XXXX XXXX - Lease with Kia Finance ends - I purchased my lease in full for {$14000.00} via Cashier 's Check. Kia Finance gave me confirmation of payment received. 

XXXX XXXX - Kia tells me they sent my title to my insurance agency ( this is unheard of, - no car title is ever sent to an insurance company. ) Confirmed with liberty mutual that they never received my title, nor do they ever deal with Titles or state transfers. It is now essentially lost in the mail ... at the hands of Kia Finance. 

XXXX XXXX XXXX - California registration expires. I am now unable to register my car, as I am now the "" owner '' but have no Title - and there is still a lien on the vehicle even after I have paid for it in full with cashier check. 

XXXX Weeks Later : XX/XX/XXXX - Kia lets me know they have sent in an application for a REPLACEMENT title with the California DMV headquarters in XXXX. Tells me it will be 6-8 weeks for me to receive my title, and then they will release the lien and overnight it to me. I have a tracking number to see that it has been delivered on XX/XX/XXXX. Great. 

Between XX/XX/XXXX - present day : I have emailed XXXX, as well as XXXX - over XXXX times. They do not respond, instead they have my case XXXX XXXX XXXX call me. She repeatedly tells me they will not check the status with the DMV "" at this time ''. They tell me there is no way for me to check the status of my replacement title. They insist they will check the status after 8 weeks. Why 8 weeks? The DMV let me know it shouldn't take longer than XXXX. It has now been past XXXX weeks. I have not been able to drive my car for 2 months. 

XX/XX/XXXX - I called the California DMV headquarters to ask for the status of the application myself. They can not tell me, as I am not the lienholder. They let me know IT ONLY TAKES 4-6 WEEKS. NOT 6-8 WEEKS AS KIA TOLD ME ... .so at this point, they're lying. 

XX/XX/XXXX - I call Kia to let them know this information. I ask, and beg them to call the CA DMV headquarters so they can get a status of the replacement title application- they tell me they have to wait the full 8 weeks - why? The dmv already told me it takes up to 6 weeks. Not 8 weeks. It has now been 6.5 weeks ... ... Kia will not reach out to the DMV for me, no matter how much I plead.

Due to not having my vehicle registered and being unable to drive it - I have no transportation to or from work. I am on the verge of losing my job because of this.

Additional discrepancy : BILL OF SALE : Kia would not send me a signed Bill Of Sale until I emailed them SEVEN TIMES. They sent me an unsigned bill of sale TWICE. What would one do with a bill of sale that was not signed by the seller exactly?!"
9221918,2024-06-10,Vehicle loan or lease,Problems at the end of the loan or lease,NAVY FEDERAL CREDIT UNION,NC,"I paid off a loan on a XXXX XXXX truck with the Navy Federal Credit Union, on XX/XX/XXXX. The payoff balance was {$1300.00} and was paid via debit, while on the phone with a NFCU customer service representative. The problem is that internal departments of NFCU do not interact or communicate the changing status of any one account, in a timely manner. This lack of internal coordination that was admitted to me by an NFCU employee, while on the phone, caused the NFCU to take an additional {$480.00} from my checking account. One internal department of NFCU should have notified the other that the loan was paid in full, closed the account and ceased any scheduled, monthly automatic withdrawals. When I contacted the NFCU regarding the issue of their receiving an additional {$480.00}, I was told that I needed a memorandum from my bank manager clearly stating the source of the additional {$480.00}. I felt this was a ridiculous request as the NFCU had established the automatic draft in the monthly sum of {$480.00} while on the phone with me, in the first place. As of yet, the NFCU has refused to return the additional amount of {$480.00} that was withdrawn from my checking account on XXXX XXXX. Lastly, I have heard absolutely nothing as to when I will receive the title for the vehicle. I have a perfect payment history with the NFCU, with XXXX perfectly maintained accounts when this incident occurred. I am an honorably retired, XXXX XXXX percent XXXX, former XXXX, XXXX XXXX XXXX, and XXXX XXXX XXXX XXXX, with a XXXX XXXX. I have XXXX XXXX XXXX XXXX XXXX XXXX XXXX XXXX XXXX XXXX XXXX XXXX XXXX XXXX XXXX, and as a XXXX XXXX in XXXX XXXX. As my health may be unpredictable at times, this error in the handling of my money, by the NFCU could result in a financial hardship on me. I am requesting your assistance in the timely resolution of this matter. 

Thank You"
9329309,2024-06-25,Vehicle loan or lease,Problems at the end of the loan or lease,HYUNDAI CAPITAL AMERICA,CA,"On XX/XX/XXXX, I purchased my leased vehicle from Hyundai Motor Finance. Since then I have been trying to get title transferred to my name. XXXX has made multiple mistakes processing the XXXX paperwork and has essentially ignored my phone calls and emails requesting they fix these mistakes. To date, XXXX has not sent me the XXXX of XXXX. 

In XX/XX/XXXX, I began the Vehicle Title Transfer process with the California XXXX. 

On XX/XX/XXXX, the XXXX informed me that they needed XXXX to complete the Statement of Facts stating taxes were paid, the amount paid and when, and their CA tax ID number. 

On XX/XX/XXXX, I called Hyundai Motor Finance regarding the XXXX 's above requests. A representative informed me I would receive a letter with everything the XXXX needed. I never received anything. 

On XX/XX/XXXX, the XXXX informed me that XXXX incorrectly filled out the California XXXX of XXXX which was missing the company endorsement stamp. 

On XX/XX/XXXX, I called Hyundai Motor Finance to tell them about the XXXX issue. The representative gave me an email address for the titles department ( XXXX ) and I sent a detailed email explaining my situation. 

On XX/XX/XXXX, I received an email response from XXXX XXXX at XXXX 's XXXX Department asking me to email a copy of the title showing proof of error. I did so the same day. 

On XX/XX/XXXX, I emailed XXXX XXXX again because I hadn't heard back. 

On XX/XX/XXXX, the XXXX Department gave me a mailing address where I could send the title to get it corrected. 

On XX/XX/XXXX, I mailed the Certificate of Title along with a cover sheet to XXXX 's XXXX Department via XXXX. I emailed XXXX with the XXXX tracking number. 

On XX/XX/XXXX, XXXX delivered the XXXX to XXXX. 

On XX/XX/XXXX, I emailed XXXX to ask for confirmation of receipt of the FedEx package. I did not receive a response. 

On XX/XX/XXXX, I again emailed XXXX but again did not receive a response. 

On XX/XX/XXXX, I called XXXX to make a complaint. The XXXX  person I spoke to told me there is no XXXX Department. I asked to speak to a XXXX who told me he couldn't give me the phone number to the XXXX Department. I told him I was still waiting for XXXX to send me the completed Title and necessary paperwork. He filed a complaint on my behalf and told me it should take XXXX days to get corrected. 

To date, I still haven't received the corrected California XXXX of XXXX and title still has not been transferred to my name."
9391819,2024-07-02,Vehicle loan or lease,Managing the loan or lease,CREDIT ACCEPTANCE CORPORATION,NY,I put a down payment on my car back in XX/XX/XXXX for a {$9000.00} car. My down payment was {$4000.00} and as of XX/XX/XXXX Im still at {$8800.00}. I have been submitting all my payments on time ( {$260.00} per month ) sometimes more. There was a miscommunication with Credit acceptance. If I have known that they would charged me all this amount I would have never gotten the car.I think they used the fact that XXXX is not my native language. Please help.
9459074,2024-07-10,Vehicle loan or lease,Getting a loan or lease,TOYOTA MOTOR CREDIT CORPORATION,AZ,I leased a Vehicle XX/XX/year> For a set amount. Lease was approved and set XX/XX/year>. I then received a credit alert. That the dealership ran my credit again for a larger amount with out my permission on XX/XX/year>. For a different Amount.
9627688,2024-07-26,Vehicle loan or lease,Struggling to pay your loan,CREDIT ACCEPTANCE CORPORATION,LA,"Credit acceptance pretty much double charged me financing on a XXXX XXXXXXXX XXXX! The actual car was between XXXX, I have a financed auto loan of XXXX! We have a huge problem here! I have a problem with keeping up with my auto loan because this way too much of a monthly payment! Ive been behind on my vehicle for so many months wondering why its became why APR IS ALSO SUPER HIGH! I called credit acceptance for refinancing but turns out it will take even longer to pay off! MONEY WAS STOLEN FROM ME! Theres no way that Im over charged XXXX when I have a statement this vehicle was between XXXX! That was is ABSURD."
9642199,2024-07-30,Vehicle loan or lease,Managing the loan or lease,ALLY FINANCIAL INC.,PA,"XXXX XXXX XXXX XXXX XXXX XXXX. 
XXXX, PA XXXX Ally Financial XX/XX/year> To Whom It May Concern : I noticed that you are reporting inaccurate information in my credit report and that you keep verifying this account when it is clearly inaccurate. This letter serves as a DEMAND to validate this account : Ally Financial : XXXX Please provide me with the following : ( 1 ). Full accounting for this account : ( 2 ). Copy of the assignment of purchase from the creditor ( 3 ). Every charge and what was purchased, fee, payment, credit, interest ( 4 ). How you calculated what you claim I owe ( 5 ). ( XXXX v. XXXX XXXX XXXX XXXX XXXX XXXX XXXX XXXX ) ( 6 ). Full chain of assignments from charge off to present ( 7 ). Proof that you own the debt with full clear title ( 8 ). Proof that you were on the original contract ( XXXX XXXX XXXX XXXX XXXX ) & ( XXXX XXXX XXXX XXXX XXXX ) If you can not provide me with sufficient proof as listed above, then you must delete the above account from all three credit reports ASAP. Let me remind you of the law : according to FDCPA 809 ( b ) furnishing, verifying, and updating is considered collection activity. If you verify this inaccuracy from the credit bureaus without giving me all the items listed, you will violate the law which carries a fine of {$1000.00} per violation. My attorney who specializes in suing debt collectors will be on standby waiting for my instructions."
9822686,2024-08-16,Vehicle loan or lease,Managing the loan or lease,TRUIST FINANCIAL CORPORATION,MO,"I have moved from XXXX XXXX XXXX I need to move my car title and registration to XXXX as I now live here. 

The DMV informed me that I needed a letter authorizing a release from XXXX from the lending bank -- this occurred after they escalated a call to the licensing headquarters in XXXX XXXX, Missouri. 

Upon calling Truist, I was given conflicting information by the first customer service person I spoke with. The first individual attempted to email me a form -- however the form did not come through. Truist claims that this is not a form that can be downloaded online. Despite having XXXX personal information, Truist is unwilling to send the information in a direct email to make sure it is received. I was told to give the key information in the form ( and what it is ) and then email it to them. 
The supervisor on a call, stonewalled sending me the form. The supervisor refused to give me a contact in the office that handles the request and informed me that nobody at Truist could confer with me who is able to know the requirements or the form. Upon sending the information requested by Truist to the email they told me too, i was informed that it could not be seen, it could not be confirmed, and I was refused the ability to confirm if I even was given the correct information in the first place. 

Truist is currently blocking my ability to reasonably move my auto loan, taking large amounts of my time, and refusing to allow me to recieve a form that I am told I need from my state DMV office. Why is this company able to operate in all XXXX states when they can not send a form to a client, nor are they willing to give the information requested by a client and the state government?"
9910166,2024-08-25,Vehicle loan or lease,Repossession,CREDIT ACCEPTANCE CORPORATION,MD,I want to get my settlement for the company that youll sued and told to reimburse harmed consumers and to stop their practice! I been trying to get them off my Credit and the bureaus are still reporting on my credit for one closed on XXXX XXXX and open on XXXX. I need those removed also
10032964,2024-09-05,Vehicle loan or lease,Problems at the end of the loan or lease,HYUNDAI CAPITAL AMERICA,NV,"NAME ON LEASE : XXXX XXXX XXXX ACCOUNT NO. : XXXX VEHICLE : XXXX Hyundai XXXX XXXX XXXX XXXX XXXX : XXXX CAR PAYOFF WAS DONE PER BELOW : Dear XXXX XXXX XXXX XXXX Pursuant to your request, we are pleased to provide you with the following quote of the amount necessary to exercise the purchase option under the terms of your lease agreement : Unpaid Lease Payments due through : XX/XX/XXXX Unpaid Late Fees : {$0.00} Other Amounts Due : {$0.00} Adjusted Unpaid Lease Balance : {$21000.00} Sales Tax : {$1900.00} Less : Security Deposit {$0.00} Total Purchase Price : {$22000.00} HYUNDAI WAS ADVISED MONTHS IN ADVANCE I HAD A NEW ADDRESS IN NEVADA AND I PERFORMED THIS ONLINE WITH HYUNDAI MORE THAN ONCE PRIOR TO MY SENDING HYUNDAI THE FULL {$22000.00} SHOWN ABOVE BUYING THE CAR OFF THE LEASE END OPTION. 

HYUNDAI AS YOU CAN SEE ABOVE CHARGED ME THE LEASE END SALES TAX IN THE AMOUNT OF {$1900.00}. HYUNDAI OWES EITHER CALIFORNIA OR NEVADA THIS SALES TAX AMOUNT, HYUNDAI HAS ACCORDING TO CALIFORNIA NEVER PAID THEM THIS {$1900.00} SALES TAX THAT I PAID HYUNDAI.

HYUNDAI SAYS THEY SENT THE TITLE TO XXXX XXXX OF MINE THAT WAS AN OLD ADDRESS DESPITE MY HAVING ONLINE CHANGED MY ADDRESS TO NEVADA, XXXX XXXX XXXX XXXX. XXXX  XXXX, XXXX XXXX XXXX NEVADA XXXX XXXX 

I HAVE REGISTERED THE CAR IN NEVADA AND IT HAS GOOD LICENSE TAGS BUT NEVADA WILL NOT ISSUE ME A TITLE AS IT SHOWS CALIFORNIA HAS NOT BEEN PAID OFF BY HYUNDAI FOR THE SALES TAX. 

I HIRED AN OUTSIDE XXXX AGENCY IN XXXX XXXX, ASAP SERVICES, WHO HAS ATTEMPTED TO GET CALIFORNIA TO ISSUE ME A RPLEACMENT TITLE SO I CAN GET A NEVADA TITLE BUT XXXX XXXX DEMANDS THE SALES TAX HYUNDAI HAS FIALED TO PAY THEM.

IN CONCLUSION, HYUNDAI, ONCE AGAIN, HAS FAILED TO DELIVER TITLE TO A FULLY PAID LEASE WIT HLEASE END BUYOUT AS HYUNDAI WILL ADMIT. I HAVE SPOKEN WITH HYUNDAI OVER AND OVER BUT ALL THEY CAN SEND ME IS A BILL OF SALE WHICH DOES NOT GET ME A TITLE. HYUNDAI SENT THE TITLE TO AN OLD ADDRESS, AS THEY CLAIM, AND IT WAS NEVER FORWARDED AND THE CALIFORNIA LANDLORD HAS NEVER SEEN THIS ALLEGED DELIVERY TITLE.

HYUNDAI IS FULLY PAID AND I AM WITHOUT A TITLE STILL."
10101543,2024-09-12,Vehicle loan or lease,Managing the loan or lease,VW Credit,CT,I bought the car and got the loan in XX/XX/year>. Since then I have been trying to get access to my online loan account to manage the loan. For over a year I am getting runaround from Audi Financial and no fix to access and manage my loan online.
10226426,2024-09-24,Vehicle loan or lease,Managing the loan or lease,AMERICAN HONDA FINANCE CORP,NY,"I bought a fairly used XXXX Honda XXXX XXXX in XX/XX/XXXX with XXXX miles on it. I got 2 recalls by Honda the first one was within my 2 year ownership, nothing was refunded by Honda financial per the NYS lemon law .The Monthly car note is {$640.00} which consist of principal and interest and all fees for a duration of 72 months my first car note started XX/XX/XXXX my loan maturity / end would have been XX/XX/XXXX. During XXXX they gave us 2 months note free break, Which extended my loan to 74 months instead of 72 which run the maturity date to XX/XX/XXXX. As of today XX/XX/XXXX I have 3 months remaining of {$640.00} each month {$640.00} X XXXX = {$1900.00} PLUS {$450.00} late fees total = {$2300.00} owing to Honda Financial. As of today per Honda Financial report is saying my pay off balance is {$3400.00} That's an additional Balance {$1000.00} i called a customer service rep namely XXXX is saying its daily interest which is a lie as all my interest and payment is all included in my car note, how is that even possible i need your help as i feel am being ripped off. Attached are the documents for the same"
10484579,2024-10-18,Vehicle loan or lease,Managing the loan or lease,"First Help Financial, LLC",NY,"On XXXX XXXX XXXX I paid the current month and the upcoming month in XXXX payment. I called and spoke to a representative at First help financial and was told it was find. The following month the company attempted to draw funds again for the month that was already paid resulting in NSF fee and a mark against my credit for non-payment. 
I called the company again on XXXX XXXX XXXX  to ask about the additional fee and the NSF in the system on my account. 
I requested that the fee be removed and was told that there was a NSF fee and it can not be removed. 
Company refused to reverse the NSF fee. 
This company is not fair to customers and has no representation here in the US that understand financial law."
10506224,2024-10-18,Vehicle loan or lease,Repossession,CL Holdings LLC,TX,"The car was wreaked while I was at the stop sign. I was hit by a car the police was chasing and by another car that was at another stop sign. 

The car was totaled out and sent to the impound center. 
I informed the car company "" XXXX  '' what happen. 

I never heard anything back, and now Jefferson Capitol LLC has it. Purchased it for pennies on a dollar. I asked for verification and proof of a wet signature and a approval letter to them from myself, stating that I gave permission to purchase this debt."
10560705,2024-10-24,Vehicle loan or lease,Getting a loan or lease,JPMORGAN CHASE & CO.,MI,"To the Consumer Financial Protection Bureau : This complaint concerns Chase Auto Finance 's deliberate violations of my rights under multiple federal laws, including the Fair Credit Reporting Act ( FCRA ), Equal Credit Opportunity Act ( ECOA ), and Truth in Lending Act ( TILA ). Chase has engaged in egregious and deceptive practices, including unauthorized credit inquiries and inadequate disclosures, violating my right to privacy and consumer protections. I demand immediate action, compensation, and punitive sanctions against Chase to ensure this type of misconduct does not persist.

1. Deceptive Pre-Screening : Bait-and-Switch Tactic Chase 's Just For You pre-screening offer was a fraudulent bait-and-switch that enticed me into applying for an auto loan under false pretenses. The language used in the pre-screening offer falsely led me to believe I was pre-approved for a loan, only for Chase to later deny my application. This deceptive practice, which wasted my time and damaged my credit score, demonstrates a clear violation of consumer trust.

Chase 's failure to honor the reasonable expectation they set through their deceptive pre-screening process is fraudulent, and I demand that the CFPB impose severe sanctions to prevent this manipulative behavior in the future. 

XXXX. Unauthorized Credit Inquiry : A Gross Violation of Privacy Chase 's actions show complete disregard for my privacy rights. By pulling my credit report without providing me with a clear and conspicuous opt-out option, and failing to inform me of the specific terms before conducting the inquiry, Chase has violated FCRA 604 ( a ), which governs permissible purposes for obtaining a consumer report.

The right to privacy is fundamental, and Chases unauthorized inquiries into my credit history are a clear violation of my rights. Under FCRA 616 and 617, I am entitled to statutory damages of {$1000.00} per violation. Given the multiple unauthorized inquiries Chase made on my credit report, I demand full compensation for each of these breaches of my privacy. 

XXXX. Lack of Transparency and Disclosure : Intentional Concealment Chase 's lending practices are not just opaquethey are deliberately deceptive. The application process failed to disclose any minimum credit score requirements or clearly explain the criteria for loan approval. This lack of transparency violates TILA 1026.17, which mandates clear and conspicuous disclosures in all consumer credit transactions.

Chase has created an application process designed to lure consumers into applying for credit without the necessary qualifications being known upfront. Their systemic failure to disclose critical lending terms is an intentional strategy to trap consumers in a cycle of unnecessary credit inquiries, which harms their creditworthiness. This is a direct violation of TILA and must be met with harsh penalties.

4. Baseless Denial of Discrimination : A History of Bias Chases attempt to brush aside my concerns about discrimination is both offensive and deeply flawed. Chase has a well-documented history of discriminatory lending practices, disproportionately denying XXXX consumersincluding teachers, doctors, and other professionalsthe same credit approvals granted to white applicants with similar profiles. As a XXXX man and a Chase customer for nearly three years, I have experienced firsthand how Chase perpetuates systemic bias. 

Their hollow denial of these discriminatory practices is an insult to both my experience and the experiences of countless XXXX consumers who have suffered under Chases biased lending practices. The CFPB should conduct a thorough investigation into Chases discriminatory practices and hold them accountable under ECOA and Regulation B, which prohibit discrimination in any aspect of a credit transaction.

5. Unsatisfactory and Deceitful Response : An Insult to My Intelligence Chase 's response to my initial complaint was not only inadequate, it was deceitful and dismissive. Instead of acknowledging their violations, Chase attempted to deflect responsibility with misleading statements and outright falsehoods. Their refusal to remove unauthorized credit inquiries and correct their predatory behavior is unacceptable.

Their response is a clear violation of FCRA 611, which mandates that furnishers of information to credit bureaus investigate and correct errors. I am entitled to {$1000.00} per violation, and Chase must be held accountable for each unauthorized inquiry made on my credit file."
10733376,2024-11-08,Vehicle loan or lease,Managing the loan or lease,TOYOTA MOTOR CREDIT CORPORATION,CA,"on XX/XX/year>XXXX I reviewed my bank transactions and found that Toyota had withdrawn two identical payments of {$560.00}, even though I never requested or authorized two payments. Under the lease, Toyota is entitled to only one payment per month in the amount of {$560.00}. I called my bank, which informed me that these were external withdrawals. I was advised to call Toyota Financial, since they withdrew these funds. I called Toyota Financial, hoping this would be easily resolved. They denied there "" was a duplicate payment on their end. '' Effectively, they denied there were two payment and the agent was unhelpful and the call amounted to a waste of time. This a deceptive and shady business practice, and it clearly contravenes the lease terms. There is no question Toyota withdrew a second identical payment. Toyota had not right to withdraw two identical payments, leaving me without {$560.00} for an undetermined amount of time. Toyota should investigate and explain this. I have since de-linked my account and will not use Toyota 's bill pay system. Toyota will get my payment from my bank."
10752359,2024-11-12,Vehicle loan or lease,Managing the loan or lease,"Westlake Services, LLC",CA,I purchased the car in XX/XX/XXXX with a payment of XXXX  month. By XXXX XXXX I would have already paid off my loan. But unfortunately due to the pandemic I had to ask for XXXX different deferments that would put my XXXX payments till the end of the contact. Upon checking my balance to make a full payment to get my car title I come across that I still owe more than what I should be. I have paid off in full XXXX payments leaving me to pay the remaing XXXX outstanding payments. I have called the finance company and they cant give me a clear answer of the outstanding balance. Which it doesnt not add up. They keep hanging up the phone on me. This company is XXXX XXXX
10875354,2024-11-20,Vehicle loan or lease,Managing the loan or lease,Global Lending Services LLC,PA,Global lending services car Loan was initiated in 2021 for {$22000.00} three years later the company is telling me my loan is {$39000.00}. They charge {$11.00} dollars a day for late fee and Never abided if they put a payment to the end of the loan they are also adding on additional fees.
11000286,2024-12-02,Vehicle loan or lease,Repossession,TD BANK US HOLDING COMPANY,GA,"My vehicle was repossessed on XX/XX/year>. On XX/XX/year>, I overnighted a cashier 's check for the full amount required to redeem the vehicle, as per your redemption terms. The payment has been received and processed, as confirmed by tracking number receipt, copy of cashier check. 

However, as of today, my vehicle has not been released, and I have not received any communication explaining the delay. I request that my vehicle be released immediately or that you provide a written explanation for the continued hold."
11060121,2024-12-06,Vehicle loan or lease,Incorrect information on your report,VW Credit,IL,"XXXX XXXX and XXXX XXXX XXXX XXXX XXXX XXXX XXXXXXXX XXXX XXXX last XXXX of XXXX XXXX XX/XX/XXXX RE : You Violated the United States Code Law ( TILA 15 U.S. Code 1666 ( b ) billing error ) Recently I checked my credit report and noticed multiple billing errors under 15 U.S. Code 1666 ( b ) biling error- ( 4 ) The creditor 's failure to reflect properly on a statement a payment made by the obligor or a credit issued to the obligor.

( 5 ) A computation error or similar error of an accounting nature of the creditor on a statement.

As i know the creditor didnt notify me 21 days before with a statement so there should be no late payments on this accounts. I demand to see hard solid proof from the creditor bank account that i didnt pay and was marked late because this clearly a billing error.

The items below should all be updated to paid as agreed on my consumer report.

( dispute_item_and_explanation ) As a consumer by law these accounts on this letter must be updated or deleted immediately or I will seek monetary compensation for violation of my rights in small claims court in my city and state under 15 USC 1681n civil liability because I've been violated. Also, we already involved and sent this letter to the Complaint portal for ( Consumer Financial Protection Bureau, State Attorney General 's Office, XXXX XXXX XXXX and Federal Trade Commission ). 
Sincerely, XXXX XXXX and XXXX XXXX"
11081031,2024-12-10,Vehicle loan or lease,Incorrect information on your report,TOYOTA MOTOR CREDIT CORPORATION,CO,I recently obtained a copy of my credit report and identified an inaccurate listing of a repossession. I firmly believe this information is incorrect and should be removed immediately based on 1681i. Procedure in case of disputed accuracy 1681e - Compliance procedures 1692g ( b ) Disputed debts - Validation of debts Enstruction : Please remove inaccurate late payment. Account paid as agreed
11150468,2024-12-13,Vehicle loan or lease,Problems at the end of the loan or lease,"Auto Trakk, LLC",PA,I feel they should be removed from my credit report. The information is being reported and accurately as my last payment was made in XX/XX/XXXX not XX/XX/year>! Theyve also never charged for excessive mileage wear or tear or damage. I am a past employee of the company and I feel this is a personal attack at me charging me for the excessive mileage and where tear and damage.
11456439,2025-01-09,Vehicle loan or lease,Struggling to pay your loan,ALLY FINANCIAL INC.,AR,"On XX/XX/XXXX, I made a payment on my Ally car loan. I incorrectly paid the wrong amount which means when the payment would post it would have me short and I would be considered late 30 days late so I called Ally to cancel the payment because I couldnt cancel it online so I could remake the correct amount. I was transferred four times back-and-forth to the same department that claimed it was another Depts job to remove. I did a stop payment took care of that issue, but in addition I need it help catching back up on the payments. I had a had a loss of income of XXXX a year to XXXX due to medical reasons this year has been financially and XXXX extremely rough. for an example, my XXXX father father lives XXXX miles away XXXX XXXX XXXX XXXX and hes in and out of the hospital and Ive had to go out and take care of him. My mother who got through XXXX XXXX to then be diagnosed with XXXX XXXX for that to be in XXXX is now came back and Ive had to be out there with her to help, myself XXXX and having to go XXXX XXXXXXXX, it was a very scary moment and Im traumatized from it to my engine, going up in the vehicle due to an oil pan being stripped {$8000.00} worth of work needing done and going without a car for two months, I was also impacted by the hurricane in XXXX when I was out there with my mom taking care of her in addition to my husband recently XXXX XXXX XXXX XXXX, not work related and was out of work for a month and now needing XXXX XXXX, co-pays, and other medical bills pilling up, I asked to speak to a supervisor and since XX/XX/XXXX I have requested a supervisor to call me three different times and no ones called me. XXXX I applied for an extension and got XXXX. They said you cant have more than three extensions in one year. Im not quite sure why they would have me go through the extension process if I had already had three if they were just gon na deny me so we try to do a modification to lower the payment. I got denied on that because the system denied me that was the reason,XXXX I asked for any other help with this account something to get back on track so it doesnt get repossessed because at that point I wont be able to ever catch back up. 
They refuse to give me any solutions or any assistance and again no Supervisor, The car is gon na be two payments behind. my mother had cosign for this car loan and now her credits gon na be ruined. This is not fair. She has XXXX and its came back. Please understand that Im writing this letter because I dont want this to escalate. My only resolution is I just wanted Ally to work with me and once the car gets repossessed because they refuse to work with me, then Im responsible for the remaining amount of this vehicle and then my credits ruined as well as my moms.Im just trying to get back on my feet."
11600863,2025-01-21,Vehicle loan or lease,Managing the loan or lease,ALLY FINANCIAL INC.,NY,I purchased a vehicle in XXXX and financed it through ally financial with the dealership. In XXXX the bank seemed to disappear and closed the loan on my credit. They then stated I filed bankruptcy in which I did not. I tried for XXXX years with an attorney to get information but unfortunately didnt succeed. This loan was closed on my credit in XXXX and I disputed this with the credit agencies stating this loan was open and I was making timely payments. Eventually I had no access to anything and wasnt able to even make my payments anymore. I have not received anything from this company since XXXX. XX/XX/XXXX my vehicle was then taken with no documentation. When I call ally it goes to another country only and when you ask where they are located they then go silent or hang up. Its usually in the past been the XXXX. This he caused much damage and continues to now cause me legal damage. This bank has no location in the XXXX and this is a big scam.
11739239,2025-01-23,Vehicle loan or lease,Repossession,Bridgecrest Acceptance Corporation,TX,Company threatening to repossess a totaled vehicle not only that extra high interest so my payments dont go to principle I think the loan needs to reaccessed and forgiven and to be wiped of my credit report that are actually being sued at this moment for inaccurate reporting as I feel I am being taken advantage of.
11830363,2025-01-29,Vehicle loan or lease,Improper use of your report,CL Holdings LLC,TX,Jefferson Capital Systems LLC {$9800.00} - XXXX XXXX
11896368,2025-02-02,Vehicle loan or lease,Getting a loan or lease,CREDIT ACCEPTANCE CORPORATION,NY,"A Auto Loan Was Taken Out, Without My Consent An Permission An I want know how was this even possible an wouldnt the person have to be present to do so because its showing on my credit I owe {$20000.00} To Credit ACPT When I Never Took Out A AutoLoan An it Is Preventing Me To move Forward In life"
12150908,2025-02-20,Vehicle loan or lease,Problems at the end of the loan or lease,BMO BANK NATIONAL ASSOCIATION,WA,XXXX due paid XXXX XX/XX/XXXX. I have requested written commination only. Emails have been unresponsive for almost 2 months. I have received email responses from the email address used in the past. CA XXXX still shows a lien on the title. I have received a bill for {$0.00} due and a balance of {$0.00} on XXXX XX/XX/XXXX. I have received no resolution directions or any response at all.
12161739,2025-02-22,Vehicle loan or lease,Repossession,"SANTANDER HOLDINGS USA, INC.",MI,Spoke to someone on XX/XX/year> about my car loan. They gave me 30 days to make the payments before repossession. I was in the hospital dealing with a XXXX and was unable to communicate or call. Today the car was repossessed and now the car loan company will not take any payments. They are refusing my payments and will not release the car. I have offered to pay XXXX right now and they refused the money which is not allowing me to get the car
12162518,2025-02-22,Vehicle loan or lease,Repossession,"Westlake Services, LLC",NC,"On XXXX, 2024, I called to request a payment arrangement to Westlake Portfolio. First, they told me that the date was too far out which it was 8 days from the date I was willing to pay. Then I was told by representative to call back the following week XXXX asked did they want my card information to have on file to have them take out money the following week. They told me that it was not necessary. A week later, the vehicle was repossessed before the week was up for them to call back with a date to make a payment. 

When the car was repossessed, I was told that I had up to XXXX to come up with the money to take pay in XXXX NC. After the ten day period, they would move the vehicle to an auction place in XXXX. I have a week to come up with that before moving car to another place or sell the vehicle. 
After the week period, when I had the money, I had to travel to XXXXXXXX XXXX which I had to ride an XXXX and paid almost {$200.00} to get car back. When I got to the place, my tires was flat and my tag was not in vehicle. I then had to travel to XXXX, NC to retrieve all my belongings. I paid a total of {$1200.00} includes XXXX rides to XXXX, NC and XXXX NC. This was the most frustrating experiences ever. When I called to see if there were any options to have vehicle to closer location, they would not help in any way."
12746592,2025-03-31,Vehicle loan or lease,Credit monitoring or identity theft protection services,"Westlake Services, LLC",FL,"Dear CFPB I`m to formally file a complaint against Westlake financial services for failing to issue form 1099-C after reporting a CHARGE-OFF on my personal credit report. 

On XXXX XXXX, Westlake financial services reported a Charge- Off on my credit history related to an account under my name. According to the Internal Revenue Service ( IRS ) regulations, when a financial entity cancels a debt of {$600.00} o more, it is obligated to issue form 1099-C to the debtor, informing them of the canceled debt amount, To date, I have not received this form from Westlake financial services .

I have attempted to contact Westlake financial services to resolve this matter but have not received a satisfactory response. I am attaching copies of my credit report reflecting the Charge- Off and any relevant correspondence with Westlake financial services .

I request that the CFPB Investigate this situation and take the necessary measures to ensure that Westlake financial services fulfills its legal obligations and issues the corresponding form 1099-C. 

I appreciate your attention and prompt response to this matter. 

sincerely. 

XXXX XXXX XXXX XXXX XXXX XXXX XXXX, XXXX, Fl XXXX XXXX XXXX XXXX"
12855700,2025-04-08,Vehicle loan or lease,Incorrect information on your report,ALLY FINANCIAL INC.,FL,On XX/XX/XXXX my car loan was paid in full by XXXXXXXX XXXX XXXX  I received an email saying my account was paid in full and I would receive a letter in the mail of my account being paid off. I never received the letter but when I access my online account I am unable to make any payments as it says my account was already paid off. I submitted a dispute via XXXX  and it was denied.
12901704,2025-04-09,Vehicle loan or lease,Problems at the end of the loan or lease,ALLY FINANCIAL INC.,MI,I leased a XXXX XXXX thru Ally Financial in XXXX  made all my payments on time and of the amount owed to complete the entire lease. When I turned in the vehicle they said that I owed them {$600.00} in excessive wear and tear. I had one flood light drivers side that did break which I agreed to pay ( it normally costs about {$50.00} ) I said that I would pay {$100.00} when I spoke to one of the representatives from Ally They stated that my car was going up for auction and to wait due to they should be able to get the fees from the auction. How can you not get $ XXXX {$600.00} from a car auction? They are attempting to collect {$600.00} I have been in communication with them and collection office in regards to this. They are stating to me that they are charging me the extra due to the next lease I got was not financed thru them. Which I am not able to pick whom the next dealership uses to finance. I feel that they are trying to scam and rip people off. Now they just charged off account and effected my credit score.
12965405,2025-04-13,Vehicle loan or lease,Repossession,"TRANSUNION INTERMEDIATE HOLDINGS, INC.",CA,XXXX XXXX repossessed a car and is still trying to collect the original sale price for the car without an accounting of sale proceeds.
12979105,2025-04-14,Vehicle loan or lease,Managing the loan or lease,"Westlake Services, LLC",CA,I paid off my loan with company wilshire consumer credit early XXXX. I've been calling them regarding my title and when I should expect to receive it. At first they would say there was hold cause I paid loan in big amount then they said 2 weeks. Then 30 days. Then 60. Every time I call date information changes regarding expected day I should get my title loan. No clear date is given. I've asked to speak to supervisor and I have gotten no call back. No email. Nothing.
13360799,2025-05-06,Vehicle loan or lease,Managing the loan or lease,ALLY FINANCIAL INC.,FL,"I am filing this complaint against Ally Financial due to their refusal to issue a warranty refund that I am clearly entitled to. After canceling my vehicle service contract, a refund check was issued and, according to my records, it was endorsed and cashed by Ally Financial. However, despite this, the company now claims they never received or cashed the check and state they have no proof of it. 

I have made multiple attempts to resolve this directly by providing the information regarding the check being cashed, yet they continue to deflect responsibility. Ally Financial has failed to investigate this properly or provide any clear explanation or resolution. This has caused unnecessary delays and financial inconvenience."
13913313,2025-06-05,Vehicle loan or lease,Problems at the end of the loan or lease,VW Credit,AP,"I am an XXXX XXXX member in the XXXX XXXX XXXX and I received XXXX XXXX XXXX XXXX XXXX XXXX  ) orders to transfer overseas to XXXX. In accordance with the XXXX XXXX XXXX XXXX XXXX XXXX  ), I submitted a formal request to terminate my vehicle lease with XXXX XXXX XXXX, along with a copy of my official XXXX orders. 

Despite meeting the requirements outlined in the XXXX, the dealership has continued to charge me fees for early termination of the lease. I submitted my termination request in XX/XX/year>, and returned the vehicle shortly afterward. XXXX was informed in writing that I was relocating due to XXXX  orders and that the XXXX legally protects me from lease termination penalties under these circumstances. 

As of XX/XX/year>, I have been billed a total of {$2100.00}, which includes charges I believe violate my rights under the XXXX. I have attempted to resolve the issue directly with XXXX, but they have not reversed the charges or acknowledged the protections I am entitled to under federal law. 

I am requesting that the CFPB investigate this matter and assist in ensuring that the dealership complies with the XXXX XXXX XXXX XXXX, removes any unlawful charges, and ceases further attempts to collect on this matter."
13978307,2025-06-09,Vehicle loan or lease,Repossession,"CarMax, Inc.",VA,"Carmax Auto Finance XXXX. XXXX XXXX, XXXX, GA XXXX Subject : Request for Pay-for-Deletion Agreement Account # [ XXXX ] To Whom It May Concern, I am writing regarding the repossession of my vehicle and the outstanding balance on my account : Carmax Auto Finance : Carmax Account Number : [ XXXX ] Amount Owed : {$6100.00} I would like to resolve this matter in a way that benefits both parties. I am willing to pay {$2500.00} as a settlement payment in exchange for the complete removal of this repossession from my credit reports with XXXX XXXX XXXX XXXX 



If you agree to these terms, please provide a written agreement on company letterhead stating that, upon receipt of the agreed payment, this account will be permanently deleted from my credit report. 



Please note that this letter does not acknowledge ownership of the debt but is an attempt to reach a resolution. Once I receive written confirmation of the agreement, I will promptly submit the payment as agreed.

You may contact me in writing at the above address or via phone/email. I appreciate your cooperation and look forward to resolving this matter."
14003553,2025-06-10,Vehicle loan or lease,Managing the loan or lease,UNITED SERVICES AUTOMOBILE ASSOCIATION,GA,"I submitted a certified debt validation request to USAA on XX/XX/2025, regarding an alleged XXXXXXXX XXXX account. USAA received the request on XX/XX/2025, but has not provided proper documentation to validate the debt. 

Instead of providing a signed contract, complete account history, or proof of lawful authority to collect or report the debt, USAA provided no actual documentation that does not meet validation requirements under the FDCPA, TILA, or UCC.

Despite this, USAA continues to report the account to the credit bureaus and accrue interest and charges. This behavior violates consumer protection standards and poses a potential risk to my credit profile. 

I am requesting that the CFPB investigate and require USAA to either fully validate the debt or cease all reporting and collection activity related to this account."
14211748,2025-06-23,Vehicle loan or lease,Managing the loan or lease,Driveway Finance Corporation,FL,"I have been unable to access my account through their platform, driveway.com, and more importantly, I have noticed that automatic payments have been withdrawn from my bank account but have not been properly applied to my loan balance since XX/XX/XXXX. I have had automatic payments set up since the end of last year in the good faith that they would be applied correctly and in a timely manner. This has led to my account falsely being escalated to collections. To try and help resolve this matter, I have physically mailed copies of my bank statements as of Wednesday, XX/XX/XXXX as proof of payment. In addition, I have reached out multiple times via both email and phone call, but I have yet to receive a clear resolution or follow-up. Here is a time line of my correspondence : XX/XX/XXXX : First time I reached out about issues with accessing my loan. I was falsely told an I.T ticket would be submitted. 

XX/XX/XXXX : Reached out again re : no access to loan. Told an I.T. Ticket would be submitted. No ticket was submitted. 

XX/XX/XXXX : Reached out. I.T ticket was finally submitted, I received verbal confirmation on this during my call on Tuesday. 

XX/XX/XXXX : Reached out, was old the original I.T ticket submitter was not in office, person I spoke with was unable to assist me at all. I submitted a complaint through the XXXX XXXX XXXX in hopes of a response. 

XX/XX/XXXX : I sent out an email to multiple support email addresses through your company with no response. 

XX/XX/XXXX : Received statement in mail where it stated that my payments for XXXX and XXXX were not applied to my bills for those months. Spoke with gentleman who said the only I.T ticket for my account was submitted on the XXXX. I was told that I would receive a call from the person who submitted it when she came in later in the day, I did not receive a call or a voicemail. Sent out another mass email to support. 

XX/XX/XXXX : Left review on XXXX RE : the issues I've been having in order to receive a response. Received a stock response later in the day through the XXXX XXXX XXXX  via email. I received no communication from Driveway directly. 

XX/XX/XXXX : I submitted a complaint to the Oregon Department of Justice, they also did not receive a response. 

XX/XX/XXXX : Sent another email to all known email addresses for the company. XXXX, XXXX, XXXX, XXXX, XXXX. This same day I received a stock response to my XXXX  complaint, and I declined the response as it was re : how to make payments, not offering assistance to access my loan or correct my payments."
14223138,2025-06-21,Vehicle loan or lease,Getting a loan or lease,CREDIT ACCEPTANCE CORPORATION,GA,"I am filing this complaint against XXXX & XXXX XXXX XXXX XXXX ( used car dealer ) and Credit Acceptance Corporation ( auto lender ). 

On XX/XX/year>, I was provided with an approval letter from the dealer, using Credit Acceptances branding and stating Youre Approved. However, the letter also stated that my approval was coming from XXXX & XXXX XXXX XXXX XXXX, not from Credit Acceptance Corporation. 

No Retail Installment Sales Contract ( RISC ) or TILA-compliant disclosures were provided at the time of this approval letter. The dealer presented this letter as if it were final loan approval, creating a false and deceptive impression of credit approval from a third-party lender. 

Additionally, the transaction included lumped fees without proper itemization, and the dealers actions appear designed to mislead consumers into signing agreements without full federal disclosures. 

Furthermore, this dealership and credit acceptance appears to be intentionally targeting low-income individuals with predatory lending tactics, exploiting vulnerable consumers through deceptive and unfair financing practices. This is a form of discriminatory lending that disproportionately harms economically disadvantaged populations."
14313632,2025-06-26,Vehicle loan or lease,Repossession,"Westlake Services, LLC",TX,"On XX/XX/year>, I submitted full payment to Westlake Financial to start release process of my vehicle. That same day, I called to confirm, and an agent verified the payment had been received. Later that day, I called again to ask if any documents were needed. The agent told me no further documents were required. I followed all instructions provided. 

Despite this, my vehicle was not released. On XX/XX/XXXX, a second payment was withdrawn from my account, which made my account fully current but I still did not get my vehicle back. 

I called Westlake Financial daily from XX/XX/XXXX through XX/XX/XXXX and until now XX/XX/XXXX. Most calls ended in long hold times and disconnections. On XX/XX/XXXX, I finally spoke with a supervisor who said the vehicle could be picked up within the hour from Hide and Seek Recovery ( the third-party company that repossessed the vehicle ). However, by that time, they were closed. 

On the morning of XX/XX/XXXX, I called Westlake to confirm the release documents had been sent. I was told yes, everything was cleared. I then cXXXX XXXX XXXX XXXX XXXXXXXX, who said they had not received anything. I called Westlake again, and they said to wait XXXX minutes. But when I called XXXX XXXX XXXX XXXX XXXX I was informed that XXXX had already removed the vehicle from XXXX XXXX XXXX XXXX XXXX XXXX XXXX XXXXat same morning and transferred it to XXXX XXXX. 

This violated Westlakes own written agreement stating the car would not be moved or auctioned before XX/XX/XXXX - and this was in case payment was not received ; XXXX payments were sent to them within the same week. First payment was sent within XXXX minutes of vehicle being pickup by XXXX XXXX XXXX XXXX. I was never informed that the vehicle had already been moved, and Westlake agents gave me false and conflicting information throughout the process. 

I finally received my vehicle back on XX/XX/XXXX, but it had been : Damaged ( broken rearview mirror and loose wires ) Completely cleaned out Missing my license plates Missing all personal property, including my childrens car seats ( only the cut straps remained ), speaker system, electronics, handbags, cosmetics, and other valuables. 

The vehicle was returned unsafe and illegal to drive, yet Westlake continued to charge me as if it were fully functional. Ive made repeated calls, but have been hung up on, placed on long holds, and no one has taken responsibility.

Ive filed complaints with the Texas DMV, the XXXX, and now CFPB due to unlawful handling of my vehicle, lost property, and ongoing billing for a car I could not use."
14339495,2025-06-27,Vehicle loan or lease,Managing the loan or lease,CAPITAL ONE FINANCIAL CORPORATION,CA,"Hello, I am writing to request your immediate assistance with a critical issue regarding the lack of documentation for a refund due on my recently paid-off auto loan. 

My vehicle loan was recently paid in full after the vehicle was repurchased by the dealership, XXXX. Per their instructions, and to ensure my credit standing remained pristine, I submitted a final payment to cover the period while the dealership 's check was being processed. This resulted in an overpayment on the account. 

While my account portal correctly reflects a XXXX balance, my primary concern is the complete absence of any written documentation regarding my refund. I have contacted Capital One customer service multiple times and have only received verbal assurances that a refund is "" in the system '' and should be issued in early XX/XX/year>. 

My requests for any form of written proofbe it an email or a formal letterhave been repeatedly denied. I have been told that a verbal confirmation is all that is needed. For a financial institution of Capital One 's stature, this is unacceptable and falls far short of standard business practice. Without documentation, I have no formal proof that Capital One has acknowledged the overpayment and is processing my refund. 

I am formally requesting written confirmation of the following : XXXX. Acknowledgement of the overpayment and the exact amount of the refund due to me. 
XXXX. A confirmation or reference number for the refund processing. 
XXXX. The expected date and method of the refund disbursement. 

A simple, documented confirmation via email or a letter sent to my physical address on file would immediately resolve this issue and provide the necessary assurance that this matter is being handled correctly. 

I have been a responsible customer, and I am simply asking for the same level of professionalism and accountability from my financial partner. I look forward to a prompt resolution. 

Thank you for your attention to this matter. 

Sincerely, XXXX"
